id,drug_name,drug_class,food_or_nutrient,severity,mechanism_vi,recommendation_vi,source_ref,verify_status
1,Warfarin,chống đông kháng vitamin K,vitamin K (rau lá xanh đậm),high,"Vitamin K đối kháng tác dụng chống đông, làm giảm hiệu quả thuốc và thay đổi INR","Không kiêng tuyệt đối. Giữ lượng rau lá xanh ỔN ĐỊNH mỗi ngày, tránh tăng giảm đột ngột. Báo bác sĩ nếu thay đổi chế độ ăn","Dược thư Quốc gia Việt Nam 2022 (QĐ 3445/QĐ-BYT), chuyên luận Warfarin [R2 CHỐT 2026-08-18: đối chiếu độc lập qua trungtamthuoc.com (Dược thư QGVN 2022) và y văn quốc tế (FDA/StatPearls/PMC nếu có) — cơ chế và khuyến nghị khớp, không phát hiện lỗi gán nhầm chuyên luận kiểu DAT-21.]",verified
2,Warfarin,chống đông kháng vitamin K,rau ngót,high,Rau ngót giàu vitamin K,"Giữ lượng ổn định, không ăn tăng vọt trong tuần","DAT-21 (sửa 2026-08-12, nguồn cũ gán nhầm chuyên luận Warfarin cho hàm lượng vitamin K của rau ngót — Dược thư không liệt kê tên rau cụ thể). Cơ chế đối kháng: Dược thư Quốc gia Việt Nam 2022 (QĐ 3445/QĐ-BYT), chuyên luận Warfarin. Hàm lượng vitamin K cao ở rau ngót (Sauropus androgynus): xác nhận định tính qua y văn tương tác warfarin-thực phẩm (nghiên cứu tổng quan ""Warfarin drug interaction with vitamin K and other foodstuffs"", ResearchGate/PMC) — CHƯA có số liệu mcg định lượng theo USDA cho loài rau này, không suy diễn con số [Tra lại 2026-08-15 theo yêu cầu R2 'tìm thêm nguồn khoa học khác': 4 lượt tìm (Anh + Việt), PubMed và Scholar Gateway đều không kết nối được. KHÔNG tìm thấy giá trị phylloquinone định lượng nào cho Sauropus androgynus ở nguồn truy cập được — USDA FoodData Central không có loài này, Bảng thành phần thực phẩm VN (mã 4086) để TRỐNG ô vitamin K, TKPI Indonesia cũng không có. Kết luận trùng với lần tra 2026-08-12: giữ nguyên mức ĐỊNH TÍNH, không suy diễn con số. Cảnh báo cho bệnh nhân vẫn đúng vì cơ chế đối kháng lấy từ Dược thư, không phụ thuộc con số. Lưu ý chất lượng nguồn thứ cấp: một trang tra được còn dịch nhầm 'rau ngót' thành 'water spinach' (thực ra là rau muống).]",verified
3,Warfarin,chống đông kháng vitamin K,cải bắp,high,Giàu vitamin K,Giữ lượng ổn định,"DAT-21 (sửa 2026-08-12, nguồn cũ gán nhầm chuyên luận Warfarin cho hàm lượng vitamin K của cải bắp). Cơ chế đối kháng: Dược thư Quốc gia Việt Nam 2022 (QĐ 3445/QĐ-BYT), chuyên luận Warfarin. Hàm lượng vitamin K: USDA FoodData Central, Cabbage raw ~76 mcg vitamin K/100g (fdc.nal.usda.gov)",verified
4,Warfarin,chống đông kháng vitamin K,súp lơ xanh,high,Giàu vitamin K,Giữ lượng ổn định,"DAT-21 (sửa 2026-08-12, nguồn cũ gán nhầm chuyên luận Warfarin cho hàm lượng vitamin K của súp lơ xanh). Cơ chế đối kháng: Dược thư Quốc gia Việt Nam 2022 (QĐ 3445/QĐ-BYT), chuyên luận Warfarin. Hàm lượng vitamin K: USDA FoodData Central, Broccoli raw ~102 mcg vitamin K/100g (fdc.nal.usda.gov) [R2 CHỐT 2026-08-18: đối chiếu độc lập qua trungtamthuoc.com (Dược thư QGVN 2022) và y văn quốc tế (FDA/StatPearls/PMC nếu có) — cơ chế và khuyến nghị khớp, không phát hiện lỗi gán nhầm chuyên luận kiểu DAT-21.]",verified
5,Warfarin,chống đông kháng vitamin K,rượu bia,high,"Rượu ảnh hưởng HAI CHIỀU tới chuyển hoá warfarin: uống rượu cấp/liều lớn ức chế chuyển hoá ở gan → tăng INR, tăng nguy cơ chảy máu; ngược lại uống rượu mạn tính, liều cao kéo dài lại cảm ứng enzym gan → giảm tác dụng thuốc. Rượu ở mức ít-vừa, đều đặn không gây thay đổi rõ rệt.","Không bắt buộc kiêng tuyệt đối. Tránh uống nhiều/uống say (rủi ro chảy máu tăng đột ngột do ức chế chuyển hoá cấp tính). Nếu uống, giữ lượng ít-vừa và ĐỀU ĐẶN (không tăng giảm thất thường — cùng nguyên tắc với vitamin K). Báo bác sĩ nếu thay đổi thói quen uống rượu để theo dõi lại INR.","Dược thư Quốc gia Việt Nam 2022 (QĐ 3445/QĐ-BYT), chuyên luận Warfarin. [R2 CHỐT 2026-08-18: viết lại cho đúng sắc thái sau đối chiếu độc lập — khuyến nghị cũ 'Tránh rượu bia' đơn giản hoá quá mức. Thực tế rượu cấp/liều lớn ỨC CHẾ chuyển hoá (tăng INR, đúng hướng cảnh báo cũ), nhưng rượu mạn tính lại CẢM ỨNG chuyển hoá (hướng ngược lại) — nguồn đối chiếu gồm trang thông tin y tế dẫn Dược thư/khuyến cáo lâm sàng về liều ít-vừa có thể chấp nhận được. Đổi khuyến nghị sang tránh uống NHIỀU/uống say và giữ đều đặn, thay vì kiêng tuyệt đối.]",verified
6,Enalapril,ức chế men chuyển (ACEi),thực phẩm giàu kali,high,"ACEi làm giảm bài tiết kali, kết hợp thực phẩm giàu kali gây tăng kali máu","Hạn chế chuối, bơ, nước dừa, nước ép cà chua. Theo dõi kali máu","Dược thư Quốc gia Việt Nam 2022 (QĐ 3445/QĐ-BYT), chuyên luận Enalapril [R2 CHỐT 2026-08-18: đối chiếu độc lập qua trungtamthuoc.com (Dược thư QGVN 2022) và y văn quốc tế (FDA/StatPearls/PMC nếu có) — cơ chế và khuyến nghị khớp, không phát hiện lỗi gán nhầm chuyên luận kiểu DAT-21.]",verified
7,Enalapril,ức chế men chuyển (ACEi),muối thay thế chứa kali,high,"Muối thay thế thường là kali clorid, cộng dồn gây tăng kali máu nguy hiểm",Không dùng muối thay thế nếu chưa hỏi bác sĩ,"Dược thư Quốc gia Việt Nam 2022 (QĐ 3445/QĐ-BYT), chuyên luận Enalapril [R2 CHỐT 2026-08-18: đối chiếu độc lập qua trungtamthuoc.com (Dược thư QGVN 2022) và y văn quốc tế (FDA/StatPearls/PMC nếu có) — cơ chế và khuyến nghị khớp, không phát hiện lỗi gán nhầm chuyên luận kiểu DAT-21.]",verified
8,Losartan,chẹn thụ thể angiotensin (ARB),thực phẩm giàu kali,high,Cơ chế tương tự ACEi,"Hạn chế thực phẩm giàu kali, theo dõi điện giải","Dược thư Quốc gia VN 2022 (QĐ 3445/QĐ-BYT), chuyên luận Losartan, mục Tương tác thuốc: ""Các tác nhân làm tăng nồng độ kali huyết... khi phối hợp với losartan sẽ làm tăng nồng độ kali huyết"" (trungtamthuoc.com/hoat-chat/losartan) [R2 CHỐT 2026-08-18: đối chiếu độc lập qua trungtamthuoc.com (Dược thư QGVN 2022) và y văn quốc tế (FDA/StatPearls/PMC nếu có) — cơ chế và khuyến nghị khớp, không phát hiện lỗi gán nhầm chuyên luận kiểu DAT-21.]",verified
9,Atorvastatin,statin,bưởi,high,"Furanocoumarin trong bưởi ức chế CYP3A4 làm tăng nồng độ statin, tăng nguy cơ tiêu cơ vân",Tránh bưởi và nước ép bưởi trong thời gian dùng thuốc. Có thể thay bằng cam,"Dược thư Quốc gia Việt Nam 2022 (QĐ 3445/QĐ-BYT), chuyên luận Atorvastatin [R2 CHỐT 2026-08-18: đối chiếu độc lập qua trungtamthuoc.com (Dược thư QGVN 2022) và y văn quốc tế (FDA/StatPearls/PMC nếu có) — cơ chế và khuyến nghị khớp, không phát hiện lỗi gán nhầm chuyên luận kiểu DAT-21.]",verified
10,Simvastatin,statin,bưởi,high,Ức chế CYP3A4 - simvastatin nhạy cảm nhất trong nhóm statin,Tránh hoàn toàn bưởi và nước ép bưởi,"Dược thư Quốc gia VN 2022 (QĐ 3445/QĐ-BYT), chuyên luận Simvastatin, mục 11.2 Các tương tác khác: ""Nước ép Bưởi chùm chứa thành phần ức chế CYP3A4, có thể làm tăng nồng độ các thuốc chuyển hoá qua CYP3A4"" (trungtamthuoc.com/hoat-chat/simvastatin) [R2 CHỐT 2026-08-18: đối chiếu độc lập qua trungtamthuoc.com (Dược thư QGVN 2022) và y văn quốc tế (FDA/StatPearls/PMC nếu có) — cơ chế và khuyến nghị khớp, không phát hiện lỗi gán nhầm chuyên luận kiểu DAT-21.]",verified
11,Metformin,biguanide,rượu bia,high,Tăng nguy cơ nhiễm toan lactic và hạ đường huyết,"Tránh rượu bia, đặc biệt khi bụng đói","Dược thư Quốc gia VN 2022 (QĐ 3445/QĐ-BYT), chuyên luận Metformin, mục Tương tác thuốc: ""Tránh uống rượu (tỷ lệ nhiễm acid lactic có thể tăng; có thể gây hạ đường huyết)"" (trungtamthuoc.com/hoat-chat/metformin) [R2 CHỐT 2026-08-18: đối chiếu độc lập qua trungtamthuoc.com (Dược thư QGVN 2022) và y văn quốc tế (FDA/StatPearls/PMC nếu có) — cơ chế và khuyến nghị khớp, không phát hiện lỗi gán nhầm chuyên luận kiểu DAT-21.]",verified
12,Metformin,biguanide,vitamin B12,moderate,Dùng dài ngày làm giảm hấp thu vitamin B12,"Tăng thực phẩm giàu B12 (thịt, cá, trứng), kiểm tra B12 định kỳ","Dược thư Quốc gia VN 2022 (QĐ 3445/QĐ-BYT), chuyên luận Metformin: ""Khi dùng dài ngày có thể có nguy cơ giảm hấp thu vitamin B12"" (trungtamthuoc.com/hoat-chat/metformin) [R2 CHỐT 2026-08-18: đối chiếu độc lập qua trungtamthuoc.com/MedlinePlus/NIH ODS — khớp nội dung, xác nhận verified.]",verified
13,Levothyroxine,hormone tuyến giáp,canxi (sữa và chế phẩm),moderate,Canxi tạo phức làm giảm hấp thu thuốc,"Uống thuốc lúc đói, cách sữa/canxi ít nhất 4 giờ","MedlinePlus Drug Information (NIH), Levothyroxine: ""if you take calcium carbonate... take it at least 4 hours before or 4 hours after you take levothyroxine"" (medlineplus.gov/druginfo/meds/a682461.html) [R2 CHỐT 2026-08-18: đối chiếu độc lập qua trungtamthuoc.com/MedlinePlus/NIH ODS — khớp nội dung, xác nhận verified.]",verified
14,Levothyroxine,hormone tuyến giáp,đậu nành,moderate,Isoflavone làm giảm hấp thu,Cách xa thời điểm uống thuốc ít nhất 4 giờ,"Dược thư Quốc gia VN 2022 (QĐ 3445/QĐ-BYT), chuyên luận Levothyroxine: ""Một số thức ăn có thể làm giảm hấp thu levothyroxin như sữa đậu nành công thức, bột đậu nành..."" (trungtamthuoc.com/hoat-chat/levothyroxine) [R2 CHỐT 2026-08-18: đối chiếu độc lập qua trungtamthuoc.com/MedlinePlus/NIH ODS — khớp nội dung, xác nhận verified.]",verified
15,Levothyroxine,hormone tuyến giáp,cà phê,moderate,Giảm hấp thu thuốc,"Uống thuốc trước ăn sáng 30-60 phút, không uống cùng cà phê","DAT-21 (sửa 2026-08-12, tên đồng tác giả trích dẫn cũ sai). Benvenga S, Bartolone L, Pappalardo MA, et al. ""Altered Intestinal Absorption of L-Thyroxine Caused by Coffee."" Thyroid. 2008;18(3):293-301 (PMID 18341376) — cà phê espresso làm giảm hấp thu levothyroxine trung bình 36% khi uống cùng lúc",verified
16,Allopurinol,ức chế xanthine oxidase,rượu bia,high,"Rượu làm tăng acid uric, đối kháng tác dụng thuốc",Kiêng rượu bia,"DAT-21 (sửa 2026-08-12, nguồn cũ gán nhầm chuyên luận Allopurinol — chuyên luận Dược thư QGVN 2022 tr.180-182 KHÔNG có mục tương tác rượu; đây là tương tác SINH LÝ rượu/acid uric, không phải tương tác dược động học của allopurinol). Choi HK, Atkinson K, Karlson EW, Willett W, Curhan G. ""Alcohol intake and risk of incident gout in men: a prospective study."" Lancet. 2004;363(9417):1277-1281 (PMID 15094272); ACR 2020 Gout Guideline khuyến cáo hạn chế rượu trong điều trị gout",verified
17,Colchicine,điều trị gout cấp,bưởi,high,Ức chế CYP3A4 làm tăng độc tính colchicine,Tránh bưởi,"DAT-21 (sửa 2026-08-12, nguồn cũ gán nhầm chuyên luận Colchicine của Dược thư VN tr.512-514 — chuyên luận thật không nhắc bưởi cụ thể; severity nâng moderate→high vì colchicine có khoảng trị liệu hẹp). FDA Colchicine label (accessdata.fda.gov/drugsatfda_docs/label/2024/204820s006lbl.pdf): bưởi ức chế CYP3A4/P-gp vừa phải, tăng phơi nhiễm colchicine toàn thân, nguy cơ độc tính nghiêm trọng/đe doạ tính mạng; ca lâm sàng ngộ độc colchicine sau uống ~1L nước ép bưởi/ngày (Clinical Therapeutics 2012;34(10) — ScienceDirect S0149-2918(12)00488-2)",verified
18,Hydrochlorothiazide,lợi tiểu thiazide,kali,moderate,Thuốc làm mất kali qua nước tiểu,"Có thể cần tăng thực phẩm giàu kali - theo chỉ định bác sĩ, không tự bổ sung","Dược thư Quốc gia Việt Nam 2022 (QĐ 3445/QĐ-BYT), chuyên luận Hydrochlorothiazide [R2 CHỐT 2026-08-18: đối chiếu độc lập qua trungtamthuoc.com/MedlinePlus/NIH ODS — khớp nội dung, xác nhận verified.]",verified
19,Furosemide,lợi tiểu quai,kali,moderate,Mất kali và magie qua nước tiểu,"Theo dõi điện giải, bổ sung theo chỉ định","Dược thư Quốc gia VN 2022 (QĐ 3445/QĐ-BYT), chuyên luận Furosemide: ""mất cân bằng nước và điện giải bao gồm giảm kali huyết... Kiểm tra thường xuyên điện giải đồ"" (trungtamthuoc.com/hoat-chat/furosemide) [R2 CHỐT 2026-08-18: đối chiếu độc lập qua trungtamthuoc.com/MedlinePlus/NIH ODS — khớp nội dung, xác nhận verified.]",verified
20,Spironolactone,lợi tiểu giữ kali,thực phẩm giàu kali,high,"Thuốc giữ kali, cộng dồn gây tăng kali máu","Hạn chế chuối, nước dừa, muối thay thế","Dược thư Quốc gia VN 2022 (QĐ 3445/QĐ-BYT), chuyên luận Spironolactone: ""Tránh dùng các chế phẩm chứa nhiều kali (như muối thay thế, thực phẩm ít muối, chuối, các loại hạt)"" (trungtamthuoc.com/hoat-chat/spironolactone) [R2 CHỐT 2026-08-18: đối chiếu độc lập qua trungtamthuoc.com (Dược thư QGVN 2022) và y văn quốc tế (FDA/StatPearls/PMC nếu có) — cơ chế và khuyến nghị khớp, không phát hiện lỗi gán nhầm chuyên luận kiểu DAT-21.]",verified
21,Digoxin,glycoside tim,chất xơ liều cao,moderate,Chất xơ làm giảm hấp thu digoxin,Uống thuốc cách bữa nhiều chất xơ ít nhất 2 giờ,"Dược thư Quốc gia Việt Nam 2022 (QĐ 3445/QĐ-BYT), chuyên luận Digoxin [R2 CHỐT 2026-08-18: nhãn thuốc gốc Lanoxin (FDA) có ghi tương tác này, nhưng đối chiếu y văn cho thấy bằng chứng KHÔNG đồng nhất — 1 nghiên cứu đo giảm hấp thu 6-7% (Brown/Juhl 1976), 1 nghiên cứu khác (Woods 1979, PMID 445958) không thấy ảnh hưởng có ý nghĩa. Giữ severity moderate + khuyến nghị cách 2h là hợp lý (chi phí thấp, không hại), nhưng KHÔNG nên nâng severity — mức độ ảnh hưởng thật có thể nhỏ hơn văn bản gốc ngụ ý.]",verified
22,Digoxin,glycoside tim,cam thảo,high,"Cam thảo gây hạ kali máu, làm tăng độc tính digoxin",Tránh cam thảo và trà thảo mộc chứa cam thảo,"DAT-21 (sửa 2026-08-12, nguồn cũ gán nhầm chuyên luận Digoxin — đây là cơ chế dược lý của CAM THẢO, không phải tương tác ghi trong chuyên luận Digoxin). Glycyrrhizin/acid glycyrrhetinic ức chế 11-beta-HSD2 gây giả cường aldosteron (giữ natri, thải kali); hạ kali máu làm tăng nguy cơ ngộ độc digoxin — Frontiers in Nutrition 2021 (doi:10.3389/fnut.2021.719197) tổng quan giả cường aldosteron do cam thảo; ca lâm sàng ngộ độc digoxin do hạ kali máu vì cam thảo (PMC case reports) [R2 CHỐT 2026-08-18: đối chiếu độc lập qua trungtamthuoc.com (Dược thư QGVN 2022) và y văn quốc tế (FDA/StatPearls/PMC nếu có) — cơ chế và khuyến nghị khớp, không phát hiện lỗi gán nhầm chuyên luận kiểu DAT-21.]",verified
23,Amlodipine,chẹn kênh canxi,bưởi,low,"Ức chế CYP3A4 nhẹ làm tăng nồng độ thuốc (Cmax +15%, AUC +16%) nhưng KHÔNG gây thay đổi có ý nghĩa lâm sàng về huyết áp/nhịp tim","Không cần kiêng tuyệt đối; có thể dùng ở mức vừa phải, không cần thay đổi liều","DAT-21 (sửa 2026-08-12, severity hạ moderate→low theo bằng chứng định lượng — nguồn cũ ghi chung chung ""tăng nguy cơ tụt huyết áp"" nhưng dữ liệu thật cho thấy hiệu ứng PK nhỏ và KHÔNG có khác biệt HA/nhịp tim có ý nghĩa). Josefsson M, Zackrisson AL, Ahlner J. ""Effect of grapefruit juice on the pharmacokinetics of amlodipine in healthy volunteers."" Eur J Clin Pharmacol. 1996;51(2):189-193 (PMID 8911887)",verified
24,Ciprofloxacin,kháng sinh quinolone,canxi (sữa),moderate,Tạo phức chelate làm giảm hấp thu kháng sinh,Uống cách sữa và chế phẩm sữa ít nhất 2 giờ,"Dược thư Quốc gia Việt Nam 2022 (QĐ 3445/QĐ-BYT), chuyên luận Ciprofloxacin [R2 CHỐT 2026-08-18: đối chiếu độc lập qua trungtamthuoc.com/MedlinePlus/NIH ODS — khớp nội dung, xác nhận verified.]",verified
25,Tetracycline,kháng sinh tetracycline,canxi (sữa),moderate,Tạo phức chelate,Uống cách sữa ít nhất 2 giờ,"Dược thư Quốc gia VN 2022 (QĐ 3445/QĐ-BYT), chuyên luận Tetracycline: ""Hấp thu các tetracyclin giảm đáng kể (đến 70-80%) nếu dùng cùng sữa và sản phẩm từ sữa"" (trungtamthuoc.com/hoat-chat/tetracycline) [R2 CHỐT 2026-08-18: đối chiếu độc lập qua trungtamthuoc.com/MedlinePlus/NIH ODS — khớp nội dung, xác nhận verified.]",verified
26,Phenelzine,ức chế MAO (MAOI),tyramine (phô mai lâu năm; đồ lên men),high,Tyramine không bị chuyển hoá gây cơn tăng huyết áp kịch phát,"Kiêng phô mai lâu năm, mắm, tương lên men, bia thùng","StatPearls [NCBI Bookshelf, NIH], Phenelzine (NBK554508): ""Hypertensive crisis can occur... aged cheeses, pickled fish, beer and wine, liver, yeast extract, dry sausages..."" (ncbi.nlm.nih.gov/books/NBK554508/) [R2 CHỐT 2026-08-18: đối chiếu độc lập qua trungtamthuoc.com (Dược thư QGVN 2022) và y văn quốc tế (FDA/StatPearls/PMC nếu có) — cơ chế và khuyến nghị khớp, không phát hiện lỗi gán nhầm chuyên luận kiểu DAT-21.]",verified
27,Insulin,insulin,rượu bia,high,"Rượu ức chế tân tạo glucose ở gan, gây hạ đường huyết muộn","Tránh rượu, đặc biệt khi bụng đói","Dược thư Quốc gia Việt Nam 2022 (QĐ 3445/QĐ-BYT), chuyên luận Insulin [R2 CHỐT 2026-08-18: đối chiếu độc lập qua trungtamthuoc.com (Dược thư QGVN 2022) và y văn quốc tế (FDA/StatPearls/PMC nếu có) — cơ chế và khuyến nghị khớp, không phát hiện lỗi gán nhầm chuyên luận kiểu DAT-21.]",verified
28,Sulfonylurea (Gliclazide),sulfonylurea,rượu bia,high,Tăng nguy cơ hạ đường huyết,Tránh rượu bia,"Dược thư Quốc gia Việt Nam 2022 (QĐ 3445/QĐ-BYT), chuyên luận Gliclazid (DAT-21 sửa 2026-08-12 — Dược thư không có chuyên luận tên ""Sulfonylurea (Gliclazide)"", tên đúng là ""Gliclazid"")",verified
29,Sắt (viên bổ sung),khoáng chất bổ sung,trà và cà phê,moderate,Tannin và polyphenol ức chế hấp thu sắt,Uống cách trà/cà phê ít nhất 1 giờ; uống cùng vitamin C để tăng hấp thu,"NIH Office of Dietary Supplements, Iron — Health Professional Fact Sheet: tannin/polyphenol trong trà/cà phê ức chế hấp thu sắt non-heme; vitamin C tăng hấp thu (ods.od.nih.gov/factsheets/Iron-HealthProfessional/) [R2 CHỐT 2026-08-18: đối chiếu độc lập qua trungtamthuoc.com/MedlinePlus/NIH ODS — khớp nội dung, xác nhận verified.]",verified
30,Canxi (viên bổ sung),khoáng chất bổ sung,rau chân vịt (oxalat cao),low,"Oxalat và canxi tạo phức không tan trong ruột, làm giảm hấp thu canxi TỪ CHÍNH bữa ăn đó — nhưng đồng thời giảm hấp thu oxalat vào máu, hạ oxalat niệu (lợi ích phòng sỏi thận lớn hơn thiệt hại hấp thu canxi cận biên)","UỐNG CÙNG bữa có oxalat cao (KHÔNG tránh xa như khuyến nghị cũ — DAT-21 sửa 2026-08-12, khuyến nghị trước đây NGƯỢC bằng chứng). Uống canxi cùng bữa ăn giúp canxi gắn oxalat trong lòng ruột, giảm hấp thu oxalat và giảm oxalat niệu, qua đó giảm nguy cơ sỏi thận calci oxalat — không nên tách xa bữa ăn nếu mục tiêu là phòng sỏi thận",Kidney International 2015;87(4) 'Schedule of taking calcium supplement and the risk of nephrolithiasis' (kidney-international.org/article/S0085-2538(15)49916-8); NIH ODS Calcium — Health Professional Fact Sheet (ods.od.nih.gov/factsheets/Calcium-HealthProfessional/) cho cơ chế tạo phức oxalat-canxi,verified
