id,substance_a,substance_b,food_examples_vi,mechanism_vi,direction,effect_size_vi,clinical_significance,applies_to_condition,recommendation_vi,source_ref,pmid,verify_status
1,Polyphenol,Sắt non-heme,"trà đen, cà phê, cacao","Polyphenol tạo phức với sắt ở lòng ruột, cản trở hấp thu",decreases,"20-50 mg polyphenol/khẩu phần giảm hấp thu 50-70%; 100-400 mg giảm 60-90%; trà đen giảm 79-94%, cacao giảm 71%. Thêm sữa không thay đổi mức giảm",high,,"Uống trà/cà phê cách bữa ăn giàu sắt (đặc biệt sắt thực vật) ít nhất 1 giờ","Hurrell RF et al. 1999, Am J Clin Nutr 69(5):922-926",10999016,to_verify
2,Acid tannic (nhóm galloyl),Sắt non-heme,"trà, một số loại quả chát","Nhóm galloyl trong tannin gắn kết sắt; catechin đơn thuần KHÔNG ức chế",decreases,"Liều-đáp ứng rõ rệt: 5 mg tannic acid giảm hấp thu 20%; 25 mg giảm 67%; 100 mg giảm 88%",high,,"Tránh dùng trà đậm ngay sau bữa ăn giàu sắt","Brune M, Rossander L, Hallberg L. 1989, Eur J Clin Nutr 43(8):547-557",2598894,to_verify
3,Vitamin C,Sắt non-heme,"rau/quả giàu vitamin C ăn cùng bữa có sắt thực vật","Khử Fe3+ thành Fe2+ dễ hấp thu hơn, tạo phức chelate tan",increases,"30 mg vitamin C đủ khắc phục ức chế của phytate ở mức thường gặp; cần ≥50 mg khi bữa ăn có >100 mg tannic acid",high,,"Kết hợp rau/quả giàu vitamin C (ổi, cam, rau cải) trong bữa có nguồn sắt thực vật (đậu, rau lá)","Siegenberg D et al. 1991, Am J Clin Nutr 53(2):537-541",1989423,to_verify
4,Phytate (gạo),Sắt non-heme,"cơm, gạo là nguồn tinh bột chính của bữa ăn Việt","Phức phytate-sắt không tan, giảm sinh khả dụng",decreases,"Tăng phytate-P từ 30 lên 175 mg/khẩu phần gạo làm hấp thu sắt giảm từ 22.1% xuống 7.5% (giảm ~3 lần)",high,,"Ngâm/xát kỹ gạo giảm phytate; kết hợp rau giàu vitamin C trong cùng bữa cơm","Tuntawiroon M et al. 1990, Am J Clin Nutr 52(3):554-557",2401279,to_verify
5,Phytate,Magiê,"ngũ cốc nguyên hạt, các loại đậu","Ức chế hấp thu magiê phụ thuộc liều phytate",decreases,"Hấp thu magiê giảm từ 32.5% xuống 13.0% khi phytic acid tăng lên 1.49 mmol/khẩu phần",moderate,,"Đa dạng nguồn magiê, không phụ thuộc hoàn toàn vào ngũ cốc nguyên hạt/đậu trong 1 bữa","Bohn T et al. 2004, Am J Clin Nutr 79(3):418-423",14985216,to_verify
6,Canxi,"Sắt (heme và non-heme)","sữa/chế phẩm sữa dùng cùng bữa có thịt/rau giàu sắt","Canxi và sắt cạnh tranh cùng con đường vận chuyển ở ruột",decreases,"Chỉ có ý nghĩa ở liều canxi cao (≥800-1000mg/bữa): giảm hấp thu sắt non-heme 49.6% (≥1000mg), sắt heme 37.7% (800mg). Liều canxi thông thường trong bữa ăn không đủ gây ức chế đáng kể",moderate,,"Không cần tách sữa khỏi bữa ăn vì lý do hấp thu sắt trừ khi dùng viên canxi liều cao (≥800mg/lần)","Gaitán D et al. 2011, J Nutr 141(9):1652-1656",21795430,to_verify
7,Canxi (từ thức ăn),Oxalat,"rau chân vịt/măng ăn cùng nguồn canxi (sữa, đậu phụ) trong cùng bữa","Canxi gắn với oxalat NGAY TRONG RUỘT, giảm oxalat được hấp thu vào máu rồi thải qua thận",decreases,"Nhóm ăn canxi cao nhất (từ thực phẩm) có nguy cơ sỏi thận RR=0.65 so với nhóm thấp nhất; NGƯỢC LẠI, canxi dạng VIÊN uống bổ sung (thường xa bữa ăn) có RR=1.20 (tăng nguy cơ)",high,CKD,"Ăn thực phẩm giàu canxi CÙNG bữa có rau giàu oxalat (không tách riêng); nếu dùng viên canxi bổ sung, nên uống cùng bữa ăn thay vì lúc đói — cần hỏi bác sĩ/dược sĩ trước khi đổi cách dùng thuốc","Curhan GC et al. 1997, Ann Intern Med 126(7):497-504",9092314,to_verify
8,Fructose,Purine/acid uric,"nước ngọt có đường, nước ép trái cây công nghiệp","Chuyển hoá fructose tiêu tốn ATP nhanh, sản phẩm phụ làm tăng tổng hợp acid uric",increases,"Uống ≥2 lon nước ngọt/ngày: RR=1.85 so với <1 lon/tháng; nhóm ngũ phân vị tiêu thụ fructose cao nhất RR=2.02. Nước ngọt ăn kiêng (diet, không đường) KHÔNG làm tăng nguy cơ",high,GOUT,"Bệnh nhân gout nên hạn chế/bỏ nước ngọt có đường và nước ép trái cây công nghiệp; nước ngọt dùng chất tạo ngọt nhân tạo không phải mối lo tương tự","Choi JWJ, Ford ES, Choi HK. 2008, BMJ 336(7639):309-312",18244959,to_verify
9,"Rượu/bia (ethanol)",Purine/acid uric,"bia, rượu mạnh, rượu vang","Bia chứa guanosine (tiền chất purine); ethanol làm giảm đào thải acid uric qua thận",increases,"Uống ≥50g ethanol/ngày: RR=2.53; mỗi khẩu phần bia: RR=1.49; rượu mạnh: RR=1.15; RIÊNG rượu vang: RR=1.04 (KHÔNG tăng nguy cơ có ý nghĩa)",high,GOUT,"Bệnh nhân gout nên ưu tiên bỏ bia trước tiên nếu phải chọn; rượu vang mức độ vừa phải có bằng chứng ít liên quan hơn — vẫn cần hỏi bác sĩ do rượu ảnh hưởng nhiều bệnh đồng mắc khác","Choi HK, Atkinson K, Karlson EW, Curhan G. 2004, Lancet 363(9417):1277-1281",15094272,to_verify
