fdc_id,total_sugar_g,added_sugar_g
167516,4.3,
167517,4.41,
167518,4.5,
167519,5.04,
167520,18.13,
167521,26.31,
167522,22.02,
167524,13.1,
167526,24.9,
167527,18.1,
167528,17.0,
167529,2.35,
167530,9.37,
167531,10.41,
167532,5.0,
167533,6.12,
167534,22.05,
167535,2.66,
167536,9.0,
167537,0.27,
167540,57.58,
167541,49.16,
167542,28.57,
167546,62.68,
167547,23.74,
167549,0.46,
167550,0.72,
167551,45.36,
167552,53.19,
167553,0.63,
167555,2.21,
167556,38.8,
167558,0.78,
167559,2.59,
167560,3.03,
167562,48.34,
167564,48.0,
167565,45.9,
167566,56.32,
167569,62.36,
167570,38.3,
167571,59.0,
167572,22.12,
167573,20.65,
167574,22.78,
167575,21.22,
167576,18.69,
167577,24.32,
167578,73.36,
167579,79.77,
167580,71.0,
167582,54.0,
167584,72.25,
167585,24.71,
167587,51.5,
167590,2.98,
167591,0.8,
167592,49.0,
167593,49.43,
167594,1.03,
167595,0.83,
167596,0.86,
167597,8.36,
167598,11.3,
167599,9.81,
167600,4.2,
167601,4.06,
167604,0.91,
167605,1.16,
167606,12.9,
167607,0.0,
167627,0.19,
167628,1.81,
167629,3.36,
167636,0.99,
167637,0.51,
167638,0.0,
167639,0.0,
167640,6.46,
167641,0.0,
167642,0.0,
167643,0.0,
167644,0.0,
167645,0.0,
167646,0.0,
167647,0.0,
167648,0.0,
167652,0.0,
167654,0.0,
167655,1.54,
167656,1.79,
167657,1.84,
167658,2.39,
167659,0.55,
167660,1.84,
167661,1.3,
167662,1.2,
167663,1.45,
167664,7.42,
167665,1.3,
167666,0.78,
167668,0.56,
167669,0.86,
167671,2.83,
167672,0.85,
167674,8.18,
167675,11.6,
167676,3.03,
167677,2.63,
167678,2.93,
167679,13.6,
167680,1.82,
167681,0.0,
167682,0.0,
167683,8.52,
167684,5.65,
167685,0.0,
167686,37.7,
167687,23.6,
167688,73.4,
167689,47.15,
167690,12.02,
167691,0.0,
167692,3.6,
167693,25.92,
167694,0.0,
167695,0.85,
167696,0.85,
167697,5.3,
167698,0.0,
167699,7.44,
167700,10.3,
167701,57.81,
167702,0.0,
167703,2.6,
167704,2.0,
167705,0.85,
167706,29.41,
167707,0.0,
167708,3.28,
167709,0.0,
167710,0.0,
167711,8.68,
167712,0.0,
167713,0.0,
167714,17.16,
167716,3.0,
167717,1.6,
167718,7.28,
167719,0.0,
167720,1.18,
167721,20.61,
167722,1.24,
167723,0.0,
167724,0.55,
167725,22.0,
167726,11.74,
167727,8.33,
167728,3.22,
167729,10.5,
167730,5.3,
167731,1.35,
167732,11.36,
167733,14.66,
167734,35.1,
167735,1.23,
167736,0.3,
167737,0.0,
167738,37.75,
167739,24.53,
167740,0.7,
167741,2.9,
167742,0.0,
167743,73.2,
167744,0.0,
167745,0.0,
167746,2.5,
167747,2.52,
167748,1.53,
167749,4.17,
167751,24.98,
167753,16.45,
167755,4.42,
167756,20.06,
167757,21.76,
167758,1.1,
167760,20.14,
167761,13.54,
167762,4.89,
167763,38.8,
167765,6.2,
167766,38.77,
167767,14.26,
167768,18.65,
167769,6.99,
167770,16.18,
167771,9.62,
167772,9.39,
167776,9.69,
167777,9.54,
167778,10.23,
167779,9.73,
167780,39.0,
167781,80.68,
167782,8.55,
167783,14.1,
167784,12.95,
167785,12.45,
167786,12.7,
167787,12.65,
167788,15.66,
167789,8.31,
167790,3.74,
167792,10.57,
167793,11.68,
167794,8.31,
167796,11.15,
167798,11.46,
167799,10.33,
167800,9.47,
167802,1.59,
167803,31.3,
167804,32.2,
167808,6.04,
167809,6.56,
167810,0.0,
167811,0.0,
167812,0.0,
167813,0.0,
167814,0.0,
167815,0.0,
167816,0.0,
167817,0.0,
167818,0.0,
167819,0.0,
167820,0.0,
167821,0.0,
167822,0.0,
167823,0.0,
167824,0.0,
167825,0.0,
167826,0.0,
167827,0.0,
167828,0.0,
167829,0.0,
167830,0.0,
167831,0.0,
167832,0.0,
167833,0.0,
167834,0.0,
167835,0.0,
167836,0.0,
167837,0.0,
167838,0.0,
167839,0.0,
167840,0.0,
167841,0.0,
167842,0.0,
167843,0.0,
167844,0.0,
167846,0.0,
167847,0.0,
167849,0.0,
167850,0.0,
167851,0.0,
167852,0.0,
167853,0.0,
167854,0.0,
167855,0.0,
167856,0.0,
167859,0.0,
167867,0.0,
167868,0.0,
167869,0.9,
167870,0.0,
167871,0.0,
167872,0.0,
167875,0.0,
167876,0.0,
167877,0.0,
167879,0.0,
167880,0.0,
167882,0.0,
167883,0.0,
167884,0.0,
167885,0.0,
167886,0.0,
167887,0.0,
167889,0.0,
167892,0.0,
167893,0.0,
167895,0.0,
167896,0.0,
167897,0.0,
167898,0.0,
167899,0.0,
167900,0.0,
167901,0.0,
167903,0.0,
167905,0.0,
167906,0.0,
167912,0.0,
167913,0.0,
167914,0.0,
167915,0.84,
167916,0.67,
167917,0.91,
167918,1.48,
167919,0.48,
167920,0.34,
167924,43.38,
167925,12.33,
167926,7.06,
167927,31.0,
167928,28.99,
167929,27.05,
167934,15.01,
167935,12.5,
167936,25.81,
167937,28.77,
167938,21.86,
167939,3.69,
167940,25.7,
167941,0.0,
167942,0.0,
167943,9.38,
167944,2.08,
167945,1.75,
167946,36.4,
167947,55.74,
167948,4.83,
167949,3.57,
167950,0.61,
167953,53.0,
167956,47.06,
167957,65.0,
167960,0.79,
167961,0.0,
167962,5.47,
167964,17.6,
167966,0.89,
167969,23.88,
167971,56.32,
167972,80.46,
167973,34.11,
167974,65.5,
167975,56.92,
167976,54.5,
167977,51.48,
167978,71.42,
167980,67.1,
167981,21.16,
167982,63.78,
167983,51.35,
167984,53.96,
167985,47.19,
167986,88.9,
167987,73.12,
167988,63.37,
167989,58.97,
167990,62.9,
167991,70.0,
167992,48.68,
167993,52.53,
167994,52.1,
167995,57.56,
167997,46.2,
167999,69.4,
168000,54.05,
168001,37.59,
168002,42.31,
168003,40.99,
168007,43.94,
168008,6.87,
168009,3.34,
168010,9.53,
168013,6.39,
168014,23.3,
168038,1.46,
168039,1.56,
168041,2.75,
168043,0.11,
168044,0.61,
168045,0.0,
168046,0.0,
168047,0.0,
168048,3.66,
168049,0.0,
168050,0.0,
168051,0.0,
168052,0.0,
168053,0.0,
168054,0.0,
168056,0.0,
168057,0.0,
168058,14.22,
168059,0.0,
168060,0.0,
168061,0.34,
168062,2.79,
168063,15.26,
168064,0.86,
168065,0.15,
168067,0.46,
168068,0.89,
168070,0.87,
168071,12.24,
168072,2.41,
168073,0.19,
168076,2.83,
168077,0.75,
168078,4.2,
168079,0.0,
168080,2.16,
168081,11.47,
168082,10.34,
168083,1.74,
168084,2.63,
168085,1.67,
168086,1.96,
168087,15.98,
168088,46.55,
168089,1.0,
168090,13.28,
168091,10.8,
168092,0.5,
168093,2.45,
168094,4.2,
168095,23.63,
168096,1.94,
168097,9.1,
168098,0.56,
168099,5.35,
168100,3.28,
168101,0.0,
168102,53.0,
168103,12.61,
168104,19.24,
168105,19.92,
168107,0.88,
168108,49.22,
168109,38.73,
168110,0.0,
168111,0.0,
168112,4.34,
168113,19.99,
168114,2.7,
168115,4.2,
168116,1.0,
168117,12.1,
168118,0.0,
168119,0.42,
168120,0.0,
168121,0.45,
168122,59.0,
168123,4.6,
168124,1.31,
168125,0.37,
168126,0.4,
168127,1.41,
168128,7.78,
168129,0.0,
168130,30.0,
168131,0.0,
168132,1.52,
168133,11.11,
168134,13.62,
168135,12.2,
168136,17.35,
168137,0.53,
168138,19.79,
168140,14.87,
168141,1.33,
168142,76.0,
168143,0.7,
168144,15.3,
168145,45.3,
168147,0.0,
168148,0.0,
168149,0.0,
168153,8.99,
168154,9.36,
168155,1.69,
168156,1.69,
168157,1.37,
168158,67.5,
168162,38.13,
168164,65.7,
168165,65.18,
168168,1.1,
168169,28.7,
168172,21.83,
168173,4.56,
168174,24.01,
168176,8.2,
168177,7.05,
168178,17.14,
168179,17.45,
168180,19.28,
168181,14.66,
168182,16.42,
168183,21.58,
168184,8.25,
168185,11.16,
168186,15.16,
168187,9.98,
168189,7.69,
168191,66.47,
168194,10.32,
168195,9.18,
168196,13.07,
168197,10.92,
168198,9.95,
168199,3.63,
168200,21.76,
168201,10.48,
168202,10.04,
168203,9.59,
168204,10.37,
168205,9.98,
168207,14.2,
168208,10.16,
168209,6.54,
168210,10.15,
168211,12.3,
168212,9.8,
168213,9.9,
168214,10.05,
168215,2.29,
168216,2.25,
168217,38.21,
168218,0.0,
168219,0.0,
168220,0.0,
168221,0.0,
168223,0.0,
168224,0.0,
168225,0.0,
168226,0.0,
168227,0.0,
168228,0.0,
168229,0.0,
168230,0.0,
168231,0.0,
168232,0.0,
168233,0.0,
168234,0.0,
168235,0.0,
168236,0.0,
168237,0.0,
168238,0.0,
168239,0.0,
168240,0.0,
168241,0.0,
168242,0.0,
168243,0.0,
168244,0.0,
168245,0.0,
168246,0.0,
168247,0.0,
168248,0.0,
168249,0.0,
168250,0.0,
168251,0.0,
168252,0.0,
168253,0.0,
168254,0.0,
168255,0.0,
168256,0.0,
168258,0.0,
168259,0.0,
168260,0.0,
168261,0.0,
168262,0.0,
168263,0.0,
168266,0.0,
168267,0.0,
168269,0.0,
168275,0.0,
168277,0.35,
168279,0.0,
168282,0.0,
168284,0.0,
168285,0.0,
168286,0.0,
168287,0.0,
168290,0.0,
168292,0.0,
168293,0.0,
168294,0.0,
168295,0.0,
168296,0.0,
168297,0.0,
168298,0.0,
168299,0.0,
168300,0.0,
168302,0.0,
168303,0.0,
168305,0.0,
168306,0.0,
168307,0.0,
168308,0.0,
168309,0.0,
168310,0.0,
168311,0.0,
168312,0.0,
168314,0.0,
168315,0.0,
168316,0.0,
168321,0.0,
168322,0.0,
168323,0.0,
168324,0.0,
168325,1.1,
168326,4.69,
168327,4.61,
168328,4.22,
168329,1.75,
168330,0.0,
168331,1.08,
168332,1.15,
168333,1.05,
168334,0.81,
168335,1.03,
168336,0.71,
168337,0.43,
168338,0.3,
168339,0.0,
168340,1.22,
168341,1.18,
168342,0.04,
168343,0.32,
168344,0.43,
168345,1.42,
168346,1.1,
168347,0.66,
168348,0.62,
168349,1.54,
168350,1.03,
168351,0.99,
168352,1.03,
168353,1.04,
168354,1.06,
168355,0.81,
168356,0.64,
168357,0.64,
168358,0.06,
168359,0.7,
168360,0.0,
168361,0.0,
168362,0.0,
168363,0.0,
168364,0.0,
168365,0.0,
168366,0.0,
168367,0.06,
168368,0.0,
168369,0.0,
168370,0.0,
168371,0.0,
168372,0.0,
168373,0.0,
168374,0.0,
168375,0.0,
168376,0.0,
168377,0.0,
168378,0.0,
168379,0.0,
168380,0.0,
168381,0.0,
168382,0.83,
168383,1.2,
168384,0.2,
168386,0.99,
168388,0.84,
168389,1.88,
168390,1.3,
168392,1.04,
168394,1.95,
168396,1.48,
168397,4.11,
168398,2.5,
168399,3.07,
168400,3.78,
168401,3.59,
168402,3.23,
168404,4.46,
168405,5.04,
168407,4.4,
168408,3.11,
168409,1.67,
168410,2.48,
168411,2.18,
168412,0.25,
168413,0.23,
168414,2.02,
168415,5.17,
168417,1.0,
168420,1.0,
168421,0.99,
168422,1.16,
168423,0.6,
168424,2.6,
168425,2.8,
168426,2.11,
168429,0.94,
168430,0.5,
168431,0.48,
168432,0.31,
168434,1.72,
168435,0.3,
168436,2.21,
168437,3.84,
168440,0.29,
168441,0.25,
168442,0.2,
168443,0.3,
168444,0.2,
168445,0.25,
168446,3.52,
168447,0.69,
168448,2.76,
168449,2.08,
168450,3.3,
168451,2.5,
168452,1.83,
168453,37.32,
168454,4.46,
168455,3.95,
168456,0.61,
168457,0.6,
168458,0.49,
168460,0.52,
168462,0.42,
168463,0.43,
168464,2.88,
168465,2.48,
168466,1.19,
168468,2.33,
168469,1.71,
168470,1.69,
168473,2.83,
168475,3.95,
168476,4.9,
168481,2.21,
168482,4.18,
168483,6.48,
168484,5.74,
168485,5.0,
168486,0.49,
168487,3.01,
168494,0.32,
168495,1.04,
168496,1.95,
168498,1.34,
168499,2.84,
168503,0.62,
168504,0.62,
168505,0.78,
168506,7.96,
168507,5.38,
168508,0.6,
168510,1.39,
168511,1.47,
168512,1.44,
168513,1.74,
168514,2.79,
168515,3.32,
168517,0.83,
168518,2.48,
168519,4.08,
168520,1.86,
168521,0.46,
168522,2.01,
168524,0.57,
168525,4.54,
168526,3.23,
168527,4.46,
168530,5.17,
168531,1.0,
168534,0.62,
168535,2.11,
168537,2.34,
168538,3.22,
168539,7.73,
168540,7.73,
168544,9.09,
168545,3.12,
168547,3.26,
168548,2.86,
168549,2.86,
168550,4.28,
168555,1.43,
168556,21.27,
168557,1.72,
168558,1.07,
168559,2.71,
168561,29.13,
168562,1.06,
168563,1.07,
168564,0.6,
168566,3.93,
168567,37.59,
168568,4.76,
168571,1.15,
168574,9.21,
168575,6.3,
168576,4.12,
168578,3.53,
168580,1.11,
168586,43.17,
168593,3.11,
168595,10.54,
168597,9.09,
168598,4.14,
168599,4.8,
168600,4.15,
168602,4.55,
168605,0.0,
168606,0.0,
168607,0.0,
168608,0.0,
168609,0.0,
168610,0.0,
168611,0.0,
168613,0.0,
168615,0.0,
168616,0.0,
168618,0.0,
168619,0.0,
168620,0.0,
168621,0.0,
168622,0.0,
168624,0.0,
168625,0.0,
168626,0.0,
168627,0.0,
168631,0.0,
168632,0.0,
168633,0.0,
168634,0.0,
168635,0.0,
168636,0.0,
168637,0.0,
168638,0.0,
168639,0.0,
168640,0.0,
168641,0.0,
168642,0.0,
168643,0.0,
168644,0.0,
168645,0.0,
168646,0.0,
168647,0.0,
168648,0.0,
168649,0.0,
168650,0.0,
168651,0.0,
168652,0.0,
168653,0.0,
168654,0.0,
168655,0.0,
168656,0.0,
168657,0.0,
168658,0.0,
168659,0.0,
168660,0.0,
168661,0.0,
168662,0.0,
168663,0.0,
168664,0.0,
168665,0.0,
168666,0.0,
168667,0.0,
168668,0.0,
168669,0.0,
168670,0.0,
168671,0.0,
168672,0.0,
168673,0.0,
168674,0.0,
168677,0.0,
168682,0.0,
168688,0.0,
168690,0.0,
168691,0.0,
168692,0.0,
168693,0.0,
168694,0.0,
168695,0.0,
168696,0.0,
168697,0.0,
168698,0.0,
168699,0.0,
168700,0.0,
168701,0.0,
168702,0.0,
168703,0.0,
168704,0.0,
168705,0.0,
168706,0.0,
168707,0.0,
168708,0.0,
168709,0.0,
168710,0.0,
168711,0.0,
168712,0.0,
168713,0.0,
168714,0.0,
168715,0.0,
168716,0.0,
168717,0.0,
168718,0.0,
168719,0.0,
168720,0.0,
168721,0.0,
168722,0.0,
168723,0.0,
168724,0.0,
168725,0.0,
168726,0.0,
168727,0.0,
168728,0.0,
168729,0.0,
168730,0.0,
168731,0.0,
168732,0.0,
168733,0.0,
168734,0.0,
168735,0.0,
168736,0.0,
168737,0.0,
168738,0.0,
168739,0.0,
168740,0.0,
168741,0.0,
168742,0.0,
168743,0.0,
168744,0.0,
168745,0.0,
168746,0.0,
168749,0.09,
168751,6.25,
168752,22.33,
168754,43.9,
168755,51.06,
168756,59.69,
168757,59.89,
168758,27.38,
168759,46.19,
168760,47.22,
168761,51.9,
168763,47.17,
168764,53.25,
168765,63.93,
168767,66.89,
168768,48.25,
168769,36.13,
168770,48.86,
168771,66.08,
168773,4.82,
168775,86.04,
168776,75.0,
168777,14.81,
168778,17.17,
168779,67.86,
168780,11.85,
168782,11.59,
168784,92.9,
168785,18.03,
168787,4.63,
168791,55.79,
168795,57.7,
168797,15.12,
168798,14.18,
168799,15.75,
168800,0.01,
168801,60.02,
168809,25.36,
168813,13.66,
168815,24.0,
168816,35.3,
168819,60.0,
168820,74.72,
168822,13.8,
168825,15.98,
168826,64.0,
168828,80.54,
168832,13.51,
168833,97.02,
168834,28.57,
168835,34.82,
168836,77.59,
168837,76.77,
168838,42.0,
168841,57.0,
168843,75.84,
168846,78.96,
168849,35.34,
168852,64.3,
168853,0.76,
168854,0.22,
168856,0.19,
168857,23.47,
168859,0.67,
168860,7.29,
168861,45.24,
168862,28.98,
168863,2.82,
168864,0.59,
168865,3.82,
168867,1.61,
168871,0.13,
168876,0.5,
168877,0.12,
168878,0.05,
168884,0.98,
168886,1.1,
168887,0.93,
168889,0.41,
168890,0.41,
168891,0.41,
168893,0.41,
168894,0.27,
168895,0.22,
168896,0.31,
168897,0.73,
168898,0.66,
168904,1.15,
168905,0.0,
168910,0.75,
168911,2.72,
168913,0.31,
168914,0.03,
168915,2.6,
168916,0.85,
168917,0.87,
168919,0.4,
168922,1.61,
168926,0.4,
168927,2.67,
168928,0.56,
168929,1.61,
168935,0.05,
168936,0.27,
168938,0.49,
168939,1.12,
168940,1.12,
168941,1.12,
168942,1.1,
168943,1.94,
168944,1.02,
168949,4.27,
168951,1.53,
168952,0.26,
168953,4.97,
168954,4.95,
168955,11.27,
168956,1.75,
168957,3.74,
168958,6.7,
168959,3.83,
168960,3.8,
168961,0.0,
168962,3.94,
168963,7.87,
168964,0.4,
168965,0.26,
168966,54.0,
168967,57.0,
168968,14.42,
168969,14.34,
168970,12.6,
168971,52.2,
168972,55.6,
168973,7.6,
168974,7.23,
168975,0.12,
168981,0.0,
168982,3.65,
168992,20.87,
168993,50.7,
168994,0.22,
168996,4.74,
168997,5.54,
168998,2.58,
168999,9.37,
169004,1.6,
169005,0.0,
169006,0.0,
169007,1.57,
169008,1.07,
169009,0.0,
169010,3.7,
169011,2.8,
169012,0.39,
169013,0.34,
169015,2.36,
169017,0.51,
169018,2.27,
169019,0.23,
169020,9.33,
169021,4.82,
169022,0.29,
169023,8.16,
169024,0.4,
169025,1.38,
169026,9.54,
169027,4.68,
169028,2.27,
169029,2.03,
169030,2.77,
169031,1.38,
169032,0.84,
169033,1.82,
169034,2.04,
169035,2.21,
169036,4.15,
169037,4.85,
169038,4.5,
169039,36.13,
169041,24.1,
169042,9.6,
169043,8.4,
169044,9.36,
169046,5.01,
169047,28.0,
169048,0.72,
169049,1.39,
169050,3.5,
169051,1.48,
169052,0.0,
169053,0.0,
169054,0.55,
169055,2.81,
169056,21.23,
169057,6.67,
169058,37.81,
169059,41.35,
169060,44.97,
169061,70.0,
169062,9.15,
169063,27.52,
169064,0.25,
169065,5.25,
169066,2.22,
169067,1.25,
169068,0.8,
169069,1.9,
169070,1.55,
169071,1.15,
169072,85.19,
169073,65.8,
169074,3.56,
169075,20.0,
169076,23.2,
169077,23.6,
169078,0.37,
169079,3.3,
169080,0.59,
169081,3.5,
169082,0.0,
169083,1.6,
169084,0.59,
169085,2.41,
169086,15.23,
169087,66.1,
169088,7.7,
169091,66.27,
169092,7.86,
169093,5.69,
169094,0.0,
169095,0.0,
169096,0.54,
169097,9.35,
169098,8.4,
169099,8.76,
169100,8.31,
169101,8.31,
169102,7.42,
169104,10.18,
169105,10.58,
169106,8.87,
169107,13.91,
169108,11.2,
169109,13.4,
169110,14.25,
169111,13.25,
169112,18.64,
169114,18.78,
169116,22.18,
169117,12.08,
169118,9.75,
169119,6.1,
169121,62.2,
169122,27.41,
169124,9.85,
169125,7.5,
169126,14.45,
169127,12.65,
169128,12.47,
169130,17.51,
169131,21.33,
169132,22.31,
169134,13.67,
169135,1.63,
169137,2.84,
169141,3.63,
169142,1.25,
169143,1.44,
169145,6.76,
169146,7.96,
169147,6.53,
169148,1.57,
169149,1.45,
169150,1.26,
169151,1.23,
169152,0.97,
169153,0.91,
169154,1.06,
169155,0.28,
169156,0.44,
169157,0.0,
169158,0.74,
169159,1.02,
169160,4.21,
169161,0.85,
169162,0.86,
169163,0.88,
169164,0.78,
169165,0.79,
169166,1.54,
169167,1.72,
169168,4.69,
169169,4.61,
169170,0.45,
169171,0.33,
169172,0.02,
169173,0.68,
169174,0.0,
169175,0.68,
169176,0.0,
169177,0.05,
169178,0.0,
169179,0.0,
169180,0.0,
169181,0.0,
169182,0.0,
169183,0.0,
169184,0.0,
169185,0.0,
169186,0.0,
169187,0.0,
169188,0.0,
169189,0.0,
169190,0.0,
169191,0.0,
169192,0.0,
169193,0.0,
169194,0.0,
169195,0.0,
169196,0.0,
169197,0.0,
169198,0.0,
169199,0.0,
169200,0.0,
169201,0.0,
169205,0.99,
169207,1.06,
169209,0.32,
169210,3.0,
169212,1.89,
169214,4.44,
169215,3.23,
169216,5.59,
169217,3.36,
169220,3.0,
169225,1.38,
169226,0.71,
169227,0.5,
169228,3.53,
169229,3.2,
169230,1.0,
169231,1.7,
169234,4.08,
169236,9.6,
169238,1.21,
169239,0.85,
169240,1.21,
169242,2.38,
169243,2.26,
169245,0.62,
169246,3.9,
169247,1.19,
169248,1.97,
169249,0.78,
169251,1.98,
169252,2.34,
169253,0.0,
169254,2.34,
169255,2.5,
169256,1.32,
169257,1.41,
169259,0.32,
169260,1.48,
169261,2.4,
169262,2.97,
169263,2.87,
169264,0.37,
169271,2.4,
169276,1.86,
169278,2.9,
169279,1.78,
169280,0.28,
169285,0.33,
169286,0.4,
169287,0.65,
169288,0.51,
169289,2.39,
169290,1.5,
169291,2.5,
169292,1.71,
169295,2.2,
169296,1.97,
169297,2.93,
169298,2.76,
169299,2.53,
169304,5.48,
169305,5.45,
169307,9.17,
169308,0.4,
169311,0.99,
169312,0.84,
169313,1.3,
169314,1.0,
169316,1.63,
169317,0.93,
169318,1.37,
169320,3.27,
169321,3.63,
169322,3.63,
169323,3.63,
169324,2.22,
169325,1.88,
169326,1.88,
169327,1.88,
169329,1.48,
169330,1.48,
169332,2.08,
169333,3.55,
169339,3.45,
169340,2.46,
169342,2.37,
169343,1.1,
169344,1.89,
169345,4.15,
169346,3.23,
169347,5.59,
169348,3.07,
169349,3.59,
169350,3.11,
169351,1.62,
169352,3.2,
169354,1.0,
169355,1.21,
169356,1.21,
169357,2.8,
169361,4.44,
169362,6.09,
169363,2.21,
169364,3.12,
169369,0.43,
169374,0.78,
169375,0.78,
169376,1.98,
169377,2.26,
169378,18.27,
169379,1.06,
169380,26.68,
169381,21.27,
169382,0.22,
169385,3.93,
169387,2.05,
169388,1.12,
169389,3.03,
169390,3.12,
169392,0.84,
169394,1.95,
169395,3.83,
169397,23.88,
169402,0.0,
169403,2.07,
169404,0.88,
169412,0.48,
169415,1.29,
169417,2.73,
169418,2.73,
169419,4.55,
169421,5.01,
169422,5.01,
169423,4.38,
169426,7.74,
169427,4.15,
169428,5.21,
169429,0.0,
169432,0.0,
169433,0.0,
169434,0.0,
169435,0.0,
169436,0.0,
169438,0.0,
169440,0.0,
169443,0.0,
169444,0.0,
169445,0.0,
169446,0.0,
169447,0.0,
169448,0.0,
169449,0.0,
169450,0.0,
169451,0.0,
169455,0.0,
169456,0.0,
169457,0.0,
169458,0.0,
169459,0.0,
169460,0.0,
169461,0.0,
169462,0.0,
169463,0.0,
169464,0.0,
169465,0.0,
169466,0.0,
169467,0.0,
169468,0.0,
169469,0.0,
169470,0.0,
169471,0.0,
169472,0.0,
169473,0.0,
169474,0.0,
169475,0.0,
169476,0.0,
169477,0.0,
169478,0.0,
169479,0.0,
169480,0.0,
169481,0.0,
169482,0.0,
169483,0.0,
169484,0.0,
169485,0.0,
169486,0.0,
169487,0.0,
169488,0.0,
169489,0.0,
169490,0.0,
169491,0.0,
169492,0.0,
169493,0.0,
169494,0.0,
169495,0.0,
169496,0.0,
169497,0.0,
169509,0.0,
169510,0.0,
169512,0.0,
169517,0.0,
169518,0.0,
169519,0.0,
169520,0.0,
169521,0.0,
169522,0.0,
169523,0.0,
169524,0.0,
169526,0.0,
169527,0.0,
169528,0.0,
169529,0.0,
169530,0.0,
169531,0.0,
169532,0.0,
169533,0.0,
169534,0.0,
169535,0.0,
169536,0.0,
169537,0.0,
169538,0.0,
169539,0.0,
169540,0.0,
169541,0.0,
169542,0.0,
169543,0.0,
169544,0.0,
169545,0.0,
169546,0.0,
169547,0.0,
169548,0.0,
169549,0.0,
169550,0.0,
169551,0.0,
169552,0.0,
169553,0.0,
169554,0.0,
169555,0.0,
169556,0.0,
169557,0.0,
169558,0.0,
169559,0.0,
169560,0.0,
169561,0.0,
169562,0.0,
169563,0.0,
169564,0.0,
169565,0.0,
169566,0.0,
169567,0.0,
169568,0.0,
169569,0.0,
169570,0.0,
169571,0.0,
169574,5.58,
169575,0.0,
169576,62.22,
169577,32.8,
169578,21.47,
169580,38.31,
169582,50.75,
169583,63.68,
169585,42.22,
169586,51.33,
169588,31.17,
169589,50.47,
169590,58.12,
169592,47.56,
169595,11.0,
169596,13.49,
169597,0.0,
169598,0.0,
169599,0.0,
169601,19.68,
169603,42.88,
169604,11.96,
169606,65.0,
169608,16.97,
169609,79.34,
169610,17.09,
169614,14.91,
169618,40.0,
169619,63.54,
169620,63.1,
169622,44.59,
169623,48.03,
169624,40.22,
169627,51.71,
169628,40.33,
169629,53.96,
169630,53.08,
169631,6.46,
169632,17.48,
169633,5.65,
169634,42.5,
169637,50.75,
169638,32.6,
169640,82.12,
169641,48.5,
169642,51.22,
169648,76.57,
169649,17.38,
169650,74.32,
169655,99.8,
169656,97.81,
169657,80.7,
169658,84.87,
169659,75.65,
169660,71.3,
169661,60.46,
169662,74.9,
169664,46.8,
169665,21.01,
169666,36.72,
169668,80.44,
169669,64.06,
169670,68.48,
169671,63.47,
169674,28.92,
169677,0.33,
169683,0.22,
169684,0.0,
169685,64.68,
169686,3.69,
169687,19.36,
169689,38.78,
169694,1.61,
169695,0.64,
169696,1.61,
169697,0.64,
169698,0.0,
169700,0.1,
169701,1.51,
169703,0.66,
169704,0.24,
169707,0.33,
169708,0.11,
169709,0.05,
169710,0.0,
169711,0.05,
169713,0.9,
169714,0.12,
169716,2.53,
169717,3.35,
169719,0.41,
169720,0.41,
169723,0.31,
169726,2.5,
169731,1.88,
169732,0.4,
169734,0.71,
169735,0.25,
169736,2.67,
169737,0.56,
169738,2.74,
169739,0.8,
169740,0.8,
169741,0.8,
169742,0.12,
169743,7.84,
169744,3.07,
169745,6.82,
169747,1.84,
169748,0.64,
169750,0.64,
169751,0.56,
169753,0.05,
169755,1.88,
169756,0.12,
169757,0.05,
169758,0.33,
169759,0.11,
169761,0.27,
169762,0.4,
169765,0.0,
169766,1.6,
169767,5.37,
169768,1.76,
169769,6.43,
169770,1.57,
169771,1.3,
169772,1.66,
169773,2.76,
169774,5.04,
169775,7.87,
169776,8.2,
169777,1.79,
169778,5.26,
169779,1.75,
169780,3.94,
169781,3.1,
169782,0.18,
169783,0.28,
169784,3.1,
169785,57.0,
169786,57.1,
169787,56.3,
169788,5.4,
169789,7.21,
169790,7.39,
169791,57.0,
169792,14.27,
169795,0.0,
169797,0.0,
169811,3.01,
169812,0.0,
169813,0.0,
169814,2.58,
169816,1.02,
169818,0.82,
169819,0.25,
169820,10.61,
169822,0.0,
169829,2.97,
169830,12.94,
169833,0.0,
169834,1.45,
169835,1.65,
169836,0.28,
169837,0.33,
169838,0.91,
169839,3.09,
169840,4.48,
169841,0.36,
169842,0.09,
169843,11.07,
169844,4.76,
169845,2.03,
169846,0.45,
169847,0.24,
169848,1.38,
169849,2.83,
169850,3.15,
169851,3.53,
169852,1.77,
169853,1.87,
169854,2.89,
169855,2.6,
169856,1.23,
169857,2.89,
169858,2.68,
169859,20.0,
169860,16.7,
169862,15.4,
169863,34.27,
169864,2.39,
169865,2.89,
169866,0.0,
169867,0.0,
169868,4.85,
169869,9.29,
169870,17.5,
169871,2.5,
169872,10.55,
169873,9.29,
169874,9.41,
169875,3.7,
169876,2.82,
169877,16.32,
169878,0.01,
169879,3.39,
169880,0.0,
169881,14.63,
169882,0.0,
169883,2.45,
169884,17.44,
169885,0.0,
169886,0.0,
169887,0.0,
169888,1.2,
169889,2.0,
169890,1.3,
169891,1.4,
169892,4.8,
169893,0.0,
169894,5.3,
169895,3.77,
169896,92.7,
169897,39.0,
169898,19.0,
169899,10.6,
169900,20.74,
169901,7.74,
169902,0.0,
169903,0.0,
169904,7.5,
169905,0.0,
169906,0.0,
169910,13.66,
169911,8.12,
169913,8.1,
169914,7.89,
169917,8.5,
169918,9.14,
169920,8.31,
169921,7.42,
169922,29.68,
169923,29.68,
169924,15.49,
169925,9.9,
169926,7.82,
169927,52.2,
169928,8.39,
169929,4.81,
169930,10.27,
169934,41.74,
169935,16.99,
169936,9.7,
169938,12.1,
169939,15.2,
169940,15.16,
169941,12.53,
169944,16.9,
169946,21.1,
169947,9.98,
169948,43.6,
169949,9.92,
169950,10.1,
169951,14.22,
169952,15.35,
169953,1.39,
169954,1.34,
169956,1.37,
169957,4.13,
169960,0.63,
169961,3.26,
169962,2.21,
169963,1.88,
169964,2.6,
169965,3.22,
169966,5.51,
169967,1.39,
169968,1.35,
169969,1.47,
169970,1.47,
169971,1.74,
169972,2.03,
169973,2.08,
169974,2.9,
169975,3.2,
169976,2.79,
169977,3.83,
169978,3.32,
169979,1.41,
169983,4.76,
169984,4.08,
169985,1.7,
169986,1.91,
169988,1.34,
169989,2.37,
169991,1.1,
169992,0.7,
169993,8.73,
169994,1.85,
169996,0.57,
169997,0.87,
169998,6.26,
169999,4.54,
170000,4.24,
170001,4.73,
170002,37.41,
170003,2.2,
170005,2.33,
170006,3.91,
170007,2.18,
170008,5.02,
170009,4.8,
170010,4.0,
170011,3.99,
170013,2.99,
170016,5.0,
170017,4.4,
170018,4.36,
170021,3.77,
170024,2.17,
170025,3.0,
170026,0.82,
170027,0.62,
170028,1.15,
170029,1.29,
170030,1.08,
170033,1.7,
170034,1.4,
170036,1.49,
170037,1.41,
170039,3.47,
170041,3.37,
170042,1.74,
170044,0.27,
170047,0.28,
170048,0.27,
170050,2.49,
170051,2.55,
170052,3.52,
170054,3.56,
170055,5.77,
170058,2.99,
170060,2.35,
170061,0.81,
170062,1.07,
170063,2.84,
170065,2.41,
170066,4.8,
170067,2.46,
170068,0.2,
170071,0.5,
170072,0.49,
170073,1.8,
170079,0.7,
170080,2.14,
170083,15.4,
170084,5.74,
170088,27.25,
170090,2.97,
170091,0.3,
170092,1.79,
170093,1.18,
170097,3.84,
170098,2.4,
170099,2.87,
170100,4.73,
170101,2.9,
170102,5.93,
170103,3.2,
170104,4.16,
170105,4.4,
170106,5.3,
170107,3.32,
170108,4.2,
170109,3.19,
170110,4.39,
170111,1.18,
170112,1.7,
170113,1.4,
170114,0.91,
170118,0.28,
170119,2.4,
170120,0.69,
170122,1.83,
170123,0.33,
170124,0.51,
170125,2.59,
170126,2.48,
170127,3.3,
170130,1.97,
170131,2.21,
170133,5.48,
170134,6.48,
170137,2.49,
170138,2.55,
170139,0.53,
170140,0.75,
170141,0.95,
170142,3.12,
170143,2.5,
170148,1.5,
170150,0.3,
170155,10.54,
170159,4.55,
170160,36.25,
170162,5.91,
170169,6.23,
170171,51.5,
170172,3.34,
170174,2.61,
170181,3.9,
170182,3.97,
170184,7.66,
170186,1.1,
170187,2.61,
170189,0.49,
170190,10.6,
170193,0.0,
170198,0.0,
170200,0.0,
170201,0.0,
170203,0.0,
170204,0.1,
170205,0.0,
170206,0.0,
170207,0.0,
170208,0.0,
170209,0.0,
170210,0.0,
170211,0.0,
170212,0.0,
170213,0.0,
170214,0.0,
170215,0.0,
170216,0.0,
170217,0.0,
170219,0.0,
170222,0.0,
170223,0.0,
170224,0.0,
170225,0.0,
170226,0.0,
170227,0.0,
170228,0.0,
170229,0.0,
170230,0.0,
170231,0.0,
170232,0.0,
170233,0.0,
170234,0.0,
170235,0.0,
170236,0.0,
170237,0.0,
170238,0.0,
170239,0.0,
170240,0.0,
170244,2.76,
170249,2.21,
170250,0.88,
170253,0.22,
170254,0.85,
170255,14.57,
170257,80.33,
170258,5.1,
170259,1.52,
170270,6.35,
170271,47.9,
170272,36.71,
170274,46.14,
170275,40.33,
170277,68.03,
170278,48.33,
170279,68.18,
170280,42.0,
170281,78.57,
170282,36.16,
170284,0.8,
170285,0.28,
170287,0.1,
170288,0.64,
170290,0.64,
170291,2.17,
170292,1.63,
170293,4.16,
170294,4.67,
170295,3.64,
170296,3.53,
170297,3.67,
170298,3.0,
170299,1.93,
170300,12.19,
170301,3.8,
170302,3.88,
170303,1.24,
170304,0.54,
170305,4.77,
170306,6.06,
170307,3.19,
170308,3.19,
170309,2.99,
170310,3.41,
170311,3.41,
170312,3.61,
170313,3.61,
170314,2.99,
170315,3.18,
170316,1.93,
170317,3.57,
170318,3.4,
170319,3.67,
170320,6.22,
170321,5.13,
170327,0.51,
170328,5.6,
170329,4.49,
170330,3.53,
170331,3.02,
170332,0.9,
170333,1.57,
170336,2.17,
170337,1.63,
170338,0.0,
170339,4.04,
170340,13.54,
170341,0.0,
170343,0.0,
170346,0.0,
170347,0.0,
170350,0.0,
170353,0.0,
170355,11.68,
170356,0.0,
170357,0.0,
170358,0.0,
170359,0.0,
170360,0.0,
170362,5.0,
170363,4.71,
170365,2.82,
170366,3.02,
170367,3.32,
170368,3.08,
170369,2.79,
170370,3.65,
170371,3.42,
170372,1.82,
170373,3.71,
170375,0.5,
170376,0.6,
170379,1.7,
170380,1.47,
170381,0.38,
170382,0.62,
170383,2.2,
170384,3.55,
170388,2.27,
170390,1.18,
170391,0.83,
170392,1.06,
170393,4.74,
170394,3.45,
170395,2.46,
170396,2.48,
170397,2.08,
170398,2.22,
170399,1.05,
170400,1.6,
170401,1.1,
170402,1.66,
170403,1.89,
170405,2.01,
170406,0.46,
170407,0.4,
170409,4.15,
170411,2.9,
170412,3.81,
170413,2.9,
170415,5.1,
170416,0.85,
170417,4.8,
170418,4.82,
170419,5.67,
170420,5.93,
170421,3.2,
170426,3.12,
170427,2.4,
170428,3.19,
170430,2.48,
170431,0.39,
170433,1.6,
170434,1.53,
170435,1.43,
170436,0.21,
170437,0.29,
170438,0.91,
170440,0.89,
170445,3.36,
170446,1.61,
170451,0.2,
170452,0.31,
170456,4.0,
170457,2.63,
170458,2.58,
170459,12.18,
170460,4.83,
170461,43.9,
170462,7.36,
170465,3.8,
170466,0.53,
170469,0.75,
170472,3.12,
170473,2.78,
170475,1.18,
170480,11.05,
170487,2.2,
170488,2.59,
170489,2.2,
170490,3.3,
170491,3.91,
170492,6.59,
170493,1.48,
170494,1.85,
170495,3.1,
170496,0.65,
170497,5.1,
170499,7.87,
170501,4.4,
170503,1.41,
170504,0.32,
170506,0.25,
170507,2.9,
170508,4.8,
170509,3.99,
170510,4.82,
170512,2.83,
170513,4.36,
170514,3.77,
170515,4.39,
170517,2.48,
170518,1.6,
170520,0.89,
170523,0.2,
170526,2.08,
170527,3.3,
170528,3.95,
170529,2.9,
170531,0.43,
170532,2.33,
170533,1.5,
170534,1.71,
170535,1.69,
170537,4.9,
170538,2.93,
170541,5.74,
170543,0.49,
170545,2.58,
170546,4.83,
170547,2.99,
170548,1.73,
170549,1.18,
170551,0.49,
170556,1.4,
170557,1.29,
170562,2.62,
170563,2.73,
170564,3.11,
170568,4.63,
170569,2.33,
170571,5.01,
170572,5.01,
170577,36.75,
170581,4.34,
170582,3.49,
170583,4.89,
170585,5.0,
170586,4.45,
170587,4.15,
170591,3.59,
170594,3.57,
170598,0.0,
170599,0.0,
170600,0.0,
170601,0.0,
170602,0.0,
170603,0.0,
170604,2.7,
170605,0.0,
170608,0.0,
170609,0.0,
170610,0.0,
170611,0.0,
170612,0.0,
170613,0.0,
170614,0.0,
170615,0.0,
170616,0.0,
170617,0.0,
170618,0.0,
170621,0.0,
170623,0.0,
170626,0.0,
170627,0.0,
170628,0.0,
170629,0.0,
170630,0.0,
170631,0.0,
170632,0.0,
170633,0.0,
170634,0.0,
170635,0.0,
170636,0.0,
170637,0.0,
170638,0.0,
170639,0.0,
170640,0.0,
170641,0.0,
170642,0.0,
170643,0.0,
170645,43.4,
170649,0.22,
170656,62.5,
170658,45.95,
170659,6.3,
170669,53.57,
170671,6.35,
170675,4.03,
170676,57.69,
170677,0.27,
170678,50.0,
170679,0.0,
170680,40.32,
170681,60.0,
170682,1.69,
170686,0.9,
170687,2.6,
170688,0.41,
170689,0.9,
170690,4.88,
170691,5.24,
170692,5.11,
170693,4.88,
170694,5.95,
170695,3.84,
170696,3.18,
170697,5.43,
170698,0.3,
170699,0.5,
170700,11.67,
170701,3.83,
170702,6.76,
170703,7.24,
170704,5.87,
170705,6.06,
170706,3.09,
170707,3.54,
170708,4.98,
170709,4.98,
170710,3.67,
170711,3.09,
170712,3.54,
170713,3.0,
170714,5.09,
170715,4.85,
170716,7.26,
170717,6.03,
170718,0.08,
170719,4.91,
170720,3.97,
170721,0.21,
170726,0.4,
170727,4.22,
170728,4.11,
170729,3.52,
170730,3.61,
170731,0.0,
170732,1.3,
170734,1.73,
170735,2.1,
170737,0.0,
170738,0.0,
170750,0.0,
170751,0.0,
170752,4.68,
170753,4.99,
170754,0.0,
170755,0.0,
170756,0.0,
170757,0.0,
170760,5.1,
170762,3.22,
170763,1.57,
170764,1.3,
170765,1.88,
170766,3.92,
170767,3.82,
170768,2.62,
170769,2.72,
170771,5.43,
170772,4.5,
170773,2.9,
170774,2.9,
170775,12.68,
170776,2.62,
170777,2.48,
170778,1.53,
170779,5.02,
170780,7.62,
170781,4.03,
170782,7.53,
170783,0.0,
170785,2.48,
170786,1.53,
170787,2.57,
170788,1.11,
170789,1.11,
170790,3.64,
170791,3.84,
170792,7.12,
170793,3.72,
170794,0.55,
170795,0.49,
170796,0.0,
170797,0.0,
170798,0.0,
170799,0.0,
170800,0.0,
170801,0.0,
170802,0.0,
170803,0.0,
170804,0.0,
170805,0.0,
170806,0.0,
170807,0.0,
170808,0.0,
170809,0.0,
170810,0.0,
170811,0.0,
170812,0.0,
170813,0.0,
170814,0.0,
170815,0.0,
170816,0.0,
170817,0.0,
170818,0.0,
170819,0.0,
170820,0.0,
170821,0.0,
170822,0.0,
170823,0.0,
170824,0.0,
170825,0.0,
170826,0.0,
170827,0.0,
170828,0.0,
170829,0.0,
170830,0.0,
170831,0.0,
170832,0.0,
170833,0.0,
170834,0.0,
170835,0.0,
170836,0.0,
170837,0.0,
170838,0.0,
170839,0.0,
170840,0.0,
170841,0.0,
170842,0.0,
170843,1.55,
170844,0.5,
170845,0.0,
170846,1.01,
170847,1.13,
170848,0.11,
170849,0.57,
170850,0.56,
170851,0.27,
170853,2.26,
170854,0.62,
170855,1.23,
170857,3.67,
170858,2.96,
170859,2.92,
170860,8.0,
170862,4.74,
170863,5.26,
170865,52.54,
170866,17.13,
170867,16.07,
170868,23.05,
170869,6.63,
170871,5.26,
170872,5.2,
170874,5.36,
170875,4.46,
170876,38.42,
170877,51.98,
170878,11.35,
170879,9.54,
170880,9.55,
170881,9.94,
170883,20.85,
170884,17.75,
170885,5.12,
170886,7.04,
170887,7.68,
170888,13.8,
170889,18.64,
170890,22.06,
170892,2.64,
170893,0.07,
170894,3.24,
170895,0.0,
170896,7.06,
170897,1.33,
170898,0.0,
170899,0.27,
170900,2.24,
170901,11.27,
170902,9.54,
170903,3.56,
170904,4.61,
170905,12.0,
170906,5.88,
170907,9.54,
170908,21.0,
170910,7.29,
170911,10.67,
170915,10.41,
170920,0.67,
170921,7.27,
170923,2.25,
170926,3.39,
170929,6.79,
170931,0.64,
170939,2.01,
170940,4.13,
170941,2.33,
170942,1.4,
170943,7.34,
170944,13.34,
170945,13.64,
170946,10.97,
170947,9.25,
170948,8.72,
170949,10.81,
170950,10.61,
170951,4.35,
170952,11.6,
170953,8.41,
170954,10.73,
170955,7.79,
170956,12.76,
170957,13.93,
170958,8.83,
170959,10.7,
170960,10.03,
170964,26.66,
170965,6.68,
170966,11.1,
170967,11.1,
170969,4.85,
170970,2.24,
170972,13.0,
170974,16.7,
170975,24.2,
170976,17.89,
170977,17.89,
170978,10.39,
170979,9.15,
170982,10.28,
170983,12.6,
170984,10.6,
170985,9.0,
170986,3.2,
170987,11.46,
170988,34.18,
170989,1.17,
170990,11.46,
170991,11.74,
170992,33.0,
170993,7.18,
170994,6.8,
170995,7.14,
170996,7.17,
170997,7.61,
170998,19.29,
170999,15.0,
171000,26.67,
171001,12.5,
171002,4.2,
171003,6.8,
171004,10.3,
171005,17.68,
171006,8.32,
171007,21.87,
171008,17.31,
171009,0.57,
171010,0.48,
171011,0.0,
171012,0.0,
171013,0.0,
171014,0.0,
171015,0.0,
171016,0.0,
171017,0.0,
171018,0.0,
171019,10.77,
171020,15.95,
171021,28.45,
171022,8.32,
171023,4.55,
171024,0.0,
171025,0.0,
171026,0.0,
171027,0.0,
171028,0.0,
171029,0.0,
171030,0.0,
171031,0.0,
171032,0.0,
171034,18.33,
171037,5.38,
171038,0.0,
171039,0.0,
171040,0.0,
171041,0.0,
171042,0.0,
171043,15.84,
171044,23.39,
171045,8.82,
171046,17.75,
171050,0.0,
171051,0.0,
171052,0.0,
171053,0.0,
171054,0.0,
171055,0.0,
171060,0.0,
171061,0.0,
171062,0.0,
171064,0.0,
171067,0.0,
171069,0.0,
171070,0.0,
171071,0.0,
171072,0.0,
171073,0.0,
171075,0.0,
171076,0.0,
171077,0.0,
171078,0.0,
171081,0.07,
171082,0.0,
171083,0.0,
171084,0.0,
171085,0.0,
171086,0.0,
171087,0.0,
171088,0.06,
171089,0.0,
171090,0.1,
171091,0.0,
171092,0.0,
171094,0.0,
171095,0.0,
171096,0.1,
171097,0.0,
171098,0.05,
171099,0.0,
171101,0.0,
171107,0.0,
171108,0.0,
171109,0.0,
171110,0.0,
171111,2.04,
171114,0.0,
171115,1.94,
171116,0.0,
171117,0.0,
171118,0.0,
171119,0.0,
171120,0.0,
171121,0.0,
171122,0.03,
171123,0.02,
171124,0.4,
171125,0.09,
171126,0.12,
171127,0.12,
171128,0.0,
171129,0.1,
171130,0.01,
171131,0.0,
171132,0.03,
171133,0.0,
171134,0.0,
171135,0.0,
171136,0.05,
171137,0.0,
171138,0.1,
171139,0.0,
171140,0.0,
171141,2.49,
171142,3.0,
171145,0.87,
171146,0.54,
171147,1.93,
171148,0.38,
171149,1.26,
171150,5.09,
171151,1.67,
171152,2.7,
171153,1.5,
171155,0.4,
171156,2.28,
171158,1.44,
171161,3.13,
171162,0.67,
171163,0.89,
171164,1.64,
171165,4.65,
171166,17.51,
171167,14.1,
171171,3.26,
171173,24.73,
171176,4.03,
171177,1.98,
171178,2.12,
171180,0.57,
171185,1.25,
171186,15.11,
171187,15.65,
171188,10.48,
171190,1.25,
171191,0.42,
171192,4.91,
171193,0.0,
171194,0.0,
171195,0.0,
171196,0.0,
171197,0.0,
171198,0.0,
171199,0.0,
171200,0.0,
171201,0.0,
171202,0.0,
171203,0.0,
171204,0.0,
171205,0.0,
171206,0.0,
171207,0.0,
171208,0.0,
171209,0.0,
171210,0.0,
171211,0.0,
171212,0.0,
171213,0.0,
171214,0.0,
171215,0.0,
171216,0.0,
171217,0.0,
171218,0.0,
171219,0.0,
171220,0.0,
171221,0.0,
171222,0.0,
171223,0.0,
171224,0.0,
171225,0.0,
171226,0.0,
171227,0.0,
171228,0.0,
171229,0.0,
171230,0.0,
171231,0.0,
171232,0.0,
171233,0.0,
171234,0.0,
171235,0.0,
171236,0.0,
171237,0.0,
171238,0.0,
171239,0.0,
171241,2.22,
171242,0.36,
171243,0.49,
171244,1.9,
171245,1.12,
171246,3.19,
171247,0.07,
171248,0.31,
171249,0.73,
171251,0.0,
171252,5.59,
171254,7.32,
171255,4.13,
171256,0.16,
171257,3.41,
171258,8.05,
171259,4.68,
171261,11.38,
171263,7.77,
171265,5.05,
171267,5.06,
171269,5.09,
171270,5.02,
171272,52.19,
171274,49.0,
171275,54.4,
171276,10.04,
171277,9.66,
171278,4.45,
171279,6.89,
171281,73.45,
171282,5.14,
171283,74.46,
171284,4.66,
171285,19.05,
171287,0.37,
171288,0.0,
171289,6.24,
171290,2.26,
171291,5.59,
171292,0.26,
171293,19.46,
171294,21.05,
171295,0.0,
171296,7.61,
171297,11.0,
171298,11.4,
171299,11.63,
171300,11.23,
171301,9.21,
171302,6.67,
171303,8.39,
171304,4.0,
171305,10.8,
171306,21.26,
171307,18.46,
171308,3.33,
171325,2.43,
171331,1.8,
171332,7.76,
171334,1.48,
171335,0.38,
171336,11.5,
171337,11.5,
171338,6.98,
171339,10.97,
171340,14.28,
171341,13.0,
171342,8.66,
171345,12.96,
171346,12.96,
171347,7.36,
171349,9.49,
171351,11.0,
171352,9.59,
171353,10.58,
171354,8.26,
171357,8.46,
171358,13.2,
171359,26.66,
171360,11.67,
171361,26.66,
171362,8.85,
171363,8.85,
171367,11.09,
171368,24.2,
171370,3.08,
171371,24.9,
171372,12.5,
171373,16.98,
171375,10.62,
171376,11.89,
171377,12.0,
171379,11.5,
171380,12.2,
171381,10.9,
171382,13.1,
171383,6.7,
171384,52.97,
171385,5.0,
171386,5.0,
171387,1.53,
171388,42.0,
171389,11.5,
171390,7.64,
171391,6.76,
171392,3.6,
171393,4.2,
171394,7.34,
171395,6.69,
171396,6.66,
171397,7.19,
171398,0.0,
171399,55.0,
171400,0.0,
171401,0.0,
171402,15.18,
171403,10.02,
171404,16.86,
171405,9.16,
171406,6.0,
171408,6.0,
171409,15.18,
171410,0.0,
171411,0.0,
171412,0.0,
171413,0.0,
171414,17.43,
171415,0.0,
171417,2.5,
171420,16.45,
171421,0.0,
171422,0.0,
171423,0.0,
171424,0.0,
171425,0.0,
171426,0.0,
171427,0.0,
171428,0.0,
171429,0.0,
171430,0.0,
171434,0.0,
171435,0.0,
171436,0.0,
171437,0.0,
171438,0.0,
171439,0.0,
171440,0.0,
171441,0.0,
171443,0.0,
171444,6.67,
171445,0.0,
171447,0.0,
171448,0.0,
171449,0.0,
171450,0.0,
171451,0.0,
171452,0.0,
171455,0.0,
171456,0.0,
171457,0.0,
171460,0.0,
171463,0.0,
171464,0.0,
171466,0.0,
171467,0.0,
171468,0.0,
171469,0.0,
171472,0.0,
171473,0.0,
171474,0.0,
171475,0.0,
171477,0.0,
171478,0.0,
171479,0.0,
171480,0.07,
171481,0.0,
171482,0.1,
171483,0.0,
171484,0.0,
171485,0.0,
171486,0.0,
171487,0.0,
171488,0.1,
171489,0.0,
171490,0.05,
171491,0.0,
171494,0.0,
171496,0.0,
171497,0.05,
171498,0.0,
171505,0.0,
171506,0.0,
171507,0.0,
171508,2.1,
171509,0.0,
171512,0.0,
171513,0.0,
171514,0.0,
171515,0.37,
171516,0.53,
171517,0.0,
171518,0.0,
171519,0.0,
171520,0.11,
171521,0.02,
171522,0.02,
171523,0.04,
171524,0.7,
171525,0.1,
171526,0.05,
171527,0.0,
171528,0.0,
171529,0.0,
171530,0.0,
171531,0.1,
171532,0.0,
171533,0.0,
171534,0.0,
171535,0.0,
171536,0.0,
171537,0.72,
171538,0.0,
171539,2.06,
171540,1.35,
171541,3.73,
171542,0.35,
171543,0.0,
171544,0.6,
171545,0.23,
171546,1.01,
171547,0.38,
171548,0.0,
171550,2.17,
171551,2.72,
171552,3.64,
171554,6.52,
171555,1.91,
171557,5.9,
171559,1.56,
171560,16.71,
171561,14.51,
171562,17.36,
171563,0.0,
171564,0.21,
171566,0.3,
171568,0.21,
171571,1.9,
171575,18.8,
171579,6.33,
171580,1.92,
171581,6.33,
171582,2.6,
171583,0.55,
171584,10.26,
171587,8.11,
171588,9.23,
171589,23.9,
171590,7.6,
171591,3.97,
171592,3.19,
171593,0.27,
171594,2.15,
171595,13.33,
171596,1.42,
171597,5.5,
171598,0.01,
171599,0.52,
171602,0.39,
171603,5.4,
171604,2.55,
171605,2.55,
171606,0.09,
171607,1.72,
171608,10.0,
171609,0.13,
171610,10.03,
171611,0.84,
171612,1.68,
171613,14.47,
171614,1.99,
171615,1.96,
171617,2.35,
171618,1.29,
171619,1.33,
171620,0.0,
171621,0.0,
171622,2.98,
171623,1.51,
171624,2.98,
171625,1.21,
171626,0.0,
171627,5.0,
171628,0.0,
171630,0.0,
171631,1.19,
171632,0.0,
171633,2.7,
171634,2.85,
171635,0.0,
171636,0.0,
171637,1.97,
171638,3.47,
171639,4.24,
171640,0.0,
171641,21.0,
171642,44.32,
171643,44.2,
171644,33.36,
171645,34.28,
171646,19.8,
171649,43.36,
171650,32.9,
171651,0.0,
171652,53.6,
171653,21.43,
171654,0.57,
171655,0.12,
171656,1.51,
171657,0.03,
171658,0.56,
171659,0.76,
171660,0.4,
171661,1.5,
171662,0.46,
171663,28.87,
171664,25.33,
171665,1.6,
171667,0.42,
171668,0.08,
171669,1.37,
171670,0.64,
171671,0.12,
171672,0.09,
171673,0.09,
171674,16.63,
171675,0.27,
171676,0.25,
171677,0.08,
171678,18.44,
171679,21.62,
171680,20.26,
171681,29.97,
171683,18.71,
171684,29.36,
171685,20.43,
171687,4.5,
171688,10.39,
171689,10.1,
171691,57.19,
171692,13.32,
171694,10.1,
171695,9.39,
171696,14.67,
171697,9.24,
171698,4.79,
171699,19.87,
171704,12.79,
171705,0.66,
171706,0.3,
171707,2.42,
171708,67.15,
171709,19.7,
171710,10.67,
171711,9.96,
171713,6.89,
171714,11.0,
171715,3.98,
171716,22.17,
171718,9.02,
171719,12.82,
171722,4.27,
171723,72.56,
171724,62.28,
171726,63.35,
171743,0.0,
171744,0.0,
171745,0.0,
171746,0.0,
171747,0.0,
171748,0.0,
171749,0.0,
171750,0.0,
171751,0.0,
171752,0.0,
171753,0.0,
171754,0.0,
171755,0.0,
171756,0.0,
171757,0.0,
171758,0.0,
171759,0.0,
171760,0.0,
171761,0.0,
171762,0.0,
171763,0.0,
171764,0.0,
171765,0.0,
171766,0.0,
171767,0.0,
171768,0.0,
171769,0.0,
171770,0.0,
171771,0.0,
171772,0.0,
171773,0.0,
171774,0.0,
171775,0.0,
171776,0.0,
171777,0.0,
171778,0.0,
171779,0.0,
171780,0.0,
171781,0.0,
171782,0.0,
171783,0.0,
171784,0.0,
171785,0.0,
171786,0.0,
171787,0.0,
171788,0.0,
171789,0.0,
171790,0.0,
171791,0.0,
171792,0.0,
171793,0.0,
171794,0.0,
171795,0.0,
171796,0.0,
171797,0.0,
171798,0.0,
171799,0.0,
171800,0.0,
171801,0.0,
171802,0.0,
171803,0.0,
171804,0.0,
171805,0.0,
171806,0.0,
171807,0.0,
171808,0.0,
171809,0.0,
171810,0.0,
171811,0.0,
171812,0.0,
171813,0.0,
171814,0.0,
171815,0.0,
171816,0.0,
171817,0.0,
171818,0.0,
171819,0.0,
171820,0.0,
171821,0.34,
171822,0.85,
171823,30.54,
171824,3.5,
171825,9.82,
171826,4.25,
171827,38.37,
171828,35.29,
171829,30.95,
171830,23.49,
171831,13.2,
171832,0.99,
171833,8.98,
171834,0.99,
171835,35.8,
171836,30.9,
171837,41.1,
171838,12.0,
171839,29.71,
171840,38.73,
171841,41.18,
171842,31.36,
171843,0.0,
171844,2.72,
171845,3.55,
171846,10.43,
171847,45.16,
171848,11.11,
171849,14.11,
171850,2.63,
171851,2.86,
171852,8.66,
171853,10.53,
171854,12.9,
171855,9.41,
171856,0.0,
171857,49.0,
171858,40.99,
171859,42.31,
171860,46.68,
171861,9.53,
171862,6.87,
171863,2.98,
171864,4.2,
171865,32.14,
171866,25.0,
171867,21.16,
171868,37.5,
171869,8.8,
171870,0.0,
171871,10.6,
171873,8.44,
171874,7.81,
171875,3.97,
171876,0.0,
171877,3.91,
171878,5.0,
171880,10.67,
171881,0.0,
171882,3.31,
171883,6.87,
171884,11.67,
171885,0.93,
171886,37.65,
171888,9.49,
171889,0.0,
171890,0.0,
171891,0.0,
171892,0.0,
171893,0.0,
171894,0.0,
171895,13.12,
171896,0.25,
171898,54.3,
171899,11.4,
171900,10.4,
171901,0.22,
171903,11.87,
171904,4.59,
171905,12.66,
171906,0.0,
171907,0.0,
171908,3.8,
171909,12.0,
171910,0.0,
171911,0.0,
171912,28.63,
171913,8.13,
171914,11.29,
171915,2.5,
171916,13.06,
171917,0.0,
171919,0.0,
171920,0.0,
171921,10.7,
171923,0.0,
171925,0.62,
171926,0.0,
171935,10.93,
171936,0.0,
171937,12.26,
171938,0.0,
171940,4.5,
171941,9.36,
171942,5.28,
171943,12.99,
171944,5.0,
171945,12.11,
171946,0.0,
171947,10.69,
171952,0.0,
171954,0.0,
171955,0.0,
171956,0.0,
171964,0.0,
171965,0.0,
171966,0.0,
171970,0.8,
171971,0.0,
171972,0.0,
171976,0.0,
171977,0.0,
171978,0.62,
171980,1.23,
171981,0.0,
171983,0.0,
171986,0.0,
171990,0.0,
171994,0.0,
172001,0.0,
172006,0.0,
172011,0.0,
172012,2.05,
172013,4.42,
172014,0.56,
172015,1.61,
172017,0.54,
172018,0.49,
172019,0.49,
172020,1.1,
172021,0.92,
172022,0.92,
172023,1.66,
172024,0.65,
172025,2.2,
172026,0.0,
172027,0.3,
172028,0.95,
172029,1.74,
172030,1.97,
172031,1.59,
172032,1.98,
172033,2.13,
172034,1.49,
172035,9.89,
172037,0.1,
172039,1.73,
172040,3.37,
172041,3.21,
172042,2.67,
172043,4.09,
172044,3.69,
172045,3.91,
172046,3.3,
172047,4.02,
172048,3.76,
172049,3.74,
172050,3.66,
172051,3.13,
172052,2.82,
172053,1.95,
172054,3.04,
172055,3.73,
172056,7.9,
172057,11.23,
172058,9.56,
172059,11.23,
172060,7.9,
172061,19.49,
172062,25.32,
172063,2.57,
172064,0.93,
172065,4.23,
172066,3.49,
172067,3.7,
172068,1.57,
172069,2.18,
172070,1.97,
172071,1.43,
172073,2.14,
172075,12.83,
172076,4.03,
172077,9.89,
172078,0.63,
172079,17.98,
172080,3.52,
172081,4.5,
172082,3.6,
172083,3.61,
172084,3.26,
172085,21.19,
172086,3.46,
172087,10.83,
172088,0.0,
172089,2.6,
172090,3.8,
172091,3.17,
172094,0.95,
172095,3.88,
172096,3.39,
172097,1.87,
172098,1.1,
172099,2.91,
172100,4.0,
172102,1.36,
172103,1.67,
172104,5.57,
172105,5.96,
172106,2.54,
172107,7.73,
172108,7.6,
172109,8.81,
172110,1.84,
172111,0.72,
172112,1.27,
172113,4.09,
172114,3.11,
172115,0.0,
172116,0.0,
172117,0.0,
172118,0.0,
172119,0.0,
172120,0.0,
172121,0.0,
172122,0.0,
172123,0.0,
172124,0.0,
172125,0.0,
172126,0.0,
172127,0.0,
172128,0.0,
172129,0.0,
172130,0.0,
172131,0.0,
172132,0.0,
172133,0.0,
172134,0.0,
172135,0.0,
172136,0.0,
172137,0.0,
172138,0.0,
172139,0.0,
172140,0.0,
172141,0.0,
172142,0.0,
172143,0.0,
172144,0.0,
172145,0.0,
172146,0.0,
172147,0.0,
172148,0.0,
172149,0.0,
172150,0.0,
172151,0.0,
172152,0.0,
172153,0.0,
172154,0.0,
172155,0.0,
172156,0.0,
172157,0.0,
172158,0.0,
172159,0.0,
172160,0.0,
172161,0.0,
172162,0.0,
172163,0.0,
172164,0.0,
172165,0.0,
172166,0.0,
172167,0.0,
172168,0.0,
172169,0.0,
172170,0.0,
172171,0.0,
172172,0.0,
172173,0.0,
172174,0.0,
172175,0.5,
172176,0.51,
172177,0.45,
172178,0.46,
172179,2.67,
172180,2.38,
172181,1.85,
172182,4.0,
172183,0.71,
172184,0.56,
172185,0.31,
172186,0.37,
172187,1.39,
172188,0.56,
172189,0.93,
172190,0.94,
172191,0.4,
172195,51.98,
172196,52.19,
172197,2.17,
172198,23.67,
172200,0.19,
172201,4.63,
172202,0.25,
172203,0.25,
172204,5.4,
172205,5.06,
172206,1.5,
172207,5.48,
172208,14.97,
172209,6.7,
172210,6.4,
172211,7.2,
172212,5.0,
172213,16.0,
172214,58.01,
172215,0.55,
172216,0.56,
172217,5.05,
172218,2.9,
172219,13.8,
172220,7.5,
172221,14.97,
172223,2.32,
172225,4.88,
172226,18.57,
172227,21.3,
172228,25.0,
172229,17.86,
172230,6.58,
172231,3.21,
172232,0.3,
172234,0.92,
172236,14.4,
172237,0.04,
172238,0.41,
172240,0.0,
172244,0.0,
172245,0.0,
172246,0.0,
172247,0.0,
172248,0.0,
172249,1.4,
172250,0.0,
172251,0.0,
172252,17.84,
172253,0.0,
172254,10.18,
172255,9.78,
172257,0.59,
172258,1.42,
172259,0.79,
172261,2.16,
172262,0.94,
172263,2.69,
172264,2.67,
172266,1.2,
172269,1.66,
172270,1.32,
172271,1.88,
172272,1.08,
172273,1.06,
172274,3.37,
172275,3.24,
172276,4.05,
172277,4.24,
172278,8.48,
172279,1.41,
172280,1.23,
172281,3.08,
172282,7.1,
172283,1.78,
172284,2.57,
172285,9.3,
172286,1.12,
172287,6.06,
172288,1.43,
172291,11.8,
172296,5.1,
172297,5.9,
172299,4.87,
172301,56.0,
172302,56.0,
172303,7.0,
172304,7.1,
172305,7.18,
172306,7.0,
172307,52.38,
172308,4.5,
172309,0.1,
172310,4.4,
172311,34.0,
172312,13.76,
172313,10.5,
172314,56.0,
172315,7.77,
172316,44.38,
172317,4.0,
172318,4.4,
172319,6.4,
172320,13.9,
172321,6.44,
172322,56.03,
172323,6.9,
172324,52.02,
172325,7.4,
172326,13.52,
172327,0.0,
172328,0.0,
172329,0.0,
172330,0.0,
172333,0.0,
172335,0.0,
172336,0.0,
172338,0.0,
172339,0.0,
172344,0.0,
172345,0.0,
172346,0.0,
172347,0.0,
172348,0.0,
172349,0.0,
172350,0.0,
172351,0.0,
172352,0.0,
172353,0.0,
172354,0.0,
172355,0.0,
172356,16.83,
172357,0.0,
172358,0.0,
172359,0.0,
172360,0.0,
172361,0.0,
172362,0.0,
172363,0.0,
172364,0.0,
172365,0.0,
172366,0.0,
172367,0.0,
172368,0.0,
172369,0.0,
172370,0.0,
172371,0.0,
172373,0.0,
172376,0.0,
172377,0.0,
172378,0.0,
172380,0.0,
172381,0.0,
172385,0.0,
172388,0.0,
172389,0.0,
172390,0.0,
172392,0.0,
172393,0.0,
172398,0.0,
172399,0.0,
172400,0.0,
172402,0.0,
172403,0.0,
172404,0.0,
172408,0.0,
172409,0.0,
172410,0.0,
172411,0.0,
172412,0.0,
172420,2.03,
172421,1.8,
172427,2.01,
172429,2.9,
172430,4.72,
172434,3.95,
172438,0.54,
172439,0.0,
172442,6.2,
172443,4.89,
172446,3.99,
172447,20.0,
172448,0.6,
172449,0.7,
172451,2.72,
172454,0.27,
172456,3.65,
172457,6.35,
172458,9.28,
172459,10.47,
172460,10.94,
172461,1.27,
172462,0.99,
172463,0.45,
172464,0.42,
172465,0.61,
172469,8.41,
172470,10.49,
172471,3.11,
172473,0.5,
172474,5.63,
172476,0.62,
172480,0.0,
172482,0.0,
172489,0.0,
172490,0.0,
172492,0.0,
172494,0.0,
172496,0.0,
172498,0.0,
172499,0.0,
172509,0.0,
172513,0.0,
172514,0.0,
172515,0.0,
172517,0.0,
172520,0.0,
172524,0.0,
172534,0.0,
172535,0.0,
172542,0.0,
172543,0.0,
172544,0.0,
172589,0.0,
172598,0.0,
172599,0.0,
172600,0.0,
172601,0.0,
172602,0.0,
172603,0.0,
172604,0.0,
172605,0.0,
172609,0.0,
172610,0.0,
172611,0.0,
172612,0.0,
172613,0.0,
172614,0.0,
172615,0.0,
172616,0.0,
172617,0.0,
172618,0.0,
172619,0.0,
172620,0.0,
172621,0.0,
172622,0.0,
172623,0.0,
172624,0.0,
172625,0.0,
172626,0.0,
172627,0.0,
172628,0.0,
172629,0.0,
172630,0.0,
172631,0.0,
172632,0.0,
172633,0.0,
172634,0.0,
172635,0.0,
172636,0.0,
172637,0.0,
172638,0.0,
172639,0.0,
172640,0.0,
172641,0.0,
172642,0.0,
172643,0.0,
172644,0.0,
172645,0.0,
172646,0.0,
172647,0.0,
172648,0.0,
172649,0.0,
172650,0.0,
172651,0.0,
172652,0.0,
172653,0.0,
172654,0.0,
172655,0.0,
172656,0.0,
172657,0.0,
172658,0.0,
172659,0.0,
172660,0.0,
172661,0.0,
172662,0.0,
172663,0.0,
172664,5.98,
172665,6.43,
172666,1.63,
172667,3.48,
172668,7.4,
172669,8.19,
172670,2.18,
172673,1.78,
172674,1.94,
172675,4.62,
172676,7.7,
172677,8.46,
172678,8.14,
172679,8.84,
172680,5.68,
172681,6.18,
172682,3.52,
172683,4.2,
172684,3.85,
172685,4.23,
172686,5.73,
172687,6.42,
172688,4.34,
172689,5.77,
172690,3.84,
172691,4.22,
172693,0.0,
172695,30.51,
172696,36.11,
172698,57.39,
172701,46.62,
172704,33.36,
172706,36.66,
172708,48.95,
172709,35.49,
172711,21.8,
172713,36.61,
172714,37.43,
172715,32.84,
172716,32.9,
172717,37.1,
172718,40.67,
172719,49.58,
172720,46.0,
172721,46.36,
172722,45.42,
172723,44.8,
172724,17.6,
172725,24.66,
172727,28.58,
172732,39.81,
172733,19.73,
172734,31.65,
172735,40.36,
172736,42.95,
172737,39.3,
172738,0.75,
172740,0.29,
172746,1.29,
172749,1.19,
172750,0.33,
172752,4.41,
172753,19.78,
172754,6.95,
172755,27.53,
172756,35.11,
172757,14.55,
172758,22.75,
172759,21.1,
172760,13.34,
172761,1.56,
172762,8.09,
172765,31.47,
172766,32.73,
172767,4.85,
172769,8.22,
172771,8.32,
172772,16.03,
172774,7.21,
172777,12.06,
172778,9.89,
172780,14.29,
172783,11.58,
172784,21.4,
172785,23.86,
172787,18.88,
172789,12.68,
172790,0.74,
172791,0.18,
172793,5.55,
172794,8.46,
172795,0.31,
172796,7.28,
172797,6.25,
172800,1.5,
172801,27.24,
172806,5.74,
172809,1.44,
172811,37.57,
172813,7.33,
172814,0.15,
172818,4.31,
172830,0.6,
172831,0.0,
172832,0.0,
172833,0.0,
172834,0.0,
172835,0.0,
172836,0.0,
172837,0.0,
172838,0.0,
172839,0.0,
172840,0.0,
172841,0.0,
172842,0.0,
172843,0.0,
172844,0.0,
172845,0.0,
172846,0.0,
172847,0.0,
172848,0.0,
172849,0.0,
172850,0.0,
172851,0.0,
172852,0.0,
172853,0.0,
172854,0.0,
172855,0.0,
172856,0.0,
172857,0.0,
172858,0.0,
172859,0.0,
172860,0.0,
172861,0.0,
172862,0.0,
172863,0.0,
172864,0.05,
172865,0.0,
172866,0.1,
172867,0.0,
172868,0.06,
172869,0.0,
172870,0.08,
172871,0.0,
172872,0.0,
172873,0.0,
172874,0.0,
172875,0.0,
172876,0.05,
172877,0.0,
172878,0.0,
172880,3.78,
172882,8.23,
172883,0.54,
172884,1.58,
172885,0.0,
172886,27.26,
172887,2.13,
172888,0.22,
172889,0.2,
172890,14.1,
172892,0.64,
172898,2.62,
172901,0.4,
172903,1.24,
172904,1.47,
172906,1.03,
172908,1.02,
172909,0.0,
172910,0.08,
172911,2.49,
172912,1.15,
172915,0.2,
172918,0.24,
172919,0.73,
172920,2.95,
172921,0.82,
172922,0.2,
172923,0.2,
172924,0.29,
172925,0.31,
172926,0.0,
172927,3.34,
172928,0.0,
172934,0.93,
172935,1.5,
172936,0.96,
172937,1.12,
172940,0.85,
172941,0.91,
172942,0.0,
172944,1.2,
172945,4.3,
172946,2.2,
172947,0.2,
172948,0.0,
172949,0.0,
172950,0.0,
172951,0.0,
172952,0.0,
172953,0.0,
172954,0.0,
172955,0.11,
172956,0.0,
172957,0.0,
172958,1.57,
172959,0.0,
172961,0.0,
172962,0.2,
172963,0.1,
172964,0.0,
172965,0.0,
172966,0.0,
172969,0.2,
172970,0.0,
172971,0.62,
172972,2.46,
172973,43.7,
172974,16.34,
172975,24.63,
172976,25.65,
172977,0.88,
172982,41.66,
172983,7.82,
172984,45.31,
172985,29.29,
172986,15.57,
172988,7.14,
172989,1.42,
172990,39.27,
172991,35.65,
172992,0.71,
172993,2.02,
172994,2.69,
172995,32.7,
172996,33.04,
172997,35.36,
172998,0.7,
172999,28.0,
173000,20.0,
173001,42.6,
173003,9.51,
173004,2.17,
173005,25.5,
173006,31.8,
173007,23.12,
173008,0.07,
173009,0.34,
173010,0.51,
173011,0.07,
173012,2.98,
173013,44.18,
173014,16.82,
173015,20.7,
173016,11.91,
173019,24.0,
173020,20.4,
173021,16.26,
173022,11.79,
173023,16.15,
173024,20.7,
173027,13.93,
173028,17.91,
173033,6.98,
173035,8.75,
173036,8.8,
173037,15.04,
173038,7.96,
173039,9.1,
173041,14.2,
173042,14.2,
173044,8.92,
173046,0.0,
173047,0.0,
173048,0.0,
173049,0.0,
173050,0.0,
173051,0.0,
173052,0.0,
173053,0.0,
173054,0.0,
173055,0.0,
173056,0.0,
173057,0.0,
173058,0.0,
173059,0.0,
173060,0.0,
173061,0.0,
173062,0.0,
173063,0.0,
173064,0.0,
173065,0.0,
173066,0.0,
173067,0.0,
173069,0.0,
173070,0.0,
173071,0.0,
173072,0.0,
173073,0.0,
173074,0.0,
173075,0.0,
173076,0.0,
173077,0.0,
173078,0.0,
173079,0.0,
173080,0.0,
173081,0.0,
173082,0.0,
173083,0.0,
173084,0.0,
173085,0.0,
173086,0.0,
173087,0.0,
173088,0.0,
173089,0.0,
173090,0.0,
173091,0.0,
173092,0.0,
173093,0.0,
173094,0.0,
173095,0.0,
173096,0.0,
173097,0.0,
173098,0.0,
173099,0.0,
173100,0.0,
173101,0.0,
173102,0.0,
173103,0.0,
173104,0.0,
173105,0.0,
173106,0.0,
173107,0.0,
173108,0.0,
173109,0.0,
173110,0.0,
173111,0.0,
173112,0.0,
173113,0.0,
173114,0.0,
173115,0.0,
173116,0.0,
173117,0.0,
173118,0.0,
173119,0.0,
173120,0.0,
173121,0.0,
173122,0.0,
173123,0.0,
173124,0.0,
173125,0.0,
173126,0.0,
173127,0.0,
173128,0.0,
173129,0.0,
173130,0.0,
173136,28.71,
173137,30.07,
173139,25.0,
173140,1.8,
173142,0.92,
173143,1.21,
173144,27.3,
173145,20.8,
173146,30.0,
173147,4.76,
173148,34.0,
173150,6.02,
173151,32.45,
173152,3.36,
173153,42.86,
173154,37.61,
173155,0.6,
173156,38.8,
173157,14.11,
173158,15.17,
173159,34.89,
173160,21.43,
173161,0.0,
173162,1.38,
173163,97.3,
173164,15.81,
173165,11.25,
173166,0.0,
173167,5.13,
173168,41.6,
173169,8.46,
173170,0.6,
173171,5.95,
173173,9.0,
173175,11.1,
173176,7.78,
173177,1.16,
173178,4.17,
173179,12.5,
173180,0.0,
173181,22.22,
173182,81.82,
173183,0.0,
173184,7.77,
173185,0.79,
173187,0.0,
173188,0.0,
173189,12.92,
173190,0.62,
173197,2.1,
173199,13.3,
173204,0.0,
173205,10.38,
173206,8.98,
173207,0.0,
173210,10.22,
173211,0.0,
173212,7.92,
173213,14.11,
173216,44.46,
173217,9.98,
173219,8.37,
173220,47.62,
173221,9.56,
173222,72.73,
173223,12.06,
173224,11.52,
173225,11.59,
173226,13.63,
173227,0.0,
173228,1.88,
173229,95.29,
173231,0.01,
173232,0.0,
173235,92.31,
173236,11.8,
173237,2.6,
173243,34.34,
173258,8.14,
173263,0.15,
173264,0.0,
173265,0.0,
173266,2.19,
173267,2.2,
173268,2.62,
173269,4.8,
173270,5.42,
173271,3.12,
173272,1.64,
173273,0.56,
173274,19.49,
173277,2.19,
173278,2.1,
173279,3.67,
173280,3.2,
173281,3.71,
173282,4.02,
173283,4.22,
173284,5.32,
173285,4.84,
173286,4.84,
173287,3.85,
173288,3.39,
173289,2.76,
173290,3.13,
173291,2.47,
173292,3.58,
173293,3.34,
173294,3.61,
173295,3.26,
173296,2.93,
173298,0.54,
173299,8.84,
173301,23.54,
173302,26.89,
173303,24.37,
173304,21.19,
173305,3.57,
173306,4.16,
173307,2.13,
173308,1.93,
173309,9.88,
173310,7.29,
173311,20.58,
173313,11.9,
173314,4.27,
173315,3.12,
173316,3.36,
173317,4.0,
173319,4.16,
173320,3.49,
173321,0.4,
173322,2.87,
173323,2.97,
173324,24.37,
173325,0.5,
173326,7.6,
173327,7.6,
173328,3.72,
173329,1.97,
173330,1.76,
173331,2.26,
173332,0.34,
173333,4.23,
173334,2.96,
173335,0.7,
173336,3.21,
173337,1.41,
173338,4.82,
173339,4.07,
173340,9.61,
173341,4.27,
173342,1.53,
173343,4.95,
173344,15.2,
173345,7.54,
173346,0.57,
173347,0.7,
173348,0.64,
173349,0.0,
173350,0.0,
173351,0.0,
173352,0.0,
173353,0.0,
173354,0.0,
173355,0.0,
173356,0.0,
173357,0.0,
173358,0.0,
173359,0.0,
173360,0.0,
173361,0.0,
173362,0.0,
173363,0.0,
173364,0.0,
173365,0.0,
173366,0.0,
173367,0.0,
173368,0.0,
173369,0.0,
173370,0.0,
173371,0.0,
173372,0.0,
173373,0.0,
173374,0.0,
173375,0.0,
173376,0.0,
173377,0.0,
173378,0.0,
173379,0.0,
173380,0.0,
173381,0.0,
173382,0.0,
173383,0.0,
173384,0.0,
173385,0.0,
173386,0.0,
173387,0.0,
173388,0.0,
173389,0.0,
173390,0.0,
173391,0.0,
173392,0.0,
173393,0.0,
173394,0.0,
173395,0.0,
173396,0.0,
173397,0.0,
173398,0.0,
173399,0.0,
173400,0.0,
173401,0.0,
173402,0.0,
173403,0.0,
173404,0.0,
173405,0.0,
173406,0.0,
173407,0.0,
173408,0.0,
173409,0.0,
173410,0.06,
173411,0.06,
173412,0.0,
173414,0.48,
173416,0.52,
173417,2.72,
173418,3.76,
173419,0.0,
173420,0.0,
173421,0.16,
173422,10.3,
173423,0.4,
173424,1.12,
173426,0.0,
173427,0.0,
173428,0.23,
173429,21.8,
173430,0.06,
173431,0.9,
173432,5.09,
173433,0.12,
173435,0.0,
173436,0.07,
173437,0.0,
173438,5.56,
173439,0.52,
173440,0.49,
173441,5.2,
173442,0.3,
173443,0.22,
173444,0.39,
173445,7.5,
173446,8.2,
173447,6.7,
173448,8.1,
173449,8.5,
173450,9.55,
173451,2.9,
173452,0.0,
173453,33.04,
173454,38.42,
173455,8.02,
173456,18.64,
173457,19.05,
173458,19.0,
173459,5.71,
173460,4.0,
173461,49.74,
173462,2.0,
173463,5.43,
173464,12.61,
173465,21.16,
173466,18.3,
173467,8.82,
173468,0.0,
173469,0.4,
173471,12.65,
173472,7.99,
173477,30.56,
173478,57.4,
173479,0.0,
173480,0.0,
173481,0.0,
173482,0.0,
173483,0.0,
173484,1.4,
173485,68.65,
173486,0.8,
173487,9.09,
173490,2.09,
173491,2.43,
173492,2.72,
173494,2.34,
173495,2.34,
173496,1.72,
173497,1.68,
173498,1.58,
173500,1.25,
173501,1.54,
173502,1.36,
173503,1.27,
173504,2.35,
173505,6.09,
173506,3.64,
173507,3.16,
173508,0.91,
173509,12.27,
173510,2.93,
173511,10.48,
173512,9.87,
173513,1.46,
173515,1.57,
173516,1.45,
173517,7.98,
173518,2.04,
173519,6.12,
173520,57.14,
173521,2.65,
173522,8.1,
173523,53.0,
173529,4.78,
173530,5.9,
173534,6.13,
173535,9.7,
173536,39.3,
173537,14.24,
173538,4.1,
173539,0.53,
173540,6.11,
173541,6.7,
173542,13.1,
173543,52.97,
173544,7.0,
173545,0.1,
173546,54.73,
173547,0.97,
173548,0.97,
173549,5.68,
173550,7.6,
173551,44.38,
173552,56.0,
173553,7.77,
173554,56.0,
173555,6.1,
173556,12.18,
173557,52.2,
173558,13.78,
173559,55.67,
173560,6.77,
173561,54.73,
173562,3.48,
173563,0.0,
173564,0.0,
173565,0.0,
173568,0.0,
173569,0.0,
173570,0.0,
173571,0.0,
173574,0.0,
173575,0.0,
173576,0.0,
173580,0.0,
173581,0.0,
173582,0.0,
173583,0.0,
173584,0.0,
173585,0.0,
173586,0.0,
173590,8.85,
173591,5.35,
173592,4.69,
173593,3.77,
173594,3.56,
173595,0.0,
173596,0.0,
173597,0.0,
173598,0.0,
173599,0.0,
173600,0.0,
173601,0.0,
173602,0.0,
173603,0.0,
173604,0.0,
173605,0.0,
173606,0.0,
173607,0.0,
173608,0.0,
173609,1.0,
173610,0.0,
173612,0.0,
173613,0.0,
173614,0.0,
173617,0.0,
173618,0.0,
173619,0.0,
173622,0.0,
173625,0.0,
173626,0.0,
173627,0.0,
173630,0.0,
173631,0.0,
173632,0.0,
173634,0.0,
173636,0.0,
173637,0.0,
173638,0.0,
173643,0.0,
173645,0.0,
173647,0.0,
173649,32.94,
173650,2.89,
173651,11.7,
173652,11.91,
173653,42.5,
173654,9.76,
173659,80.5,
173660,5.24,
173665,32.2,
173666,46.46,
173667,10.28,
173668,0.0,
173672,0.0,
173673,0.0,
173678,0.0,
173680,0.0,
173681,0.0,
173682,0.0,
173684,0.0,
173687,0.0,
173688,0.0,
173690,0.0,
173691,0.0,
173692,0.0,
173693,0.0,
173696,0.0,
173697,0.0,
173698,0.0,
173701,0.0,
173702,0.0,
173703,0.0,
173704,0.0,
173706,0.0,
173708,0.0,
173709,0.0,
173711,0.0,
173712,0.0,
173713,0.0,
173717,0.0,
173718,0.0,
173719,0.0,
173720,0.0,
173723,0.0,
173724,0.0,
173732,8.23,
173733,5.67,
173734,2.12,
173735,0.32,
173740,0.32,
173741,1.85,
173744,2.1,
173745,3.88,
173746,0.37,
173747,0.28,
173748,2.14,
173752,0.34,
173753,1.82,
173756,10.7,
173757,4.8,
173758,6.9,
173759,3.3,
173766,2.61,
173767,7.13,
173768,0.41,
173769,3.5,
173791,1.41,
173792,0.32,
173794,0.37,
173795,0.36,
173796,0.34,
173798,1.82,
173799,4.8,
173800,4.01,
173801,4.0,
173802,2.9,
173806,4.9,
173810,0.0,
173812,0.0,
173813,0.0,
173816,0.0,
173818,0.0,
173819,0.57,
173820,0.0,
173821,0.0,
173823,0.0,
173824,0.0,
173825,0.0,
173826,0.0,
173829,0.0,
173833,0.0,
173835,0.0,
173836,0.0,
173838,0.0,
173839,0.0,
173846,0.0,
173847,0.0,
173852,0.0,
173854,0.0,
173855,0.0,
173856,0.0,
173857,2.9,
173858,0.47,
173859,0.0,
173861,0.9,
173862,1.17,
173863,0.0,
173864,1.0,
173865,0.0,
173866,0.0,
173867,0.0,
173868,0.0,
173871,0.0,
173872,0.0,
173873,0.0,
173874,0.75,
173875,2.75,
173876,0.53,
173877,2.39,
173878,2.38,
173879,2.05,
173880,0.81,
173881,10.68,
173882,0.0,
173883,0.02,
173884,4.5,
173885,35.8,
173887,12.12,
173889,31.51,
173890,20.27,
173891,19.43,
173893,3.57,
173895,46.88,
173896,7.8,
173897,0.1,
173898,2.76,
173899,0.38,
173900,0.3,
173901,0.2,
173902,0.07,
173903,0.0,
173904,0.99,
173905,0.27,
173906,6.31,
173907,30.02,
173908,8.71,
173909,40.91,
173910,0.94,
173914,0.04,
173915,0.03,
173917,0.76,
173918,22.3,
173919,29.2,
173920,30.28,
173921,21.53,
173922,1.25,
173923,1.29,
173924,24.85,
173925,26.34,
173926,1.27,
173927,20.29,
173928,11.01,
173929,11.61,
173930,14.84,
173933,9.62,
173934,38.83,
173935,10.93,
173937,10.74,
173939,14.89,
173941,53.44,
173942,19.57,
173944,12.23,
173945,47.3,
173946,4.88,
173947,7.7,
173948,20.46,
173950,8.45,
173951,19.72,
173953,12.87,
173954,8.49,
173955,7.6,
173957,10.26,
173958,12.31,
173959,15.79,
173960,16.18,
173961,31.75,
173964,7.37,
173980,0.0,
173981,0.0,
173982,0.0,
173983,0.0,
173984,0.0,
173985,0.0,
173986,0.0,
173987,0.0,
173988,0.0,
173989,0.0,
173990,0.0,
173991,0.0,
173992,0.0,
173993,0.0,
173994,0.0,
173995,0.0,
173996,0.0,
173997,0.0,
173998,0.0,
173999,0.0,
174000,0.0,
174001,0.0,
174002,0.0,
174003,0.0,
174004,0.0,
174005,0.0,
174006,0.0,
174007,0.0,
174008,0.0,
174009,0.0,
174010,0.0,
174011,0.0,
174012,0.0,
174013,0.0,
174014,0.0,
174015,0.0,
174016,0.0,
174017,0.0,
174018,0.0,
174019,0.0,
174020,0.0,
174021,0.0,
174022,0.0,
174023,0.0,
174024,0.0,
174025,0.0,
174026,0.0,
174027,0.0,
174028,0.0,
174029,0.0,
174030,0.0,
174031,0.0,
174032,0.0,
174033,0.0,
174034,0.0,
174035,0.0,
174036,0.0,
174037,0.0,
174038,0.0,
174039,0.0,
174040,0.0,
174041,0.0,
174042,0.0,
174043,0.0,
174044,0.0,
174045,0.0,
174046,0.0,
174047,0.0,
174048,0.0,
174049,0.0,
174050,0.0,
174051,0.0,
174052,0.0,
174053,0.0,
174054,0.0,
174055,0.0,
174056,0.0,
174057,0.0,
174058,0.0,
174059,0.0,
174060,0.0,
174061,0.0,
174062,0.23,
174063,0.0,
174064,0.34,
174065,1.22,
174066,18.75,
174067,11.83,
174068,1.95,
174069,1.4,
174070,17.07,
174071,2.78,
174073,1.22,
174074,1.83,
174075,2.93,
174076,4.15,
174077,3.4,
174078,3.55,
174079,33.8,
174080,32.0,
174081,2.44,
174082,33.42,
174083,22.86,
174084,0.0,
174085,4.29,
174086,8.57,
174087,21.65,
174088,51.72,
174089,6.9,
174090,5.92,
174091,0.0,
174092,9.3,
174093,1.75,
174094,9.3,
174095,38.24,
174096,40.32,
174097,40.91,
174098,1.18,
174099,8.36,
174100,3.53,
174101,11.3,
174102,9.81,
174103,3.9,
174104,0.86,
174105,1.73,
174106,4.06,
174107,15.38,
174108,10.42,
174110,0.96,
174111,11.63,
174112,4.8,
174113,0.0,
174116,2.5,
174117,49.65,
174118,11.31,
174119,9.23,
174120,0.0,
174121,0.0,
174122,65.55,
174123,9.03,
174125,0.0,
174126,0.0,
174127,34.98,
174128,5.32,
174129,0.0,
174130,0.0,
174131,3.75,
174132,12.6,
174133,0.0,
174134,0.0,
174135,58.2,
174136,5.02,
174137,11.42,
174139,0.08,
174140,14.5,
174141,9.77,
174143,0.0,
174144,0.0,
174145,0.09,
174146,5.92,
174147,12.2,
174148,3.97,
174149,11.32,
174150,5.02,
174151,11.29,
174153,0.0,
174154,66.67,
174156,0.0,
174157,1.1,
174158,0.0,
174159,81.82,
174160,11.59,
174161,5.49,
174171,12.08,
174172,12.08,
174173,0.63,
174174,11.4,
174175,10.37,
174176,9.0,
174177,0.0,
174178,1.3,
174179,15.85,
174180,5.0,
174181,3.57,
174182,0.0,
174183,0.0,
174188,0.0,
174189,0.0,
174190,0.0,
174191,0.0,
174192,0.0,
174193,0.0,
174195,1.65,
174196,0.0,
174197,0.0,
174198,0.0,
174199,0.0,
174200,0.0,
174201,0.0,
174203,6.25,
174205,0.0,
174206,0.0,
174207,0.0,
174208,0.0,
174209,0.0,
174210,0.0,
174212,0.0,
174214,0.0,
174216,0.0,
174218,0.0,
174220,0.0,
174223,0.0,
174249,0.0,
174250,0.0,
174251,0.0,
174252,8.5,
174253,2.9,
174255,8.32,
174256,6.6,
174257,2.0,
174258,0.0,
174260,2.47,
174262,4.9,
174265,8.41,
174266,10.49,
174267,8.22,
174269,0.0,
174270,7.33,
174271,3.0,
174273,7.5,
174274,7.61,
174275,16.42,
174276,0.0,
174277,0.4,
174278,1.7,
174279,1.3,
174285,3.8,
174286,0.54,
174287,1.07,
174288,10.85,
174289,0.62,
174290,0.71,
174292,1.31,
174293,7.86,
174294,6.5,
174295,7.86,
174296,0.59,
174298,0.54,
174299,2.36,
174301,20.0,
174302,0.0,
174310,0.0,
174312,0.0,
174314,0.0,
174322,0.0,
174325,0.0,
174326,0.0,
174332,0.0,
174340,0.0,
174341,0.0,
174342,0.0,
174345,0.0,
174346,0.0,
174348,0.0,
174349,0.0,
174358,0.0,
174370,0.0,
174414,0.0,
174415,0.0,
174416,0.0,
174421,0.0,
174422,0.0,
174423,0.0,
174424,0.0,
174425,0.0,
174426,0.0,
174427,0.0,
174428,0.0,
174429,0.0,
174430,0.0,
174431,0.0,
174434,0.0,
174435,0.0,
174436,0.0,
174437,0.0,
174438,0.0,
174439,0.0,
174440,0.0,
174441,0.0,
174442,0.0,
174443,0.0,
174444,0.0,
174445,0.0,
174446,0.0,
174447,0.0,
174448,0.0,
174449,0.0,
174450,0.0,
174451,0.0,
174452,0.0,
174453,0.0,
174454,0.0,
174455,0.0,
174456,0.0,
174457,0.0,
174458,0.0,
174459,0.0,
174460,0.0,
174461,0.0,
174462,0.0,
174463,0.0,
174464,0.0,
174476,0.0,
174477,0.0,
174478,0.0,
174479,0.0,
174480,0.0,
174481,0.0,
174482,0.0,
174483,0.0,
174484,0.0,
174485,0.0,
174486,0.0,
174487,0.0,
174488,0.0,
174489,0.0,
174490,0.0,
174491,0.0,
174492,0.0,
174493,0.0,
174494,0.0,
174495,0.0,
174496,0.0,
174497,0.0,
174498,0.0,
174499,0.0,
174500,0.0,
174501,0.0,
174502,0.0,
174503,0.0,
174504,0.0,
174505,0.0,
174506,0.31,
174507,0.1,
174508,0.0,
174509,0.1,
174510,0.0,
174511,0.06,
174512,0.0,
174513,0.0,
174514,0.0,
174515,0.0,
174516,0.0,
174517,0.0,
174518,0.0,
174519,0.0,
174520,0.1,
174521,0.0,
174522,0.79,
174523,33.24,
174524,4.01,
174525,4.38,
174526,3.98,
174527,1.26,
174528,0.13,
174529,0.0,
174530,2.13,
174531,3.64,
174533,3.17,
174534,5.06,
174535,1.57,
174536,0.43,
174538,4.31,
174539,2.81,
174540,2.82,
174542,5.29,
174543,10.81,
174544,32.26,
174546,6.59,
174547,8.23,
174548,0.41,
174551,0.29,
174552,1.17,
174554,1.32,
174555,0.19,
174556,0.0,
174561,3.19,
174564,1.57,
174565,0.45,
174567,1.59,
174568,0.2,
174569,3.9,
174570,0.29,
174571,0.0,
174572,3.51,
174573,0.0,
174574,4.61,
174575,0.0,
174576,8.46,
174578,1.09,
174579,0.0,
174580,0.0,
174581,0.0,
174582,0.26,
174583,0.0,
174584,0.94,
174585,0.0,
174586,1.42,
174589,1.4,
174590,0.3,
174591,1.6,
174594,1.26,
174595,0.0,
174596,1.65,
174597,0.71,
174598,6.21,
174599,0.12,
174600,0.0,
174601,0.0,
174602,0.8,
174603,1.2,
174604,3.2,
174605,1.9,
174606,3.2,
174608,0.43,
174609,0.0,
174610,1.35,
174611,0.0,
174613,4.0,
174614,1.27,
174616,1.0,
174617,0.0,
174618,0.0,
174619,48.11,
174620,25.18,
174621,43.23,
174622,16.69,
174623,16.67,
174624,31.27,
174625,30.85,
174626,1.43,
174628,34.7,
174629,0.3,
174630,0.64,
174631,42.5,
174632,25.37,
174633,44.33,
174634,43.12,
174636,21.14,
174637,28.91,
174638,29.45,
174640,1.42,
174641,2.0,
174642,37.93,
174643,51.34,
174644,30.17,
174645,44.61,
174646,32.86,
174647,43.15,
174648,7.84,
174649,13.79,
174650,45.97,
174651,0.13,
174652,44.31,
174653,22.5,
174654,18.17,
174655,0.47,
174657,43.82,
174658,27.43,
174659,24.9,
174660,1.0,
174661,17.66,
174662,17.78,
174663,21.9,
174664,55.45,
174665,47.92,
174666,23.35,
174667,7.51,
174668,10.86,
174673,6.89,
174676,7.31,
174678,7.69,
174679,11.03,
174680,34.16,
174681,9.63,
174682,16.25,
174683,15.48,
174684,9.7,
174685,19.05,
174686,5.88,
174687,19.08,
174688,0.0,
174689,0.0,
174690,0.0,
174691,0.0,
174692,0.0,
174693,0.0,
174694,0.0,
174695,0.0,
174696,0.0,
174697,0.0,
174698,0.0,
174699,0.0,
174700,0.0,
174701,0.0,
174702,0.0,
174703,0.0,
174704,0.0,
174705,0.0,
174706,0.0,
174707,0.0,
174708,0.0,
174709,0.0,
174710,0.0,
174711,0.0,
174712,0.0,
174713,0.0,
174714,0.0,
174715,0.0,
174716,0.0,
174717,0.0,
174718,0.0,
174719,0.0,
174720,0.0,
174721,0.0,
174722,0.0,
174723,0.0,
174724,0.0,
174725,0.0,
174726,0.0,
174727,0.0,
174728,0.0,
174729,0.0,
174730,0.0,
174731,0.0,
174732,0.0,
174733,0.0,
174734,0.0,
174735,0.0,
174736,0.0,
174737,0.0,
174738,0.0,
174739,0.0,
174740,0.0,
174741,0.0,
174742,0.0,
174743,0.0,
174744,0.0,
174745,0.0,
174746,0.0,
174747,0.0,
174748,0.0,
174749,0.0,
174750,0.0,
174751,0.0,
174752,0.0,
174753,0.0,
174754,0.0,
174755,0.0,
174756,0.0,
174757,0.0,
174758,0.0,
174759,0.0,
174760,0.0,
174761,0.0,
174762,0.0,
174763,0.0,
174764,0.0,
174765,0.0,
174766,0.0,
174767,0.0,
174768,0.0,
174769,0.0,
174770,0.0,
174771,0.0,
174772,0.0,
174773,0.0,
174774,0.0,
174775,0.0,
174776,0.0,
174777,0.0,
174779,39.15,
174783,8.82,
174786,28.75,
174787,16.9,
174788,8.82,
174789,7.05,
174790,0.25,
174791,9.75,
174792,27.0,
174793,42.31,
174794,17.14,
174795,31.54,
174796,4.04,
174797,20.0,
174798,65.0,
174799,31.62,
174800,29.17,
174801,33.14,
174802,40.0,
174803,26.32,
174804,4.08,
174805,0.34,
174806,4.22,
174807,0.09,
174808,0.42,
174809,0.0,
174811,21.4,
174812,12.78,
174813,40.48,
174814,0.78,
174815,0.0,
174816,3.75,
174817,0.0,
174818,0.0,
174819,0.1,
174820,8.75,
174821,13.75,
174822,0.0,
174823,9.7,
174824,27.27,
174825,0.0,
174826,0.0,
174827,0.0,
174828,12.9,
174831,3.92,
174832,0.81,
174837,0.96,
174842,0.0,
174846,8.9,
174847,9.09,
174850,0.0,
174851,10.58,
174852,9.94,
174853,5.16,
174855,0.0,
174856,11.02,
174858,94.7,
174859,3.5,
174860,97.15,
174861,6.87,
174862,13.27,
174863,8.05,
174864,63.64,
174865,10.49,
174866,66.67,
174867,6.68,
174868,11.03,
174869,95.45,
174871,0.0,
174873,0.02,
174874,0.0,
174875,0.0,
174876,0.0,
174878,0.0,
174879,0.0,
174880,0.0,
174881,0.0,
174882,0.0,
174883,0.0,
174884,0.0,
174885,0.0,
174886,0.0,
174887,0.0,
174888,0.0,
174889,0.0,
174890,0.0,
174891,0.0,
174892,0.0,
174893,0.0,
174894,0.0,
174895,0.0,
174896,0.0,
174897,0.0,
174898,0.0,
174899,8.43,
174900,9.14,
174902,11.65,
174904,7.18,
174905,8.14,
174907,2.42,
174908,20.34,
174909,16.05,
174911,3.59,
174913,4.69,
174914,6.94,
174915,1.3,
174916,2.87,
174917,1.44,
174918,0.53,
174920,2.29,
174921,3.71,
174922,4.76,
174923,4.67,
174924,5.67,
174925,6.2,
174928,6.2,
174929,1.26,
174930,8.27,
174931,2.04,
174933,32.94,
174934,39.96,
174935,39.53,
174938,29.53,
174939,27.42,
174942,37.76,
174943,37.3,
174944,39.22,
174945,41.79,
174946,44.21,
174947,43.29,
174950,20.24,
174953,38.04,
174956,19.92,
174957,24.85,
174958,37.3,
174959,25.39,
174963,33.14,
174965,35.44,
174966,47.56,
174967,21.65,
174971,27.31,
174972,36.51,
174973,37.5,
174974,35.07,
174975,4.53,
174976,6.98,
174977,0.94,
174980,10.32,
174982,8.18,
174983,3.18,
174984,10.5,
174985,15.48,
174986,0.25,
174987,11.26,
174989,11.35,
174990,18.15,
174991,26.65,
174993,31.92,
174994,3.53,
174995,3.47,
174996,0.81,
174997,14.76,
174999,2.03,
175000,6.0,
175001,25.66,
175002,17.78,
175007,2.21,
175011,15.65,
175014,27.39,
175016,18.52,
175019,28.31,
175020,16.23,
175021,25.18,
175024,3.72,
175025,4.23,
175026,0.17,
175027,4.3,
175028,6.67,
175029,1.17,
175030,1.63,
175031,1.77,
175032,25.75,
175034,31.73,
175035,26.13,
175036,0.88,
175037,3.71,
175038,4.91,
175040,0.0,
175042,0.0,
175044,5.08,
175045,12.95,
175046,23.07,
175048,5.02,
175056,2.22,
175058,1.79,
175059,13.04,
175060,0.28,
175068,0.38,
175069,4.87,
175079,10.1,
175083,23.0,
175084,36.0,
175088,4.52,
175089,95.29,
175090,8.33,
175091,1.88,
175092,2.93,
175093,8.97,
175095,11.4,
175097,38.3,
175098,19.76,
175099,0.0,
175100,38.05,
175101,11.05,
175103,0.0,
175105,8.02,
175108,6.11,
175109,0.0,
175110,9.63,
175111,8.69,
175112,1.09,
175114,55.58,
175115,9.23,
175116,0.0,
175117,0.0,
175118,7.71,
175119,0.0,
175121,0.0,
175123,0.0,
175125,0.0,
175126,0.0,
175129,0.0,
175130,0.0,
175131,0.0,
175132,0.0,
175133,0.0,
175135,0.0,
175136,0.0,
175138,0.0,
175139,0.0,
175140,0.43,
175141,0.0,
175142,0.0,
175146,0.0,
175148,0.0,
175149,0.0,
175153,0.0,
175157,0.0,
175158,0.0,
175159,0.0,
175161,0.0,
175165,0.0,
175166,0.0,
175167,0.0,
175168,0.0,
175171,0.96,
175174,0.0,
175175,0.0,
175176,0.0,
175177,0.0,
175182,7.96,
175184,6.53,
175186,2.12,
175187,0.32,
175188,0.23,
175192,1.41,
175194,0.32,
175195,1.85,
175198,0.36,
175199,2.11,
175200,0.34,
175201,1.02,
175202,2.11,
175203,0.34,
175204,0.29,
175207,1.65,
175215,0.41,
175216,3.65,
175217,3.65,
175237,0.32,
175238,0.23,
175239,0.32,
175242,0.32,
175245,1.85,
175247,1.02,
175248,0.34,
175249,0.34,
175250,2.59,
175252,3.3,
175254,1.8,
175255,2.0,
175256,2.01,
175257,2.9,
175259,0.0,
175260,0.0,
175261,0.0,
175262,0.0,
175264,0.0,
175265,0.0,
175268,0.0,
175271,0.57,
175272,0.0,
175273,0.0,
175274,0.0,
175276,0.0,
175277,0.0,
175278,0.0,
175286,0.0,
175288,0.0,
175290,0.0,
175291,0.0,
175293,0.0,
175295,0.0,
175298,0.0,
175304,0.0,
324860,10.5,
325871,5.34,
332791,0.0,
333008,34.8,
746764,4.2,
746771,8.57,
746773,9.69,
746782,4.81,
746784,99.8,
748967,0.2,
790276,1.04,
790577,5.76,
790646,5.82,
1104962,5.76,
1105430,11.1,
1105547,11.7,
1105664,10.5,
1105781,11.3,
1105897,12.6,
2705413,2.5,
2706363,0.0,
2707598,5.34,
2709234,12.0,
