dish_id,food_id,grams,note,vai_tro
PHO-BO,5,200,Bánh phở tươi,
PHO-BO,21,50,Thịt bò thăn,
PHO-BO,137,1.91,tiết chế: còn 19% so với công thức gốc,
PHO-BO,139,0.29,tiết chế: còn 19% so với công thức gốc,
PHO-BO,62,30,Giá đỗ,
BUN-DAU-MAM,4,200,Bún tươi,
BUN-DAU-MAM,55,100,Đậu phụ,
BUN-DAU-MAM,137,4.56,tiết chế: còn 57% so với công thức gốc,
CANH-RAU-MUONG,65,100,Rau muống,
CANH-RAU-MUONG,137,0.36,tiết chế: còn 12% so với công thức gốc,
CANH-RAU-MUONG,139,0.06,tiết chế: còn 12% so với công thức gốc,
VN-RAU-MUONG-XAO-TOI,65,200,Rau muống,
VN-RAU-MUONG-XAO-TOI,151,5,Tỏi,
VN-RAU-MUONG-XAO-TOI,129,10,Dầu ăn thực vật,
VN-DAU-PHU-SOT-CA,55,200,Đậu phụ,
VN-DAU-PHU-SOT-CA,85,100,Cà chua,
VN-DAU-PHU-SOT-CA,2041,10,Hành củ tươi,
VN-DAU-PHU-SOT-CA,129,10,Dầu ăn thực vật,
VN-GA-KHO-GUNG,2095,200,Thịt gà ta,
VN-GA-KHO-GUNG,152,15,Gừng,
VN-GA-KHO-GUNG,137,3.62,tiết chế: còn 93% so với công thức gốc,
VN-CANH-CAI-TOM,68,150,Rau cải ngọt,
VN-CANH-CAI-TOM,47,50,Tôm biển,
VN-CANH-CAI-TOM,137,1.94,tiết chế: còn 19% so với công thức gốc,
VN-SUON-XAO-CHUA-NGOT,2121,200,Sườn lợn,
VN-SUON-XAO-CHUA-NGOT,85,50,Cà chua,
VN-SUON-XAO-CHUA-NGOT,102,30,Hành tây,
VN-TRUNG-CHIEN,33,120,Trứng gà,
VN-TRUNG-CHIEN,2041,10,Hành củ tươi,
VN-TRUNG-CHIEN,129,10,Dầu ăn thực vật,
VN-CANH-SU-HAO,88,150,Su hào,
VN-CANH-SU-HAO,86,50,Cà rốt,
VN-CANH-SU-HAO,19,50,Thịt lợn nạc,
VN-NAM-XAO-THIT-BO,101,50,Nấm hương,
VN-NAM-XAO-THIT-BO,21,100,Thịt bò thăn,
VN-NAM-XAO-THIT-BO,151,5,Tỏi,
VN-NAM-XAO-THIT-BO,129,10,Dầu ăn thực vật,
BANH-MI-THIT-VCB,4056,10.00,Nguồn: vietnamesecookbook.com,
BANH-MI-THIT-VCB,131,25.00,Nguồn: vietnamesecookbook.com,
BANH-MI-THIT-VCB,137,2.25,tiết chế: còn 60% so với công thức gốc,
BANH-MI-THIT-VCB,2161,15.00,Nguồn: vietnamesecookbook.com,
BANH-MI-THIT-VCB,95,37.50,"Ước lượng quy đổi từ đơn vị bếp (chưa cân đo thật), nguồn: vietnamesecookbook.com",
BANH-MI-THIT-VCB,78,5.00,"Ước lượng quy đổi từ đơn vị bếp (chưa cân đo thật), nguồn: vietnamesecookbook.com",
BANH-MI-THIT-VCB,143,2.25,tiết chế: còn 60% so với công thức gốc,
BUN-BO-HUE-VCB,22,166.67,Nguồn: vietnamesecookbook.com,
BUN-BO-HUE-VCB,4054,133.33,Nguồn: vietnamesecookbook.com,
BUN-BO-HUE-VCB,102,25.00,Nguồn: vietnamesecookbook.com,
BUN-BO-HUE-VCB,137,3.45,tiết chế: còn 46% so với công thức gốc,
BUN-BO-HUE-VCB,129,10.00,Nguồn: vietnamesecookbook.com,
BUN-BO-HUE-VCB,4,133.33,Nguồn: vietnamesecookbook.com,
CA-PHE-SUA-DA-VCB,125,35,Nguồn: vietnamesecookbook.com,
BANH-XEO-VCB,4003,62.50,Nguồn: vietnamesecookbook.com,
BANH-XEO-VCB,136,50.00,Nguồn: vietnamesecookbook.com,
BANH-XEO-VCB,139,0.78,tiết chế: còn 62% so với công thức gốc,
BANH-XEO-VCB,79,5.00,"Ước lượng quy đổi từ đơn vị bếp (chưa cân đo thật), nguồn: vietnamesecookbook.com",
BANH-XEO-VCB,20,50.00,Nguồn: vietnamesecookbook.com,
BANH-XEO-VCB,47,50.00,Nguồn: vietnamesecookbook.com,
BANH-XEO-VCB,102,37.50,Nguồn: vietnamesecookbook.com,
BANH-XEO-VCB,62,62.50,Nguồn: vietnamesecookbook.com,
BANH-XEO-VCB,129,22.50,Nguồn: vietnamesecookbook.com,
BANH-XEO-VCB,76,25.00,"Ước lượng quy đổi từ đơn vị bếp (chưa cân đo thật), nguồn: vietnamesecookbook.com",
CA-KHO-TO-VCB,137,1.85,tiết chế: còn 95% so với công thức gốc,
CA-KHO-TO-VCB,149,3.00,Nguồn: vietnamesecookbook.com,
CA-KHO-TO-VCB,151,3.75,"Ước lượng quy đổi từ đơn vị bếp (chưa cân đo thật), nguồn: vietnamesecookbook.com",
CA-KHO-TO-VCB,137,1.85,tiết chế: còn 95% so với công thức gốc,
CA-KHO-TO-VCB,122,37.50,Nguồn: vietnamesecookbook.com,
CA-KHO-TO-VCB,129,3.75,Nguồn: vietnamesecookbook.com,
CA-KHO-TO-VCB,79,5.00,"Ước lượng quy đổi từ đơn vị bếp (chưa cân đo thật), nguồn: vietnamesecookbook.com",
GOI-CUON-VCB,20,87.50,Nguồn: vietnamesecookbook.com,
GOI-CUON-VCB,47,87.50,Nguồn: vietnamesecookbook.com,
GOI-CUON-VCB,4,25.00,Nguồn: vietnamesecookbook.com,
GOI-CUON-VCB,76,30.00,"Ước lượng quy đổi từ đơn vị bếp (chưa cân đo thật), nguồn: vietnamesecookbook.com",
GOI-CUON-VCB,151,1.25,"Ước lượng quy đổi từ đơn vị bếp (chưa cân đo thật), nguồn: vietnamesecookbook.com",
GOI-CUON-VCB,132,7.50,"Ước lượng quy đổi từ đơn vị bếp (chưa cân đo thật), nguồn: vietnamesecookbook.com",
CANH-CHUA-CA-VCB,137,1.95,tiết chế: còn 17% so với công thức gốc,
CANH-CHUA-CA-VCB,149,6.25,Nguồn: vietnamesecookbook.com,
CANH-CHUA-CA-VCB,151,3.75,"Ước lượng quy đổi từ đơn vị bếp (chưa cân đo thật), nguồn: vietnamesecookbook.com",
CANH-CHUA-CA-VCB,111,50.00,Nguồn: vietnamesecookbook.com,
CANH-CHUA-CA-VCB,85,60.00,"Ước lượng quy đổi từ đơn vị bếp (chưa cân đo thật), nguồn: vietnamesecookbook.com",
CANH-CHUA-CA-VCB,97,22.50,"Ước lượng quy đổi từ đơn vị bếp (chưa cân đo thật), nguồn: vietnamesecookbook.com",
CANH-CHUA-CA-VCB,62,25.00,Nguồn: vietnamesecookbook.com,
CANH-CHUA-CA-VCB,129,7.50,"Ước lượng quy đổi từ đơn vị bếp (chưa cân đo thật), nguồn: vietnamesecookbook.com",
COM-TAM-VCB,151,3.75,"Ước lượng quy đổi từ đơn vị bếp (chưa cân đo thật), nguồn: vietnamesecookbook.com",
COM-TAM-VCB,137,2.33,tiết chế: còn 21% so với công thức gốc,
COM-TAM-VCB,4076,10.00,Nguồn: vietnamesecookbook.com,
COM-TAM-VCB,149,3.00,Nguồn: vietnamesecookbook.com,
COM-TAM-VCB,129,7.50,Nguồn: vietnamesecookbook.com,
COM-TAM-VCB,79,10.00,"Ước lượng quy đổi từ đơn vị bếp (chưa cân đo thật), nguồn: vietnamesecookbook.com",
COM-TAM-VCB,129,15.00,Nguồn: vietnamesecookbook.com,
COM-TAM-VCB,33,50.00,"Ước lượng quy đổi từ đơn vị bếp (chưa cân đo thật), nguồn: vietnamesecookbook.com",
MI-QUANG-VCB,47,75.00,Nguồn: vietnamesecookbook.com,
MI-QUANG-VCB,2159,7.50,"Ước lượng quy đổi từ đơn vị bếp (chưa cân đo thật), nguồn: vietnamesecookbook.com",
MI-QUANG-VCB,151,5.00,"Ước lượng quy đổi từ đơn vị bếp (chưa cân đo thật), nguồn: vietnamesecookbook.com",
MI-QUANG-VCB,137,5.19,tiết chế: còn 69% so với công thức gốc,
MI-QUANG-VCB,36,13.50,"Ước lượng quy đổi từ đơn vị bếp (chưa cân đo thật), nguồn: vietnamesecookbook.com",
MI-QUANG-VCB,132,15.00,Nguồn: vietnamesecookbook.com,
MI-QUANG-VCB,121,15.00,"Ước lượng quy đổi từ đơn vị bếp (chưa cân đo thật), nguồn: vietnamesecookbook.com",
NUOC-CHAM-VCB,137,10.00,Nguồn: vietnamesecookbook.com,
NUOC-CHAM-VCB,121,10.00,Nguồn: vietnamesecookbook.com,
NUOC-CHAM-VCB,149,8.33,Nguồn: vietnamesecookbook.com,
NUOC-CHAM-VCB,151,1.67,"Ước lượng quy đổi từ đơn vị bếp (chưa cân đo thật), nguồn: vietnamesecookbook.com",
THIT-KHO-TRUNG-VCB,20,166.67,Nguồn: vietnamesecookbook.com,
THIT-KHO-TRUNG-VCB,33,83.33,"Ước lượng quy đổi từ đơn vị bếp (chưa cân đo thật), nguồn: vietnamesecookbook.com",
THIT-KHO-TRUNG-VCB,122,83.33,Nguồn: vietnamesecookbook.com,
THIT-KHO-TRUNG-VCB,137,2.59,tiết chế: còn 26% so với công thức gốc,
THIT-KHO-TRUNG-VCB,149,3.33,Nguồn: vietnamesecookbook.com,
THIT-KHO-TRUNG-VCB,151,2.50,"Ước lượng quy đổi từ đơn vị bếp (chưa cân đo thật), nguồn: vietnamesecookbook.com",
BUN-RIEU-VCB,33,37.50,"Ước lượng quy đổi từ đơn vị bếp (chưa cân đo thật), nguồn: vietnamesecookbook.com",
BUN-RIEU-VCB,85,150.00,"Ước lượng quy đổi từ đơn vị bếp (chưa cân đo thật), nguồn: vietnamesecookbook.com",
BUN-RIEU-VCB,144,2.05,tiết chế: còn 55% so với công thức gốc,
BUN-RIEU-VCB,137,4.10,tiết chế: còn 55% so với công thức gốc,
BUN-RIEU-VCB,4,100.00,Nguồn: vietnamesecookbook.com,
BUN-RIEU-VCB,55,75.00,Nguồn: vietnamesecookbook.com,
BUN-RIEU-VCB,65,25.00,"Ước lượng quy đổi từ đơn vị bếp (chưa cân đo thật), nguồn: vietnamesecookbook.com",
BUN-RIEU-VCB,121,15.00,"Ước lượng quy đổi từ đơn vị bếp (chưa cân đo thật), nguồn: vietnamesecookbook.com",
BANH-MI-THIT-VCB,7,20.00,"Nguồn: vietnamesecookbook.com — 4 ổ/4 người, ước lượng 80g/ổ (bánh mì Việt Nam thường nhẹ hơn bánh mì Âu)",
COM-TAM-VCB,4060,75.00,"Nguồn: vietnamesecookbook.com — 4 miếng sườn cốt lết/4 người, ước lượng 75g/miếng",
GOI-CUON-VCB,3022,3.75,"Ước lượng quy đổi từ đơn vị bếp (12 cọng hẹ ~1.25g/cọng, chưa cân đo thật), nguồn: vietnamesecookbook.com",
NIN-BUN-DAU,4,200,,
NIN-BUN-DAU,56,120,,
NIN-BUN-DAU,144,10,,
NIN-BUN-DAU,76,30,,
NIN-BUN-DAU,78,5,,
NIN-BUN-DOC-MUNG,4,200,,
NIN-BUN-DOC-MUNG,20,60,,
NIN-BUN-DOC-MUNG,85,40,,
NIN-BUN-DOC-MUNG,137,5.18,tiết chế: còn 35% so với công thức gốc,
NIN-BUN-DOC-MUNG,79,10,,
NIN-BUN-BO-NAM-BO,4,200,,
NIN-BUN-BO-NAM-BO,21,80,,
NIN-BUN-BO-NAM-BO,62,30,,
NIN-BUN-BO-NAM-BO,78,5,,
NIN-BUN-BO-NAM-BO,132,10,,
NIN-BUN-BO-NAM-BO,137,5.18,tiết chế: còn 35% so với công thức gốc,
NIN-BUN-BO-NAM-BO,151,5,,
NIN-CHAO-SUON,18,320,,
NIN-CHAO-SUON,20,60,,
NIN-CHAO-SUON,79,8,,
NIN-CHAO-SUON,137,5,,
NIN-COM-RANG,2,250,,
NIN-COM-RANG,33,55,,
NIN-COM-RANG,86,30,,
NIN-COM-RANG,79,10,,
NIN-COM-RANG,129,10,,
NIN-COM-RANG,137,3.89,tiết chế: còn 78% so với công thức gốc,
NIN-XOI-LAC,10,220,,
NIN-XOI-LAC,132,30,,
NIN-NEM-RAN,19,100,,
NIN-NEM-RAN,33,30,,
NIN-NEM-RAN,6,20,,
NIN-NEM-RAN,86,30,,
NIN-NEM-RAN,79,10,,
NIN-NEM-RAN,137,3.89,tiết chế: còn 39% so với công thức gốc,
NIN-NEM-LUI,19,150,,
NIN-NEM-LUI,151,5,,
NIN-NEM-LUI,137,3.89,tiết chế: còn 39% so với công thức gốc,
NIN-CHA-LA-LOT,19,120,,
NIN-CHA-LA-LOT,130,20,,
NIN-CHA-LA-LOT,137,3.89,tiết chế: còn 39% so với công thức gốc,
NIN-CHA-LA-LOT,151,5,,
NIN-GIO-LUA,19,95,,
NIN-GIO-LUA,137,3.89,tiết chế: còn 78% so với công thức gốc,
NIN-GIO-BO,22,95,,
NIN-GIO-BO,137,3.89,tiết chế: còn 78% so với công thức gốc,
NIN-CHA-QUE,19,70,,
NIN-CHA-QUE,149,5,,
NIN-CHA-QUE,137,3.30,tiết chế: còn 33% so với công thức gốc,
NIN-CHA-QUE-LON,19,70,,
NIN-CHA-QUE-LON,149,5,,
NIN-CHA-QUE-LON,137,3.30,tiết chế: còn 33% so với công thức gốc,
NIN-CHA-CA-BASA,40,180,,
NIN-CHA-CA-BASA,137,3.89,tiết chế: còn 39% so với công thức gốc,
NIN-CHA-CA-BASA,79,10,,
NIN-THIT-VIT-HAM,25,200,,
NIN-THIT-VIT-HAM,137,3.89,tiết chế: còn 39% so với công thức gốc,
NIN-THIT-VIT-HAM,152,5,,
NIN-THIT-XIEN-NUONG,19,130,,
NIN-THIT-XIEN-NUONG,151,5,,
NIN-THIT-XIEN-NUONG,137,2.21,tiết chế: còn 95% so với công thức gốc,
NIN-NOM-TAI-LON,78,10,,
NIN-NOM-TAI-LON,132,20,,
NIN-NOM-TAI-LON,137,0.45,tiết chế: còn 70% so với công thức gốc,
NIN-NOM-TAI-LON,151,3,,
NIN-CHE-DO-DEN,59,60,,
NIN-CHE-DO-DEN,149,40,,
NIN-CHE-DO-DEN,136,30,,
NIN-CHE-DO-DO,60,60,,
NIN-CHE-DO-DO,149,40,,
NIN-CHE-DO-DO,136,30,,
NIN-CHE-DO-XANH,58,60,,
NIN-CHE-DO-XANH,149,40,,
NIN-CHE-DO-XANH,136,30,,
NIN-CHE-CHUOI,103,100,,
NIN-CHE-CHUOI,149,30,,
NIN-CHE-CHUOI,136,50,,
NIN-CHE-BUOI,106,80,,
NIN-CHE-BUOI,58,40,,
NIN-CHE-BUOI,149,40,,
NIN-XOI-GAC,10,230,,
NIN-XOI-GAC,149,15,,
NIN-BANH-CUON-NONG-NHAN-THIT,2008,30,,
NIN-BANH-CUON-NONG-NHAN-THIT,19,50,,
NIN-BANH-CUON-NONG-NHAN-THIT,101,10,,
NIN-BANH-CUON-NONG-NHAN-THIT,137,2.11,tiết chế: còn 92% so với công thức gốc,
NIN-BANH-DUC,2008,150,,
NIN-BANH-DUC,139,0.77,tiết chế: còn 26% so với công thức gốc,
NIN-BANH-DUC-NONG,2008,40,,
NIN-BANH-DUC-NONG,19,30,,
NIN-BANH-DUC-NONG,137,1.50,tiết chế: còn 95% so với công thức gốc,
NIN-BANH-DUC-NGUOI,2008,150,,
NIN-BANH-DUC-NGUOI,139,0.77,tiết chế: còn 26% so với công thức gốc,
NIN-BANH-BAO-NHAN-THIT,16,90,,
NIN-BANH-BAO-NHAN-THIT,19,40,,
NIN-BANH-BAO-NHAN-THIT,33,15,,
NIN-BANH-BAO-CHIEN-CO-NHAN,16,90,,
NIN-BANH-BAO-CHIEN-CO-NHAN,19,40,,
NIN-BANH-BAO-CHIEN-CO-NHAN,129,10,,
NIN-BANH-MI-XIU-MAI,7,100,,
NIN-BANH-MI-XIU-MAI,19,100,,
NIN-BANH-MI-XIU-MAI,85,30,,
NIN-BANH-MI-XIU-MAI,137,3.89,tiết chế: còn 39% so với công thức gốc,
NIN-BANH-TE,2008,40,,
NIN-BANH-TE,19,30,,
NIN-BANH-TE,101,5,,
NIN-BANH-KHUC,10,100,,
NIN-BANH-KHUC,58,30,,
NIN-BANH-KHUC,20,20,,
NIN-BANH-KHOAI,11,150,,
NIN-BANH-KHOAI,16,40,,
NIN-BANH-KHOAI,129,10,,
NIN-BANH-KHOAI-SO-CHIEN,13,150,,
NIN-BANH-KHOAI-SO-CHIEN,16,40,,
NIN-BANH-KHOAI-SO-CHIEN,129,10,,
NIN-BANH-GIO-BANH,10,140,,
NIN-BANH-GIO-BANH,149,10,,
NIN-BANH-GAI,2007,90,,
NIN-BANH-GAI,58,40,,
NIN-BANH-GAI,149,15,,
NIN-BANH-COM,10,60,,
NIN-BANH-COM,58,35,,
NIN-BANH-COM,149,5,,
NIN-BANH-DEO-NHAN-THAP-CAM,2007,90,,
NIN-BANH-DEO-NHAN-THAP-CAM,132,20,,
NIN-BANH-DEO-NHAN-THAP-CAM,133,10,,
NIN-BANH-DEO-NHAN-THAP-CAM,149,25,,
NIN-BANH-DEO-NHAN-TRUNG,2007,90,,
NIN-BANH-DEO-NHAN-TRUNG,34,30,,
NIN-BANH-DEO-NHAN-TRUNG,149,25,,
NIN-BANH-NUONG-NHAN-THAP-CAM,16,80,,
NIN-BANH-NUONG-NHAN-THAP-CAM,132,20,,
NIN-BANH-NUONG-NHAN-THAP-CAM,133,10,,
NIN-BANH-NUONG-NHAN-THAP-CAM,149,25,,
NIN-BANH-NUONG-NHAN-THAP-CAM,130,10,,
NIN-BANH-NUONG-NHAN-TRUNG-DO-XANH,16,80,,
NIN-BANH-NUONG-NHAN-TRUNG-DO-XANH,58,30,,
NIN-BANH-NUONG-NHAN-TRUNG-DO-XANH,34,25,,
NIN-BANH-NUONG-NHAN-TRUNG-DO-XANH,149,15,,
NIN-BANH-CHIN-TANG-MAY,2008,80,,
NIN-BANH-CHIN-TANG-MAY,149,20,,
NIN-BANH-CHA,16,60,,
NIN-BANH-CHA,20,30,,
NIN-BANH-CHA,149,10,,
NIN-CARAMEN,33,30,,
NIN-CARAMEN,123,60,,
NIN-CARAMEN,149,10,,
NIN-GIO-THU-LON,28,40,,
NIN-GIO-THU-LON,27,30,,
NIN-GIO-THU-LON,137,3.89,tiết chế: còn 78% so với công thức gốc,
NIN-GIO-THU-LON,4028,10,,
NIN-DOI-LON,27,60,,
NIN-DOI-LON,1106092,35,,
CA-KHO-TO-VCB,40,150.00,Ca basa - proxy cho ca bong lau 600g theo cong thuc goc vietnamesecookbook.com/vi/recipes/ca-kho-to/ (fetch 2026-08-12),
CA-KHO-TO-VCB,149,11.25,"Duong - proxy cho nuoc hang/caramel sauce 3 muong canh, chua co food_item nuoc hang rieng, nguon cong thuc goc",
CANH-CHUA-CA-VCB,40,125.00,Ca basa - proxy cho ca bong lau 500g theo cong thuc goc vietnamesecookbook.com/vi/recipes/canh-chua-ca/ (fetch 2026-08-12),
CA-PHE-SUA-DA-VCB,4111,3,"Cà phê tan (bột hoà tan) — proxy cho cà phê phin rang xay: một phin cà phê sữa đá dùng ~15-20g CÀ PHÊ BỘT nhưng phần lớn bã bị loại bỏ khi lọc, chỉ phần hoạt chất/chất hoà tan đi vào nước — ước tính quy đổi tương đương ~3g bột hoà tan nguyên chất cho 1 ly. is_estimated đã gắn sẵn ở food_items (R2 cần xác nhận độ phù hợp trước khi dùng cho bệnh nhân).",
GOI-CUON-VCB,2008,8.75,"Bột gạo tẻ — proxy cho bánh tráng (không có food_item bánh tráng riêng). Bánh tráng khô ăn gần như ở dạng khô (chỉ nhúng nước vài giây, không hấp/tráng ướt như bánh cuốn), nên KHÔNG áp hệ số hydrat hoá — dùng trực tiếp khối lượng khô ~3-4 tấm/khẩu phần, cùng cách đã dùng cho NIN-BANH-DA-NEM (30g/khẩu phần).",
COM-TAM-VCB,1,80.00,"Gạo tẻ (sống) — công thức gốc KHÔNG có nguyên liệu tinh bột nào (lỗi thiếu nghiêm trọng nhất trong đợt rà 2026-08-13). Bổ sung 320g gạo tẻ sống cho cả mẻ 4 người (~80g/người, tương đương ~200g cơm chín/khẩu phần) — mức phổ biến cho cơm tấm sườn.",
MI-QUANG-VCB,4,150.00,"Bún tươi — proxy cho sợi mì Quảng to bản (không có food_item riêng), ĐÚNG như proxy note gốc đã đề xuất nhưng chưa từng được thêm vào công thức. 600g cho cả mẻ 4 người (~150g/người), khớp quy mô các món VCB khác dùng bún tươi/bánh phở tươi trong cùng file.",
BUN-RIEU-VCB,49,100.00,"Cua đồng — thành phần định danh của 'bún riêu CUA', công thức gốc hoàn toàn thiếu. 400g cho cả mẻ 4 người (~100g/người), mức phổ biến để đủ tạo riêu/gạch cua khi nấu.",
BANH-MI-THIT-VCB,19,75.00,"Thịt lợn nạc — proxy cho chả lụa/thịt nguội (không có food_item riêng). Đây là thành phần 'thịt' định danh của bánh mì thịt, công thức gốc chỉ có gan gà (đã giảm xuống mức pate hợp lý, xem dòng gan gà). 300g cho cả mẻ 4 người (~75g/người), mức phổ biến cho 1 ổ bánh mì thịt đầy đủ.",
VN-RAU-MUONG-XAO-TOI,137,2.33,tiết chế: thêm cho đủ đích 180 mg Na (công thức gốc thiếu dòng gia vị),
VN-DAU-PHU-SOT-CA,137,3.89,tiết chế: thêm cho đủ đích 300 mg Na (công thức gốc thiếu dòng gia vị),
VN-SUON-XAO-CHUA-NGOT,137,2.33,tiết chế: thêm cho đủ đích 180 mg Na (công thức gốc thiếu dòng gia vị),
VN-TRUNG-CHIEN,137,2.33,tiết chế: thêm cho đủ đích 180 mg Na (công thức gốc thiếu dòng gia vị),
VN-CANH-SU-HAO,137,1.94,tiết chế: thêm cho đủ đích 150 mg Na (công thức gốc thiếu dòng gia vị),
VN-NAM-XAO-THIT-BO,137,2.33,tiết chế: thêm cho đủ đích 180 mg Na (công thức gốc thiếu dòng gia vị),
GOI-CUON-VCB,137,0.16,tiết chế: thêm cho đủ đích 50 mg Na (công thức gốc thiếu dòng gia vị),
NIN-BANH-BAO-NHAN-THIT,137,3.89,tiết chế: thêm cho đủ đích 300 mg Na (công thức gốc thiếu dòng gia vị),
NIN-BANH-BAO-CHIEN-CO-NHAN,137,2.33,tiết chế: thêm cho đủ đích 180 mg Na (công thức gốc thiếu dòng gia vị),
NIN-BANH-TE,137,3.89,tiết chế: thêm cho đủ đích 300 mg Na (công thức gốc thiếu dòng gia vị),
NIN-BANH-KHUC,137,3.89,tiết chế: thêm cho đủ đích 300 mg Na (công thức gốc thiếu dòng gia vị),
NIN-BANH-KHOAI,137,3.89,tiết chế: thêm cho đủ đích 300 mg Na (công thức gốc thiếu dòng gia vị),
NIN-BANH-KHOAI-SO-CHIEN,137,3.89,tiết chế: thêm cho đủ đích 300 mg Na (công thức gốc thiếu dòng gia vị),
NIN-DOI-LON,137,3.89,tiết chế: thêm cho đủ đích 300 mg Na (công thức gốc thiếu dòng gia vị),
GLU-CAI-THIA-XAO,3016,150.00,Cải thìa,
GLU-CAI-THIA-XAO,129,4.00,Dầu ăn,
GLU-CAI-THIA-XAO,151,3.00,Tỏi,
GLU-CAI-THIA-XAO,137,2.33,Nước mắm — tiết chế 180 mg Na,
GLU-CANH-CHUA-TEP,3045,16.00,Tép gạo (dùng số liệu tôm đồng),
GLU-CANH-CHUA-TEP,62,50.00,Giá đỗ,
GLU-CANH-CHUA-TEP,85,50.00,Cà chua,
GLU-CANH-CHUA-TEP,97,50.00,Đậu bắp,
GLU-CANH-CHUA-TEP,137,1.94,Nước mắm — tiết chế 150 mg Na,
GLU-CANH-CAI-XANH-THIT,69,100.00,Cải xanh,
GLU-CANH-CAI-XANH-THIT,19,10.00,Thịt lợn nạc,
GLU-CANH-CAI-XANH-THIT,137,1.94,Nước mắm — tiết chế 150 mg Na,
GLU-RAU-CU-LUOC,89,100.00,Su su,
GLU-RAU-CU-LUOC,86,50.00,Cà rốt,
GLU-RAU-CU-LUOC,137,0.65,Nước mắm — tiết chế 50 mg Na,
GLU-CANH-BI-XANH-THIT,3012,150.00,Bí xanh,
GLU-CANH-BI-XANH-THIT,19,10.00,Thịt lợn nạc,
GLU-CANH-BI-XANH-THIT,137,1.94,Nước mắm — tiết chế 150 mg Na,
GLU-BAP-CAI-CA-ROT-XAO,71,150.00,Bắp cải,
GLU-BAP-CAI-CA-ROT-XAO,86,50.00,Cà rốt,
GLU-BAP-CAI-CA-ROT-XAO,151,5.00,Tỏi,
GLU-BAP-CAI-CA-ROT-XAO,129,5.00,Dầu ăn,
GLU-BAP-CAI-CA-ROT-XAO,137,2.33,Nước mắm — tiết chế 180 mg Na,
GLU-DUA-LEO,95,200.00,Dưa leo,
GLU-BO-XAO-OT-CHUONG,21,70.00,Thịt bò nạc,
GLU-BO-XAO-OT-CHUONG,2048,100.00,Ớt chuông,
GLU-BO-XAO-OT-CHUONG,129,5.00,Dầu ăn,
GLU-BO-XAO-OT-CHUONG,151,3.00,Tỏi,
GLU-BO-XAO-OT-CHUONG,137,2.33,Nước mắm — tiết chế 180 mg Na,
VN-COM-TE,2,170.00,Cơm tẻ,
VN-COM-GAO-LUT,3,100.00,Cơm gạo lứt,
VN-BUN-TUOI,4,156.00,Bún,
VN-BANH-PHO,5,124.00,Bánh phở,
VN-MIEN-DONG,6,50.00,Miến dong,
VN-CANH-RAU-NGOT,5002,100.00,Rau ngót,
VN-RAU-NGOT-LUOC,5002,150.00,Rau ngót,
VN-CANH-RAU-NGOT,137,1.94,Nước mắm — tiết chế 150 mg Na (canh); sửa 2026-08-16 cho khớp mốc DEC-026,
VN-CANH-RAU-DEN,67,100.00,Canh,
VN-CANH-RAU-DEN,137,1.94,Nước mắm — tiết chế 150 mg Na (canh),
VN-CANH-BI-XANH,3012,100.00,Canh,
VN-CANH-BI-XANH,137,1.94,Nước mắm — tiết chế 150 mg Na (canh),
VN-CANH-CAI-THAO,70,100.00,Canh,
VN-CANH-CAI-THAO,137,1.94,Nước mắm — tiết chế 150 mg Na (canh),
VN-CANH-MUOP,93,100.00,Canh,
VN-CANH-MUOP,137,1.94,Nước mắm — tiết chế 150 mg Na (canh),
VN-CANH-CAI-XANH,69,100.00,Canh,
VN-CANH-CAI-XANH,137,1.94,Nước mắm — tiết chế 150 mg Na (canh),
VN-RAU-MUONG-LUOC,65,170.00,Rau,
VN-RAU-MUONG-LUOC,137,0.65,Nước mắm — tiết chế 50 mg Na (luộc),
VN-CAI-NGOT-LUOC,68,170.00,Cải,
VN-CAI-NGOT-LUOC,137,0.65,Nước mắm — tiết chế 50 mg Na (luộc),
VN-SU-SU-LUOC,89,170.00,Su,
VN-SU-SU-LUOC,137,0.65,Nước mắm — tiết chế 50 mg Na (luộc),
VN-BI-XANH-LUOC,3012,170.00,Bí,
VN-BI-XANH-LUOC,137,0.65,Nước mắm — tiết chế 50 mg Na (luộc),
VN-CAI-THAO-LUOC,70,170.00,Cải,
VN-CAI-THAO-LUOC,137,0.65,Nước mắm — tiết chế 50 mg Na (luộc),
VN-CAI-BAP-LUOC,71,170.00,Cải,
VN-CAI-BAP-LUOC,137,0.65,Nước mắm — tiết chế 50 mg Na (luộc),
VN-SU-SU-XAO,89,150.00,Su,
VN-SU-SU-XAO,129,5.00,Dầu ăn,
VN-SU-SU-XAO,151,3.00,Tỏi,
VN-SU-SU-XAO,137,2.33,Nước mắm — tiết chế 180 mg Na (xào),
VN-BI-XANH-XAO,3012,130.00,Bí,
VN-BI-XANH-XAO,129,5.00,Dầu ăn,
VN-BI-XANH-XAO,151,3.00,Tỏi,
VN-BI-XANH-XAO,137,2.33,Nước mắm — tiết chế 180 mg Na (xào),
VN-GIA-XAO,62,130.00,Giá,
VN-GIA-XAO,129,5.00,Dầu ăn,
VN-GIA-XAO,151,3.00,Tỏi,
VN-GIA-XAO,137,2.33,Nước mắm — tiết chế 180 mg Na (xào),
VN-CAI-THAO-XAO,70,150.00,Cải,
VN-CAI-THAO-XAO,129,5.00,Dầu ăn,
VN-CAI-THAO-XAO,151,3.00,Tỏi,
VN-CAI-THAO-XAO,137,2.33,Nước mắm — tiết chế 180 mg Na (xào),
VN-MUOP-XAO,93,130.00,Mướp,
VN-MUOP-XAO,129,5.00,Dầu ăn,
VN-MUOP-XAO,151,3.00,Tỏi,
VN-MUOP-XAO,137,2.33,Nước mắm — tiết chế 180 mg Na (xào),
TM555-002,72,187.50,"Cải cúc — sách ghi 500 g cho 2 suất (mua 250 g/suất, thải bỏ 25% → ăn được 188 g)",
TM555-002,5010,84.00,"Cá rô to — sách ghi 300 g cho 2 suất (mua 150 g/suất, thải bỏ 44% → ăn được 84 g)",
TM555-002,137,1.94,Nước mắm — bù cho đủ đích 150 mg Na (DEC-026); nguyên liệu đã mang sẵn 0 mg,
TM555-003,2032,175.00,"Rau cải soong — sách ghi 500 g cho 2 suất (mua 250 g/suất, thải bỏ 30% → ăn được 175 g)",
TM555-003,19,98.00,"Thịt lợn nạc — sách ghi 200 g cho 2 suất (mua 100 g/suất, thải bỏ 2% → ăn được 98 g)",
TM555-003,137,1.94,Nước mắm — bù cho đủ đích 150 mg Na (DEC-026); nguyên liệu đã mang sẵn 0 mg,
TM555-004,69,76.00,"Rau cải xanh — sách ghi 200 g cho 2 suất (mua 100 g/suất, thải bỏ 24% → ăn được 76 g)",
TM555-004,19,73.50,"Thịt thăn lợn — sách ghi 150 g cho 2 suất (mua 75 g/suất, thải bỏ 2% → ăn được 74 g)",
TM555-004,33,38.70,"Trứng gà — sách ghi 90 g cho 2 suất (mua 45 g/suất, thải bỏ 14% → ăn được 39 g)",
TM555-004,137,1.94,"Nước mắm — sách ghi 10 g cho 2 suất (mua 5 g/suất, chưa có số thải bỏ) — tiết chế còn 39% cho đích 150 mg Na (DEC-026)",
TM555-010,2061,150.00,"Hoa lơ — sách ghi 500 g cho 2 suất (mua 250 g/suất, thải bỏ 40% → ăn được 150 g)",
TM555-010,4044,48.00,"Thịt gà — sách ghi 200 g cho 2 suất (mua 100 g/suất, thải bỏ 52% → ăn được 48 g)",
TM555-010,137,1.94,Nước mắm — bù cho đủ đích 150 mg Na (DEC-026); nguyên liệu đã mang sẵn 0 mg,
TM555-011,88,194.00,"Su hào — sách ghi 500 g cho 2 suất (mua 250 g/suất, thải bỏ 22.4% → ăn được 194 g)",
TM555-011,4060,86.00,"Sườn lợn — sách ghi 400 g cho 2 suất (mua 200 g/suất, thải bỏ 57% → ăn được 86 g)",
TM555-011,137,1.94,Nước mắm — bù cho đủ đích 150 mg Na (DEC-026); nguyên liệu đã mang sẵn 0 mg,
TM555-016,93,203.00,"Mướp hương — sách ghi 500 g cho 2 suất (mua 250 g/suất, thải bỏ 18.8% → ăn được 203 g)",
TM555-016,74,80.00,"Rau đay — sách ghi 200 g cho 2 suất (mua 100 g/suất, thải bỏ 20% → ăn được 80 g)",
TM555-016,49,46.50,"Cua đồng — sách ghi 300 g cho 2 suất (mua 150 g/suất, thải bỏ 69% → ăn được 47 g)",
TM555-016,144,2.50,"Mắm tôm — sách ghi 5 g cho 2 suất (mua 2 g/suất, chưa có số thải bỏ)",
TM555-016,137,0.63,Nước mắm — bù cho đủ đích 150 mg Na (DEC-026); nguyên liệu đã mang sẵn 101 mg,
TM555-017,92,161.75,"Bầu — sách ghi 500 g cho 2 suất (mua 250 g/suất, thải bỏ 35.3% → ăn được 162 g)",
TM555-017,49,46.50,"Cua đồng — sách ghi 300 g cho 2 suất (mua 150 g/suất, thải bỏ 69% → ăn được 47 g)",
TM555-017,137,1.94,Nước mắm — bù cho đủ đích 150 mg Na (DEC-026); nguyên liệu đã mang sẵn 0 mg,
TM555-008,71,225.00,"Bắp cải — sách ghi 500 g cho 2 suất (mua 250 g/suất, thải bỏ 10% → ăn được 225 g)",
TM555-008,4044,48.00,"Thịt gà — sách ghi 200 g cho 2 suất (mua 100 g/suất, thải bỏ 52% → ăn được 48 g)",
TM555-008,137,0.65,"Nước mắm — sách ghi 10 g cho 2 suất (mua 5 g/suất, chưa có số thải bỏ) — tiết chế còn 13% cho đích 50 mg Na (DEC-026)",
TM555-012,89,320.00,"Su su — sách ghi 800 g cho 2 suất (mua 400 g/suất, thải bỏ 20% → ăn được 320 g)",
TM555-012,19,122.50,"Thịt lợn nạc — sách ghi 250 g cho 2 suất (mua 125 g/suất, thải bỏ 2% → ăn được 122 g)",
TM555-012,151,4.00,"Tỏi khô — sách ghi 10 g cho 2 suất (mua 5 g/suất, thải bỏ 20% → ăn được 4 g)",
TM555-012,5016,7.00,"Hành củ khô — sách ghi 20 g cho 2 suất (mua 10 g/suất, thải bỏ 30% → ăn được 7 g)",
TM555-012,4028,2.25,"Mộc nhĩ — sách ghi 5 g cho 2 suất (mua 2 g/suất, thải bỏ 10% → ăn được 2 g)",
TM555-012,137,3.89,Nước mắm — bù cho đủ đích 300 mg Na (DEC-026); nguyên liệu đã mang sẵn 0 mg,
TM555-013,89,200.00,"Su su — sách ghi 500 g cho 2 suất (mua 250 g/suất, thải bỏ 20% → ăn được 200 g)",
TM555-013,20,73.50,"Thịt ba chỉ — sách ghi 150 g cho 2 suất (mua 75 g/suất, thải bỏ 2% → ăn được 74 g)",
TM555-013,34,52.80,"Trứng vịt — sách ghi 120 g cho 2 suất (mua 60 g/suất, thải bỏ 12% → ăn được 53 g)",
TM555-013,4018,7.60,"Hành củ — sách ghi 20 g cho 2 suất (mua 10 g/suất, thải bỏ 24% → ăn được 8 g)",
TM555-013,130,25.00,"Mỡ nước — sách ghi 50 g cho 2 suất (mua 25 g/suất, chưa có số thải bỏ)",
TM555-013,137,2.33,Nước mắm — bù cho đủ đích 180 mg Na (DEC-026); nguyên liệu đã mang sẵn 0 mg,
TM555-020,94,200.00,"Mướp đắng — sách ghi 500 g cho 2 suất (mua 250 g/suất, thải bỏ 20% → ăn được 200 g)",
TM555-020,19,147.00,"Thịt nạc vai — sách ghi 300 g cho 2 suất (mua 150 g/suất, thải bỏ 2% → ăn được 147 g)",
TM555-020,4018,3.80,"Hành củ — sách ghi 10 g cho 2 suất (mua 5 g/suất, thải bỏ 24% → ăn được 4 g)",
TM555-020,79,7.60,"Hành lá — sách ghi 20 g cho 2 suất (mua 10 g/suất, thải bỏ 24% → ăn được 8 g)",
TM555-020,137,3.89,Nước mắm — bù cho đủ đích 300 mg Na (DEC-026); nguyên liệu đã mang sẵn 0 mg,
TM555-023,93,203.00,"Mướp non — sách ghi 500 g cho 2 suất (mua 250 g/suất, thải bỏ 18.8% → ăn được 203 g)",
TM555-023,3040,98.00,"Thịt bò loại 1 — sách ghi 200 g cho 2 suất (mua 100 g/suất, thải bỏ 2% → ăn được 98 g)",
TM555-023,79,19.00,"Hành tươi — sách ghi 50 g cho 2 suất (mua 25 g/suất, thải bỏ 24% → ăn được 19 g)",
TM555-023,151,4.00,"Tỏi khô — sách ghi 10 g cho 2 suất (mua 5 g/suất, thải bỏ 20% → ăn được 4 g)",
TM555-023,130,15.00,"Mỡ nước — sách ghi 30 g cho 2 suất (mua 15 g/suất, chưa có số thải bỏ)",
TM555-023,137,2.33,Nước mắm — bù cho đủ đích 180 mg Na (DEC-026); nguyên liệu đã mang sẵn 0 mg,
TM555-014,89,200.00,"Su su — sách ghi 500 g cho 2 suất (mua 250 g/suất, thải bỏ 20% → ăn được 200 g)",
TM555-014,86,42.50,"Cà rốt — sách ghi 100 g cho 2 suất (mua 50 g/suất, thải bỏ 15% → ăn được 42 g)",
TM555-014,20,49.00,"Thịt ba chỉ — sách ghi 100 g cho 2 suất (mua 50 g/suất, thải bỏ 2% → ăn được 49 g)",
TM555-014,2144,45.00,"Tôm tươi — sách ghi 100 g cho 2 suất (mua 50 g/suất, thải bỏ 10% → ăn được 45 g)",
TM555-014,3009,25.00,"Lạc — sách ghi 50 g cho 2 suất (mua 25 g/suất, chưa có số thải bỏ)",
TM555-014,5019,10.00,"Dấm — sách ghi 20 g cho 2 suất (mua 10 g/suất, chưa có số thải bỏ)",
TM555-014,5015,4.10,"Ớt — sách ghi 10 g cho 2 suất (mua 5 g/suất, thải bỏ 18% → ăn được 4 g)",
TM555-014,151,4.00,"Tỏi — sách ghi 10 g cho 2 suất (mua 5 g/suất, thải bỏ 20% → ăn được 4 g)",
TM555-014,149,5.00,"Đường — sách ghi 10 g cho 2 suất (mua 5 g/suất, chưa có số thải bỏ)",
TM555-014,137,0.65,Nước mắm — bù cho đủ đích 50 mg Na (DEC-026); nguyên liệu đã mang sẵn 0 mg,
TM555-018,92,161.75,"Bầu — sách ghi 500 g cho 2 suất (mua 250 g/suất, thải bỏ 35.3% → ăn được 162 g)",
TM555-018,19,49.00,"Thịt nạc vai — sách ghi 100 g cho 2 suất (mua 50 g/suất, thải bỏ 2% → ăn được 49 g)",
TM555-018,2144,67.50,"Tôm tươi — sách ghi 150 g cho 2 suất (mua 75 g/suất, thải bỏ 10% → ăn được 68 g)",
TM555-018,5016,3.50,"Hành khô — sách ghi 10 g cho 2 suất (mua 5 g/suất, thải bỏ 30% → ăn được 4 g)",
TM555-018,130,5.00,"Mỡ nước — sách ghi 10 g cho 2 suất (mua 5 g/suất, chưa có số thải bỏ)",
TM555-018,137,2.33,Nước mắm — bù cho đủ đích 180 mg Na (DEC-026); nguyên liệu đã mang sẵn 0 mg,
TM555-073,5010,84.00,"Cá rô to — sách ghi 300 g cho 2 suất (mua 150 g/suất, thải bỏ 44% → ăn được 84 g)",
TM555-073,4018,11.40,"Hành củ tươi — sách ghi 30 g cho 2 suất (mua 15 g/suất, thải bỏ 24% → ăn được 11 g)",
TM555-073,130,7.50,"Mỡ nước — sách ghi 15 g cho 2 suất (mua 8 g/suất, chưa có số thải bỏ)",
TM555-073,5018,7.50,"Rau răm — sách ghi 20 g cho 2 suất (mua 10 g/suất, thải bỏ 25% → ăn được 8 g)",
TM555-073,137,1.94,Nước mắm — bù cho đủ đích 150 mg Na (DEC-026); nguyên liệu đã mang sẵn 0 mg,
DVCD-001,104,119.00,"Nguyên quả, khẩu phần theo ĐVCĐTP (1/2 quả to)",
DVCD-002,105,116.00,"Nguyên quả, khẩu phần theo ĐVCĐTP (1 quả TB)",
DVCD-003,110,130.00,"Nguyên quả, khẩu phần theo ĐVCĐTP (1 miếng nhỏ)",
DVCD-004,115,130.00,"Nguyên quả, khẩu phần theo ĐVCĐTP (2 quả TB)",
DVCD-005,116,115.00,"Nguyên quả, khẩu phần theo ĐVCĐTP (1/4 quả TB)",
DVCD-006,120,61.00,"Nguyên quả, khẩu phần theo ĐVCĐTP (7 quả to)",
DVCD-007,4103,238.00,"Nguyên quả, khẩu phần theo ĐVCĐTP (1 quả TB)",
DVCD-008,4104,225.00,"Nguyên quả, khẩu phần theo ĐVCĐTP (10-12 quả)",
DVCD-009,108,98.00,"Nguyên quả, khẩu phần theo ĐVCĐTP (1/2 quả nhỏ)",
TM555-424,4109,29.41,"Đường cát (USDA, có đủ sugar_g) thay cho ""đường kính trắng"" — cùng sản phẩm đường trắng tinh luyện, chọn dòng đủ số liệu",
TM555-424,58,5.88,"Đậu xanh xay = đậu xanh xay nhuyễn, cùng nền hạt",
TM555-424,1105922,5.88,Bột sắn lọc (nguồn estimated — tồn đọng cần R2 xác nhận số liệu),
TM555-425,59,14.29,Đậu đen,
TM555-425,4109,47.62,"Đường cát (USDA, đủ sugar_g) thay cho ""đường hoa mai"" — cùng đường trắng tinh luyện",
TM555-426,4116,29.17,Đậu ván,
TM555-426,4109,41.67,"Đường cát (USDA, đủ sugar_g) thay cho ""đường kính"" — cùng đường trắng tinh luyện",
PHO-BO-GVTT-cá,5,200,Bánh phở tươi,
PHO-BO-GVTT-cá,21,50,Thịt bò thăn,
PHO-BO-GVTT-cá,139,0.380,Muối ăn thay Nước mắm — giữ nguyên 147 mg Na,
PHO-BO-GVTT-cá,139,0.29,tiết chế: còn 19% so với công thức gốc,
PHO-BO-GVTT-cá,62,30,Giá đỗ,
BUN-DAU-MAM-GVTT-cá,4,200,Bún tươi,
BUN-DAU-MAM-GVTT-cá,55,100,Đậu phụ,
BUN-DAU-MAM-GVTT-cá,139,0.908,Muối ăn thay Nước mắm — giữ nguyên 352 mg Na,
CANH-RAU-MUONG-GVTT-cá,65,100,Rau muống,
CANH-RAU-MUONG-GVTT-cá,139,0.072,Muối ăn thay Nước mắm — giữ nguyên 28 mg Na,
CANH-RAU-MUONG-GVTT-cá,139,0.06,tiết chế: còn 12% so với công thức gốc,
VN-RAU-MUONG-XAO-TOI-GVTT-cá,65,200,Rau muống,
VN-RAU-MUONG-XAO-TOI-GVTT-cá,151,5,Tỏi,
VN-RAU-MUONG-XAO-TOI-GVTT-cá,129,10,Dầu ăn thực vật,
VN-RAU-MUONG-XAO-TOI-GVTT-cá,139,0.464,Muối ăn thay Nước mắm — giữ nguyên 180 mg Na,
VN-DAU-PHU-SOT-CA-GVTT-cá,55,200,Đậu phụ,
VN-DAU-PHU-SOT-CA-GVTT-cá,85,100,Cà chua,
VN-DAU-PHU-SOT-CA-GVTT-cá,2041,10,Hành củ tươi,
VN-DAU-PHU-SOT-CA-GVTT-cá,129,10,Dầu ăn thực vật,
VN-DAU-PHU-SOT-CA-GVTT-cá,139,0.775,Muối ăn thay Nước mắm — giữ nguyên 300 mg Na,
VN-GA-KHO-GUNG-GVTT-cá,2095,200,Thịt gà ta,
VN-GA-KHO-GUNG-GVTT-cá,152,15,Gừng,
VN-GA-KHO-GUNG-GVTT-cá,139,0.721,Muối ăn thay Nước mắm — giữ nguyên 279 mg Na,
VN-CANH-CAI-TOM-GVTT-cá,68,150,Rau cải ngọt,
VN-CANH-CAI-TOM-GVTT-cá,47,50,Tôm biển,
VN-CANH-CAI-TOM-GVTT-cá,139,0.386,Muối ăn thay Nước mắm — giữ nguyên 150 mg Na,
VN-TRUNG-CHIEN-GVTT-cá,33,120,Trứng gà,
VN-TRUNG-CHIEN-GVTT-cá,2041,10,Hành củ tươi,
VN-TRUNG-CHIEN-GVTT-cá,129,10,Dầu ăn thực vật,
VN-TRUNG-CHIEN-GVTT-cá,139,0.464,Muối ăn thay Nước mắm — giữ nguyên 180 mg Na,
VN-CANH-SU-HAO-GVTT-cá,88,150,Su hào,
VN-CANH-SU-HAO-GVTT-cá,86,50,Cà rốt,
VN-CANH-SU-HAO-GVTT-cá,19,50,Thịt lợn nạc,
VN-CANH-SU-HAO-GVTT-cá,139,0.386,Muối ăn thay Nước mắm — giữ nguyên 150 mg Na,
VN-NAM-XAO-THIT-BO-GVTT-cá,101,50,Nấm hương,
VN-NAM-XAO-THIT-BO-GVTT-cá,21,100,Thịt bò thăn,
VN-NAM-XAO-THIT-BO-GVTT-cá,151,5,Tỏi,
VN-NAM-XAO-THIT-BO-GVTT-cá,129,10,Dầu ăn thực vật,
VN-NAM-XAO-THIT-BO-GVTT-cá,139,0.464,Muối ăn thay Nước mắm — giữ nguyên 180 mg Na,
BANH-MI-THIT-VCB-GVTT-cá,4056,10.00,Nguồn: vietnamesecookbook.com,
BANH-MI-THIT-VCB-GVTT-cá,131,25.00,Nguồn: vietnamesecookbook.com,
BANH-MI-THIT-VCB-GVTT-cá,139,0.448,Muối ăn thay Nước mắm — giữ nguyên 174 mg Na,
BANH-MI-THIT-VCB-GVTT-cá,2161,15.00,Nguồn: vietnamesecookbook.com,
BANH-MI-THIT-VCB-GVTT-cá,95,37.50,"Ước lượng quy đổi từ đơn vị bếp (chưa cân đo thật), nguồn: vietnamesecookbook.com",
BANH-MI-THIT-VCB-GVTT-cá,78,5.00,"Ước lượng quy đổi từ đơn vị bếp (chưa cân đo thật), nguồn: vietnamesecookbook.com",
BANH-MI-THIT-VCB-GVTT-cá,143,2.25,tiết chế: còn 60% so với công thức gốc,
BANH-MI-THIT-VCB-GVTT-cá,7,20.00,"Nguồn: vietnamesecookbook.com — 4 ổ/4 người, ước lượng 80g/ổ (bánh mì Việt Nam thường nhẹ hơn bánh mì Âu)",
BANH-MI-THIT-VCB-GVTT-cá,19,75.00,"Thịt lợn nạc — proxy cho chả lụa/thịt nguội (không có food_item riêng). Đây là thành phần 'thịt' định danh của bánh mì thịt, công thức gốc chỉ có gan gà (đã giảm xuống mức pate hợp lý, xem dòng gan gà). 300g cho cả mẻ 4 người (~75g/người), mức phổ biến cho 1 ổ bánh mì thịt đầy đủ.",
BANH-MI-THIT-VCB-GVTT-đậunành,4056,10.00,Nguồn: vietnamesecookbook.com,
BANH-MI-THIT-VCB-GVTT-đậunành,131,25.00,Nguồn: vietnamesecookbook.com,
BANH-MI-THIT-VCB-GVTT-đậunành,137,2.25,tiết chế: còn 60% so với công thức gốc,
BANH-MI-THIT-VCB-GVTT-đậunành,2161,15.00,Nguồn: vietnamesecookbook.com,
BANH-MI-THIT-VCB-GVTT-đậunành,95,37.50,"Ước lượng quy đổi từ đơn vị bếp (chưa cân đo thật), nguồn: vietnamesecookbook.com",
BANH-MI-THIT-VCB-GVTT-đậunành,78,5.00,"Ước lượng quy đổi từ đơn vị bếp (chưa cân đo thật), nguồn: vietnamesecookbook.com",
BANH-MI-THIT-VCB-GVTT-đậunành,139,0.327,Muối ăn thay Nước tương — giữ nguyên 127 mg Na,
BANH-MI-THIT-VCB-GVTT-đậunành,7,20.00,"Nguồn: vietnamesecookbook.com — 4 ổ/4 người, ước lượng 80g/ổ (bánh mì Việt Nam thường nhẹ hơn bánh mì Âu)",
BANH-MI-THIT-VCB-GVTT-đậunành,19,75.00,"Thịt lợn nạc — proxy cho chả lụa/thịt nguội (không có food_item riêng). Đây là thành phần 'thịt' định danh của bánh mì thịt, công thức gốc chỉ có gan gà (đã giảm xuống mức pate hợp lý, xem dòng gan gà). 300g cho cả mẻ 4 người (~75g/người), mức phổ biến cho 1 ổ bánh mì thịt đầy đủ.",
BUN-BO-HUE-VCB-GVTT-cá,22,166.67,Nguồn: vietnamesecookbook.com,
BUN-BO-HUE-VCB-GVTT-cá,4054,133.33,Nguồn: vietnamesecookbook.com,
BUN-BO-HUE-VCB-GVTT-cá,102,25.00,Nguồn: vietnamesecookbook.com,
BUN-BO-HUE-VCB-GVTT-cá,139,0.687,Muối ăn thay Nước mắm — giữ nguyên 266 mg Na,
BUN-BO-HUE-VCB-GVTT-cá,129,10.00,Nguồn: vietnamesecookbook.com,
BUN-BO-HUE-VCB-GVTT-cá,4,133.33,Nguồn: vietnamesecookbook.com,
GOI-CUON-VCB-GVTT-cá,20,87.50,Nguồn: vietnamesecookbook.com,
GOI-CUON-VCB-GVTT-cá,47,87.50,Nguồn: vietnamesecookbook.com,
GOI-CUON-VCB-GVTT-cá,4,25.00,Nguồn: vietnamesecookbook.com,
GOI-CUON-VCB-GVTT-cá,76,30.00,"Ước lượng quy đổi từ đơn vị bếp (chưa cân đo thật), nguồn: vietnamesecookbook.com",
GOI-CUON-VCB-GVTT-cá,151,1.25,"Ước lượng quy đổi từ đơn vị bếp (chưa cân đo thật), nguồn: vietnamesecookbook.com",
GOI-CUON-VCB-GVTT-cá,132,7.50,"Ước lượng quy đổi từ đơn vị bếp (chưa cân đo thật), nguồn: vietnamesecookbook.com",
GOI-CUON-VCB-GVTT-cá,3022,3.75,"Ước lượng quy đổi từ đơn vị bếp (12 cọng hẹ ~1.25g/cọng, chưa cân đo thật), nguồn: vietnamesecookbook.com",
GOI-CUON-VCB-GVTT-cá,2008,8.75,"Bột gạo tẻ — proxy cho bánh tráng (không có food_item bánh tráng riêng). Bánh tráng khô ăn gần như ở dạng khô (chỉ nhúng nước vài giây, không hấp/tráng ướt như bánh cuốn), nên KHÔNG áp hệ số hydrat hoá — dùng trực tiếp khối lượng khô ~3-4 tấm/khẩu phần, cùng cách đã dùng cho NIN-BANH-DA-NEM (30g/khẩu phần).",
GOI-CUON-VCB-GVTT-cá,139,0.032,Muối ăn thay Nước mắm — giữ nguyên 12 mg Na,
COM-TAM-VCB-GVTT-cá,151,3.75,"Ước lượng quy đổi từ đơn vị bếp (chưa cân đo thật), nguồn: vietnamesecookbook.com",
COM-TAM-VCB-GVTT-cá,139,0.464,Muối ăn thay Nước mắm — giữ nguyên 180 mg Na,
COM-TAM-VCB-GVTT-cá,4076,10.00,Nguồn: vietnamesecookbook.com,
COM-TAM-VCB-GVTT-cá,149,3.00,Nguồn: vietnamesecookbook.com,
COM-TAM-VCB-GVTT-cá,129,7.50,Nguồn: vietnamesecookbook.com,
COM-TAM-VCB-GVTT-cá,79,10.00,"Ước lượng quy đổi từ đơn vị bếp (chưa cân đo thật), nguồn: vietnamesecookbook.com",
COM-TAM-VCB-GVTT-cá,129,15.00,Nguồn: vietnamesecookbook.com,
COM-TAM-VCB-GVTT-cá,33,50.00,"Ước lượng quy đổi từ đơn vị bếp (chưa cân đo thật), nguồn: vietnamesecookbook.com",
COM-TAM-VCB-GVTT-cá,4060,75.00,"Nguồn: vietnamesecookbook.com — 4 miếng sườn cốt lết/4 người, ước lượng 75g/miếng",
COM-TAM-VCB-GVTT-cá,1,80.00,"Gạo tẻ (sống) — công thức gốc KHÔNG có nguyên liệu tinh bột nào (lỗi thiếu nghiêm trọng nhất trong đợt rà 2026-08-13). Bổ sung 320g gạo tẻ sống cho cả mẻ 4 người (~80g/người, tương đương ~200g cơm chín/khẩu phần) — mức phổ biến cho cơm tấm sườn.",
MI-QUANG-VCB-GVTT-cá,47,75.00,Nguồn: vietnamesecookbook.com,
MI-QUANG-VCB-GVTT-cá,2159,7.50,"Ước lượng quy đổi từ đơn vị bếp (chưa cân đo thật), nguồn: vietnamesecookbook.com",
MI-QUANG-VCB-GVTT-cá,151,5.00,"Ước lượng quy đổi từ đơn vị bếp (chưa cân đo thật), nguồn: vietnamesecookbook.com",
MI-QUANG-VCB-GVTT-cá,139,1.034,Muối ăn thay Nước mắm — giữ nguyên 401 mg Na,
MI-QUANG-VCB-GVTT-cá,36,13.50,"Ước lượng quy đổi từ đơn vị bếp (chưa cân đo thật), nguồn: vietnamesecookbook.com",
MI-QUANG-VCB-GVTT-cá,132,15.00,Nguồn: vietnamesecookbook.com,
MI-QUANG-VCB-GVTT-cá,121,15.00,"Ước lượng quy đổi từ đơn vị bếp (chưa cân đo thật), nguồn: vietnamesecookbook.com",
MI-QUANG-VCB-GVTT-cá,4,150.00,"Bún tươi — proxy cho sợi mì Quảng to bản (không có food_item riêng), ĐÚNG như proxy note gốc đã đề xuất nhưng chưa từng được thêm vào công thức. 600g cho cả mẻ 4 người (~150g/người), khớp quy mô các món VCB khác dùng bún tươi/bánh phở tươi trong cùng file.",
NUOC-CHAM-VCB-GVTT-cá,139,1.992,Muối ăn thay Nước mắm — giữ nguyên 772 mg Na,
NUOC-CHAM-VCB-GVTT-cá,121,10.00,Nguồn: vietnamesecookbook.com,
NUOC-CHAM-VCB-GVTT-cá,149,8.33,Nguồn: vietnamesecookbook.com,
NUOC-CHAM-VCB-GVTT-cá,151,1.67,"Ước lượng quy đổi từ đơn vị bếp (chưa cân đo thật), nguồn: vietnamesecookbook.com",
THIT-KHO-TRUNG-VCB-GVTT-cá,20,166.67,Nguồn: vietnamesecookbook.com,
THIT-KHO-TRUNG-VCB-GVTT-cá,33,83.33,"Ước lượng quy đổi từ đơn vị bếp (chưa cân đo thật), nguồn: vietnamesecookbook.com",
THIT-KHO-TRUNG-VCB-GVTT-cá,122,83.33,Nguồn: vietnamesecookbook.com,
THIT-KHO-TRUNG-VCB-GVTT-cá,139,0.516,Muối ăn thay Nước mắm — giữ nguyên 200 mg Na,
THIT-KHO-TRUNG-VCB-GVTT-cá,149,3.33,Nguồn: vietnamesecookbook.com,
THIT-KHO-TRUNG-VCB-GVTT-cá,151,2.50,"Ước lượng quy đổi từ đơn vị bếp (chưa cân đo thật), nguồn: vietnamesecookbook.com",
BUN-RIEU-VCB-GVTT-cá,33,37.50,"Ước lượng quy đổi từ đơn vị bếp (chưa cân đo thật), nguồn: vietnamesecookbook.com",
BUN-RIEU-VCB-GVTT-cá,85,150.00,"Ước lượng quy đổi từ đơn vị bếp (chưa cân đo thật), nguồn: vietnamesecookbook.com",
BUN-RIEU-VCB-GVTT-cá,144,2.05,tiết chế: còn 55% so với công thức gốc,
BUN-RIEU-VCB-GVTT-cá,139,0.817,Muối ăn thay Nước mắm — giữ nguyên 317 mg Na,
BUN-RIEU-VCB-GVTT-cá,4,100.00,Nguồn: vietnamesecookbook.com,
BUN-RIEU-VCB-GVTT-cá,55,75.00,Nguồn: vietnamesecookbook.com,
BUN-RIEU-VCB-GVTT-cá,65,25.00,"Ước lượng quy đổi từ đơn vị bếp (chưa cân đo thật), nguồn: vietnamesecookbook.com",
BUN-RIEU-VCB-GVTT-cá,121,15.00,"Ước lượng quy đổi từ đơn vị bếp (chưa cân đo thật), nguồn: vietnamesecookbook.com",
BUN-RIEU-VCB-GVTT-cá,49,100.00,"Cua đồng — thành phần định danh của 'bún riêu CUA', công thức gốc hoàn toàn thiếu. 400g cho cả mẻ 4 người (~100g/người), mức phổ biến để đủ tạo riêu/gạch cua khi nấu.",
NIN-PHO-BO-CHIN-GVTT-cá,5,180.00,"Bánh phở thái (định lượng 1 bát) — sách ghi 180 g cho cả công thức (chia 1 suất → 180.0 g/suất, chưa có số thải bỏ)",
NIN-PHO-BO-CHIN-GVTT-cá,22,34.00,"Thịt bò chín 18-20 g = 33-36 g sống, lấy 34 g — sách ghi 34 g cho cả công thức (chia 1 suất → 34.0 g/suất, chưa có số thải bỏ)",
NIN-PHO-BO-CHIN-GVTT-cá,79,3.04,"Hành hoa (phần 'rau, gia vị trong bát' 6-7 g) — sách ghi 4 g cho cả công thức (chia 1 suất → 4.0 g/suất, thải bỏ 24% → ăn được 3.0 g)",
NIN-PHO-BO-CHIN-GVTT-cá,78,2.12,"Rau mùi (phần 'rau, gia vị trong bát' 6-7 g) — sách ghi 2.5 g cho cả công thức (chia 1 suất → 2.5 g/suất, thải bỏ 15% → ăn được 2.1 g)",
NIN-PHO-BO-CHIN-GVTT-cá,139,1.329,Muối ăn thay Nước mắm — giữ nguyên 515 mg Na,
NIN-PHO-BO-CHIN-GVTT-cá,152,2.25,"Gừng nướng cho nước dùng — 750 g/300 bát — sách ghi 2.5 g cho cả công thức (chia 1 suất → 2.5 g/suất, thải bỏ 10% → ăn được 2.2 g)",
NIN-PHO-BO-CHIN-GVTT-cá,5016,1.05,"Hành khô nướng cho nước dùng — 450 g/300 bát — sách ghi 1.5 g cho cả công thức (chia 1 suất → 1.5 g/suất, thải bỏ 30% → ăn được 1.0 g)",
NIN-PHO-BO-TAI-GVTT-cá,5,180.00,"Bánh phở thái — sách ghi 54000 g cho cả công thức (chia 300 suất → 180.0 g/suất, chưa có số thải bỏ)",
NIN-PHO-BO-TAI-GVTT-cá,21,32.67,"Thịt bò lọc nõn — sách ghi 10000 g cho cả công thức (chia 300 suất → 33.3 g/suất, thải bỏ 2% → ăn được 32.7 g)",
NIN-PHO-BO-TAI-GVTT-cá,130,10.00,"Mỡ nước (thịt được LĂN qua chảo mỡ — đặc trưng món tái lăn) — sách ghi 3000 g cho cả công thức (chia 300 suất → 10.0 g/suất, chưa có số thải bỏ)",
NIN-PHO-BO-TAI-GVTT-cá,79,3.80,"Hành hoa — sách ghi 1500 g cho cả công thức (chia 300 suất → 5.0 g/suất, thải bỏ 24% → ăn được 3.8 g)",
NIN-PHO-BO-TAI-GVTT-cá,78,1.42,"Rau thơm, mùi — sách ghi 500 g cho cả công thức (chia 300 suất → 1.7 g/suất, thải bỏ 15% → ăn được 1.4 g)",
NIN-PHO-BO-TAI-GVTT-cá,139,1.460,Muối ăn thay Nước mắm — giữ nguyên 566 mg Na,
NIN-PHO-BO-TAI-GVTT-cá,152,2.55,"Gừng (100 g ướp thịt + 750 g nướng cho nước dùng) — sách ghi 850 g cho cả công thức (chia 300 suất → 2.8 g/suất, thải bỏ 10% → ăn được 2.6 g)",
NIN-PHO-BO-TAI-GVTT-cá,149,1.00,"Đường kính — sách ghi 300 g cho cả công thức (chia 300 suất → 1.0 g/suất, chưa có số thải bỏ)",
NIN-PHO-BO-TAI-GVTT-cá,139,1.67,"Muối — sách ghi 500 g cho cả công thức (chia 300 suất → 1.7 g/suất, chưa có số thải bỏ)",
NIN-PHO-GA-GVTT-cá,5,180.00,"Bánh phở thái — sách ghi 54000 g cho cả công thức (chia 300 suất → 180.0 g/suất, chưa có số thải bỏ)",
NIN-PHO-GA-GVTT-cá,4044,24.00,"Gà mái (hoặc sống thiến) — sách ghi 15000 g cho cả công thức (chia 300 suất → 50.0 g/suất, thải bỏ 52% → ăn được 24.0 g)",
NIN-PHO-GA-GVTT-cá,1106148,0.33,"Tôm khô nõn — dị nguyên hải sản, giữ dù lượng nhỏ — sách ghi 100 g cho cả công thức (chia 300 suất → 0.3 g/suất, chưa có số thải bỏ)",
NIN-PHO-GA-GVTT-cá,78,1.42,"Rau mùi, lá chanh (kho chưa có lá chanh — quy về rau mùi) — sách ghi 500 g cho cả công thức (chia 300 suất → 1.7 g/suất, thải bỏ 15% → ăn được 1.4 g)",
NIN-PHO-GA-GVTT-cá,79,3.80,"Hành hoa — sách ghi 1500 g cho cả công thức (chia 300 suất → 5.0 g/suất, thải bỏ 24% → ăn được 3.8 g)",
NIN-PHO-GA-GVTT-cá,139,1.329,Muối ăn thay Nước mắm — giữ nguyên 515 mg Na,
NIN-PHO-GA-GVTT-cá,149,1.00,"Đường kính — sách ghi 300 g cho cả công thức (chia 300 suất → 1.0 g/suất, chưa có số thải bỏ)",
NIN-PHO-GA-GVTT-cá,5016,1.40,"Hành khô — sách ghi 600 g cho cả công thức (chia 300 suất → 2.0 g/suất, thải bỏ 30% → ăn được 1.4 g)",
NIN-PHO-GA-GVTT-cá,152,1.80,"Gừng — sách ghi 600 g cho cả công thức (chia 300 suất → 2.0 g/suất, thải bỏ 10% → ăn được 1.8 g)",
NIN-PHO-GA-GVTT-cá,139,1.67,"Muối — sách ghi 500 g cho cả công thức (chia 300 suất → 1.7 g/suất, chưa có số thải bỏ)",
GLU-CAI-THIA-XAO-GVTT-cá,3016,150.00,Cải thìa,
GLU-CAI-THIA-XAO-GVTT-cá,129,4.00,Dầu ăn,
GLU-CAI-THIA-XAO-GVTT-cá,151,3.00,Tỏi,
GLU-CAI-THIA-XAO-GVTT-cá,139,0.464,Muối ăn thay Nước mắm — giữ nguyên 180 mg Na,
GLU-CANH-CHUA-TEP-GVTT-cá,3045,16.00,Tép gạo (dùng số liệu tôm đồng),
GLU-CANH-CHUA-TEP-GVTT-cá,62,50.00,Giá đỗ,
GLU-CANH-CHUA-TEP-GVTT-cá,85,50.00,Cà chua,
GLU-CANH-CHUA-TEP-GVTT-cá,97,50.00,Đậu bắp,
GLU-CANH-CHUA-TEP-GVTT-cá,139,0.386,Muối ăn thay Nước mắm — giữ nguyên 150 mg Na,
GLU-CANH-CAI-XANH-THIT-GVTT-cá,69,100.00,Cải xanh,
GLU-CANH-CAI-XANH-THIT-GVTT-cá,19,10.00,Thịt lợn nạc,
GLU-CANH-CAI-XANH-THIT-GVTT-cá,139,0.386,Muối ăn thay Nước mắm — giữ nguyên 150 mg Na,
GLU-RAU-CU-LUOC-GVTT-cá,89,100.00,Su su,
GLU-RAU-CU-LUOC-GVTT-cá,86,50.00,Cà rốt,
GLU-RAU-CU-LUOC-GVTT-cá,139,0.129,Muối ăn thay Nước mắm — giữ nguyên 50 mg Na,
GLU-CANH-BI-XANH-THIT-GVTT-cá,3012,150.00,Bí xanh,
GLU-CANH-BI-XANH-THIT-GVTT-cá,19,10.00,Thịt lợn nạc,
GLU-CANH-BI-XANH-THIT-GVTT-cá,139,0.386,Muối ăn thay Nước mắm — giữ nguyên 150 mg Na,
GLU-BAP-CAI-CA-ROT-XAO-GVTT-cá,71,150.00,Bắp cải,
GLU-BAP-CAI-CA-ROT-XAO-GVTT-cá,86,50.00,Cà rốt,
GLU-BAP-CAI-CA-ROT-XAO-GVTT-cá,151,5.00,Tỏi,
GLU-BAP-CAI-CA-ROT-XAO-GVTT-cá,129,5.00,Dầu ăn,
GLU-BAP-CAI-CA-ROT-XAO-GVTT-cá,139,0.464,Muối ăn thay Nước mắm — giữ nguyên 180 mg Na,
GLU-BO-XAO-OT-CHUONG-GVTT-cá,21,70.00,Thịt bò nạc,
GLU-BO-XAO-OT-CHUONG-GVTT-cá,2048,100.00,Ớt chuông,
GLU-BO-XAO-OT-CHUONG-GVTT-cá,129,5.00,Dầu ăn,
GLU-BO-XAO-OT-CHUONG-GVTT-cá,151,3.00,Tỏi,
GLU-BO-XAO-OT-CHUONG-GVTT-cá,139,0.464,Muối ăn thay Nước mắm — giữ nguyên 180 mg Na,
VN-CANH-RAU-NGOT-GVTT-cá,5002,100.00,Rau ngót,
VN-CANH-RAU-NGOT-GVTT-cá,139,0.386,Muối ăn thay Nước mắm — giữ nguyên 150 mg Na,
VN-CANH-RAU-DEN-GVTT-cá,67,100.00,Canh,
VN-CANH-RAU-DEN-GVTT-cá,139,0.386,Muối ăn thay Nước mắm — giữ nguyên 150 mg Na,
VN-CANH-BI-XANH-GVTT-cá,3012,100.00,Canh,
VN-CANH-BI-XANH-GVTT-cá,139,0.386,Muối ăn thay Nước mắm — giữ nguyên 150 mg Na,
VN-CANH-CAI-THAO-GVTT-cá,70,100.00,Canh,
VN-CANH-CAI-THAO-GVTT-cá,139,0.386,Muối ăn thay Nước mắm — giữ nguyên 150 mg Na,
VN-CANH-MUOP-GVTT-cá,93,100.00,Canh,
VN-CANH-MUOP-GVTT-cá,139,0.386,Muối ăn thay Nước mắm — giữ nguyên 150 mg Na,
VN-CANH-CAI-XANH-GVTT-cá,69,100.00,Canh,
VN-CANH-CAI-XANH-GVTT-cá,139,0.386,Muối ăn thay Nước mắm — giữ nguyên 150 mg Na,
VN-RAU-MUONG-LUOC-GVTT-cá,65,170.00,Rau,
VN-RAU-MUONG-LUOC-GVTT-cá,139,0.129,Muối ăn thay Nước mắm — giữ nguyên 50 mg Na,
VN-CAI-NGOT-LUOC-GVTT-cá,68,170.00,Cải,
VN-CAI-NGOT-LUOC-GVTT-cá,139,0.129,Muối ăn thay Nước mắm — giữ nguyên 50 mg Na,
VN-SU-SU-LUOC-GVTT-cá,89,170.00,Su,
VN-SU-SU-LUOC-GVTT-cá,139,0.129,Muối ăn thay Nước mắm — giữ nguyên 50 mg Na,
VN-BI-XANH-LUOC-GVTT-cá,3012,170.00,Bí,
VN-BI-XANH-LUOC-GVTT-cá,139,0.129,Muối ăn thay Nước mắm — giữ nguyên 50 mg Na,
VN-CAI-THAO-LUOC-GVTT-cá,70,170.00,Cải,
VN-CAI-THAO-LUOC-GVTT-cá,139,0.129,Muối ăn thay Nước mắm — giữ nguyên 50 mg Na,
VN-CAI-BAP-LUOC-GVTT-cá,71,170.00,Cải,
VN-CAI-BAP-LUOC-GVTT-cá,139,0.129,Muối ăn thay Nước mắm — giữ nguyên 50 mg Na,
VN-SU-SU-XAO-GVTT-cá,89,150.00,Su,
VN-SU-SU-XAO-GVTT-cá,129,5.00,Dầu ăn,
VN-SU-SU-XAO-GVTT-cá,151,3.00,Tỏi,
VN-SU-SU-XAO-GVTT-cá,139,0.464,Muối ăn thay Nước mắm — giữ nguyên 180 mg Na,
VN-BI-XANH-XAO-GVTT-cá,3012,130.00,Bí,
VN-BI-XANH-XAO-GVTT-cá,129,5.00,Dầu ăn,
VN-BI-XANH-XAO-GVTT-cá,151,3.00,Tỏi,
VN-BI-XANH-XAO-GVTT-cá,139,0.464,Muối ăn thay Nước mắm — giữ nguyên 180 mg Na,
VN-GIA-XAO-GVTT-cá,62,130.00,Giá,
VN-GIA-XAO-GVTT-cá,129,5.00,Dầu ăn,
VN-GIA-XAO-GVTT-cá,151,3.00,Tỏi,
VN-GIA-XAO-GVTT-cá,139,0.464,Muối ăn thay Nước mắm — giữ nguyên 180 mg Na,
VN-CAI-THAO-XAO-GVTT-cá,70,150.00,Cải,
VN-CAI-THAO-XAO-GVTT-cá,129,5.00,Dầu ăn,
VN-CAI-THAO-XAO-GVTT-cá,151,3.00,Tỏi,
VN-CAI-THAO-XAO-GVTT-cá,139,0.464,Muối ăn thay Nước mắm — giữ nguyên 180 mg Na,
VN-MUOP-XAO-GVTT-cá,93,130.00,Mướp,
VN-MUOP-XAO-GVTT-cá,129,5.00,Dầu ăn,
VN-MUOP-XAO-GVTT-cá,151,3.00,Tỏi,
VN-MUOP-XAO-GVTT-cá,139,0.464,Muối ăn thay Nước mắm — giữ nguyên 180 mg Na,
TM555-003-GVTT-cá,2032,175.00,"Rau cải soong — sách ghi 500 g cho 2 suất (mua 250 g/suất, thải bỏ 30% → ăn được 175 g)",
TM555-003-GVTT-cá,19,98.00,"Thịt lợn nạc — sách ghi 200 g cho 2 suất (mua 100 g/suất, thải bỏ 2% → ăn được 98 g)",
TM555-003-GVTT-cá,139,0.386,Muối ăn thay Nước mắm — giữ nguyên 150 mg Na,
TM555-004-GVTT-cá,69,76.00,"Rau cải xanh — sách ghi 200 g cho 2 suất (mua 100 g/suất, thải bỏ 24% → ăn được 76 g)",
TM555-004-GVTT-cá,19,73.50,"Thịt thăn lợn — sách ghi 150 g cho 2 suất (mua 75 g/suất, thải bỏ 2% → ăn được 74 g)",
TM555-004-GVTT-cá,33,38.70,"Trứng gà — sách ghi 90 g cho 2 suất (mua 45 g/suất, thải bỏ 14% → ăn được 39 g)",
TM555-004-GVTT-cá,139,0.386,Muối ăn thay Nước mắm — giữ nguyên 150 mg Na,
TM555-010-GVTT-cá,2061,150.00,"Hoa lơ — sách ghi 500 g cho 2 suất (mua 250 g/suất, thải bỏ 40% → ăn được 150 g)",
TM555-010-GVTT-cá,4044,48.00,"Thịt gà — sách ghi 200 g cho 2 suất (mua 100 g/suất, thải bỏ 52% → ăn được 48 g)",
TM555-010-GVTT-cá,139,0.386,Muối ăn thay Nước mắm — giữ nguyên 150 mg Na,
TM555-011-GVTT-cá,88,194.00,"Su hào — sách ghi 500 g cho 2 suất (mua 250 g/suất, thải bỏ 22.4% → ăn được 194 g)",
TM555-011-GVTT-cá,4060,86.00,"Sườn lợn — sách ghi 400 g cho 2 suất (mua 200 g/suất, thải bỏ 57% → ăn được 86 g)",
TM555-011-GVTT-cá,139,0.386,Muối ăn thay Nước mắm — giữ nguyên 150 mg Na,
TM555-016-GVTT-cá,93,203.00,"Mướp hương — sách ghi 500 g cho 2 suất (mua 250 g/suất, thải bỏ 18.8% → ăn được 203 g)",
TM555-016-GVTT-cá,74,80.00,"Rau đay — sách ghi 200 g cho 2 suất (mua 100 g/suất, thải bỏ 20% → ăn được 80 g)",
TM555-016-GVTT-cá,49,46.50,"Cua đồng — sách ghi 300 g cho 2 suất (mua 150 g/suất, thải bỏ 69% → ăn được 47 g)",
TM555-016-GVTT-cá,144,2.50,"Mắm tôm — sách ghi 5 g cho 2 suất (mua 2 g/suất, chưa có số thải bỏ)",
TM555-016-GVTT-cá,139,0.125,Muối ăn thay Nước mắm — giữ nguyên 49 mg Na,
TM555-017-GVTT-cá,92,161.75,"Bầu — sách ghi 500 g cho 2 suất (mua 250 g/suất, thải bỏ 35.3% → ăn được 162 g)",
TM555-017-GVTT-cá,49,46.50,"Cua đồng — sách ghi 300 g cho 2 suất (mua 150 g/suất, thải bỏ 69% → ăn được 47 g)",
TM555-017-GVTT-cá,139,0.386,Muối ăn thay Nước mắm — giữ nguyên 150 mg Na,
TM555-008-GVTT-cá,71,225.00,"Bắp cải — sách ghi 500 g cho 2 suất (mua 250 g/suất, thải bỏ 10% → ăn được 225 g)",
TM555-008-GVTT-cá,4044,48.00,"Thịt gà — sách ghi 200 g cho 2 suất (mua 100 g/suất, thải bỏ 52% → ăn được 48 g)",
TM555-008-GVTT-cá,139,0.129,Muối ăn thay Nước mắm — giữ nguyên 50 mg Na,
TM555-012-GVTT-cá,89,320.00,"Su su — sách ghi 800 g cho 2 suất (mua 400 g/suất, thải bỏ 20% → ăn được 320 g)",
TM555-012-GVTT-cá,19,122.50,"Thịt lợn nạc — sách ghi 250 g cho 2 suất (mua 125 g/suất, thải bỏ 2% → ăn được 122 g)",
TM555-012-GVTT-cá,151,4.00,"Tỏi khô — sách ghi 10 g cho 2 suất (mua 5 g/suất, thải bỏ 20% → ăn được 4 g)",
TM555-012-GVTT-cá,5016,7.00,"Hành củ khô — sách ghi 20 g cho 2 suất (mua 10 g/suất, thải bỏ 30% → ăn được 7 g)",
TM555-012-GVTT-cá,4028,2.25,"Mộc nhĩ — sách ghi 5 g cho 2 suất (mua 2 g/suất, thải bỏ 10% → ăn được 2 g)",
TM555-012-GVTT-cá,139,0.775,Muối ăn thay Nước mắm — giữ nguyên 300 mg Na,
TM555-013-GVTT-cá,89,200.00,"Su su — sách ghi 500 g cho 2 suất (mua 250 g/suất, thải bỏ 20% → ăn được 200 g)",
TM555-013-GVTT-cá,20,73.50,"Thịt ba chỉ — sách ghi 150 g cho 2 suất (mua 75 g/suất, thải bỏ 2% → ăn được 74 g)",
TM555-013-GVTT-cá,34,52.80,"Trứng vịt — sách ghi 120 g cho 2 suất (mua 60 g/suất, thải bỏ 12% → ăn được 53 g)",
TM555-013-GVTT-cá,4018,7.60,"Hành củ — sách ghi 20 g cho 2 suất (mua 10 g/suất, thải bỏ 24% → ăn được 8 g)",
TM555-013-GVTT-cá,130,25.00,"Mỡ nước — sách ghi 50 g cho 2 suất (mua 25 g/suất, chưa có số thải bỏ)",
TM555-013-GVTT-cá,139,0.464,Muối ăn thay Nước mắm — giữ nguyên 180 mg Na,
TM555-020-GVTT-cá,94,200.00,"Mướp đắng — sách ghi 500 g cho 2 suất (mua 250 g/suất, thải bỏ 20% → ăn được 200 g)",
TM555-020-GVTT-cá,19,147.00,"Thịt nạc vai — sách ghi 300 g cho 2 suất (mua 150 g/suất, thải bỏ 2% → ăn được 147 g)",
TM555-020-GVTT-cá,4018,3.80,"Hành củ — sách ghi 10 g cho 2 suất (mua 5 g/suất, thải bỏ 24% → ăn được 4 g)",
TM555-020-GVTT-cá,79,7.60,"Hành lá — sách ghi 20 g cho 2 suất (mua 10 g/suất, thải bỏ 24% → ăn được 8 g)",
TM555-020-GVTT-cá,139,0.775,Muối ăn thay Nước mắm — giữ nguyên 300 mg Na,
TM555-023-GVTT-cá,93,203.00,"Mướp non — sách ghi 500 g cho 2 suất (mua 250 g/suất, thải bỏ 18.8% → ăn được 203 g)",
TM555-023-GVTT-cá,3040,98.00,"Thịt bò loại 1 — sách ghi 200 g cho 2 suất (mua 100 g/suất, thải bỏ 2% → ăn được 98 g)",
TM555-023-GVTT-cá,79,19.00,"Hành tươi — sách ghi 50 g cho 2 suất (mua 25 g/suất, thải bỏ 24% → ăn được 19 g)",
TM555-023-GVTT-cá,151,4.00,"Tỏi khô — sách ghi 10 g cho 2 suất (mua 5 g/suất, thải bỏ 20% → ăn được 4 g)",
TM555-023-GVTT-cá,130,15.00,"Mỡ nước — sách ghi 30 g cho 2 suất (mua 15 g/suất, chưa có số thải bỏ)",
TM555-023-GVTT-cá,139,0.464,Muối ăn thay Nước mắm — giữ nguyên 180 mg Na,
TM555-014-GVTT-cá,89,200.00,"Su su — sách ghi 500 g cho 2 suất (mua 250 g/suất, thải bỏ 20% → ăn được 200 g)",
TM555-014-GVTT-cá,86,42.50,"Cà rốt — sách ghi 100 g cho 2 suất (mua 50 g/suất, thải bỏ 15% → ăn được 42 g)",
TM555-014-GVTT-cá,20,49.00,"Thịt ba chỉ — sách ghi 100 g cho 2 suất (mua 50 g/suất, thải bỏ 2% → ăn được 49 g)",
TM555-014-GVTT-cá,2144,45.00,"Tôm tươi — sách ghi 100 g cho 2 suất (mua 50 g/suất, thải bỏ 10% → ăn được 45 g)",
TM555-014-GVTT-cá,3009,25.00,"Lạc — sách ghi 50 g cho 2 suất (mua 25 g/suất, chưa có số thải bỏ)",
TM555-014-GVTT-cá,5019,10.00,"Dấm — sách ghi 20 g cho 2 suất (mua 10 g/suất, chưa có số thải bỏ)",
TM555-014-GVTT-cá,5015,4.10,"Ớt — sách ghi 10 g cho 2 suất (mua 5 g/suất, thải bỏ 18% → ăn được 4 g)",
TM555-014-GVTT-cá,151,4.00,"Tỏi — sách ghi 10 g cho 2 suất (mua 5 g/suất, thải bỏ 20% → ăn được 4 g)",
TM555-014-GVTT-cá,149,5.00,"Đường — sách ghi 10 g cho 2 suất (mua 5 g/suất, chưa có số thải bỏ)",
TM555-014-GVTT-cá,139,0.129,Muối ăn thay Nước mắm — giữ nguyên 50 mg Na,
TM555-018-GVTT-cá,92,161.75,"Bầu — sách ghi 500 g cho 2 suất (mua 250 g/suất, thải bỏ 35.3% → ăn được 162 g)",
TM555-018-GVTT-cá,19,49.00,"Thịt nạc vai — sách ghi 100 g cho 2 suất (mua 50 g/suất, thải bỏ 2% → ăn được 49 g)",
TM555-018-GVTT-cá,2144,67.50,"Tôm tươi — sách ghi 150 g cho 2 suất (mua 75 g/suất, thải bỏ 10% → ăn được 68 g)",
TM555-018-GVTT-cá,5016,3.50,"Hành khô — sách ghi 10 g cho 2 suất (mua 5 g/suất, thải bỏ 30% → ăn được 4 g)",
TM555-018-GVTT-cá,130,5.00,"Mỡ nước — sách ghi 10 g cho 2 suất (mua 5 g/suất, chưa có số thải bỏ)",
TM555-018-GVTT-cá,139,0.464,Muối ăn thay Nước mắm — giữ nguyên 180 mg Na,
NIN-BANH-DAU-XANH-HAP,58,9.423,"Đậu xanh — sách ghi 500 g cho cả công thức, chia 52 suất -> 9.62 g/suất",
NIN-BANH-DAU-XANH-HAP,3007,5.769,"Cùi dừa già — sách ghi 300 g cho cả công thức, chia 52 suất -> 5.77 g/suất",
NIN-BANH-DAU-XANH-HAP,149,7.692,"Đường kính — sách ghi 400 g cho cả công thức, chia 52 suất -> 7.69 g/suất",
NIN-BANH-DAU-XANH-HAP,1105918,1.923,"Bột đao (= bột củ dong; kho có 'Bột dong lọc', nguồn estimated) — sách ghi 100 g cho cả công thức, chia 52 suất -> 1.92 g/suất",
NIN-BANH-DAU-XANH-MO,4010,8.621,"Bột đậu xanh rang — sách ghi 1000 g cho cả công thức, chia 116 suất -> 8.62 g/suất",
NIN-BANH-DAU-XANH-MO,149,10.345,"Đường — sách ghi 1200 g cho cả công thức, chia 116 suất -> 10.34 g/suất",
NIN-BANH-DAU-XANH-MO,130,6.034,"Mỡ nước — sách ghi 700 g cho cả công thức, chia 116 suất -> 6.03 g/suất",
NIN-BANH-GIO,2008,100.00,"Bột tẻ lọc — sách ghi 800 g cho cả công thức (chia 8 suất → 100.0 g/suất, chưa có số thải bỏ)",
NIN-BANH-GIO,19,49.00,"Thịt nạc vai — sách ghi 400 g cho cả công thức (chia 8 suất → 50.0 g/suất, thải bỏ 2% → ăn được 49.0 g)",
NIN-BANH-GIO,4028,1.69,"Mộc nhĩ — sách ghi 15 g cho cả công thức (chia 8 suất → 1.9 g/suất, thải bỏ 10% → ăn được 1.7 g)",
NIN-BANH-GIO,5016,0.88,"Hành khô — sách ghi 10 g cho cả công thức (chia 8 suất → 1.2 g/suất, thải bỏ 30% → ăn được 0.9 g)",
NIN-PHO-BO-CHIN,5,180.00,"Bánh phở thái (định lượng 1 bát) — sách ghi 180 g cho cả công thức (chia 1 suất → 180.0 g/suất, chưa có số thải bỏ)",
NIN-PHO-BO-CHIN,22,34.00,"Thịt bò chín 18-20 g = 33-36 g sống, lấy 34 g — sách ghi 34 g cho cả công thức (chia 1 suất → 34.0 g/suất, chưa có số thải bỏ)",
NIN-PHO-BO-CHIN,79,3.04,"Hành hoa (phần 'rau, gia vị trong bát' 6-7 g) — sách ghi 4 g cho cả công thức (chia 1 suất → 4.0 g/suất, thải bỏ 24% → ăn được 3.0 g)",
NIN-PHO-BO-CHIN,78,2.12,"Rau mùi (phần 'rau, gia vị trong bát' 6-7 g) — sách ghi 2.5 g cho cả công thức (chia 1 suất → 2.5 g/suất, thải bỏ 15% → ăn được 2.1 g)",
NIN-PHO-BO-CHIN,137,6.67,"Nước mắm nêm nước dùng — 2000 g/300 bát — sách ghi 6.67 g cho cả công thức (chia 1 suất → 6.7 g/suất, chưa có số thải bỏ)",
NIN-PHO-BO-CHIN,152,2.25,"Gừng nướng cho nước dùng — 750 g/300 bát — sách ghi 2.5 g cho cả công thức (chia 1 suất → 2.5 g/suất, thải bỏ 10% → ăn được 2.2 g)",
NIN-PHO-BO-CHIN,5016,1.05,"Hành khô nướng cho nước dùng — 450 g/300 bát — sách ghi 1.5 g cho cả công thức (chia 1 suất → 1.5 g/suất, thải bỏ 30% → ăn được 1.0 g)",
NIN-PHO-GA,5,180.00,"Bánh phở thái — sách ghi 54000 g cho cả công thức (chia 300 suất → 180.0 g/suất, chưa có số thải bỏ)",
NIN-PHO-GA,4044,24.00,"Gà mái (hoặc sống thiến) — sách ghi 15000 g cho cả công thức (chia 300 suất → 50.0 g/suất, thải bỏ 52% → ăn được 24.0 g)",
NIN-PHO-GA,1106148,0.33,"Tôm khô nõn — dị nguyên hải sản, giữ dù lượng nhỏ — sách ghi 100 g cho cả công thức (chia 300 suất → 0.3 g/suất, chưa có số thải bỏ)",
NIN-PHO-GA,78,1.42,"Rau mùi, lá chanh (kho chưa có lá chanh — quy về rau mùi) — sách ghi 500 g cho cả công thức (chia 300 suất → 1.7 g/suất, thải bỏ 15% → ăn được 1.4 g)",
NIN-PHO-GA,79,3.80,"Hành hoa — sách ghi 1500 g cho cả công thức (chia 300 suất → 5.0 g/suất, thải bỏ 24% → ăn được 3.8 g)",
NIN-PHO-GA,137,3.335,"Nước mắm I — sách ghi 2000 g cho cả công thức (chia 300 suất → 6.7 g/suất, chưa có số thải bỏ) [tiết chế 2026-08-18: hạ còn 50% để giảm natri, R2 chốt]",
NIN-PHO-GA,149,1.00,"Đường kính — sách ghi 300 g cho cả công thức (chia 300 suất → 1.0 g/suất, chưa có số thải bỏ)",
NIN-PHO-GA,5016,1.40,"Hành khô — sách ghi 600 g cho cả công thức (chia 300 suất → 2.0 g/suất, thải bỏ 30% → ăn được 1.4 g)",
NIN-PHO-GA,152,1.80,"Gừng — sách ghi 600 g cho cả công thức (chia 300 suất → 2.0 g/suất, thải bỏ 10% → ăn được 1.8 g)",
NIN-PHO-GA,139,0.835,"Muối — sách ghi 500 g cho cả công thức (chia 300 suất → 1.7 g/suất, chưa có số thải bỏ) [tiết chế 2026-08-18: hạ còn 50% để giảm natri, R2 chốt]",
NIN-PHO-BO-TAI,5,180.00,"Bánh phở thái — sách ghi 54000 g cho cả công thức (chia 300 suất → 180.0 g/suất, chưa có số thải bỏ)",
NIN-PHO-BO-TAI,21,32.67,"Thịt bò lọc nõn — sách ghi 10000 g cho cả công thức (chia 300 suất → 33.3 g/suất, thải bỏ 2% → ăn được 32.7 g)",
NIN-PHO-BO-TAI,130,10.00,"Mỡ nước (thịt được LĂN qua chảo mỡ — đặc trưng món tái lăn) — sách ghi 3000 g cho cả công thức (chia 300 suất → 10.0 g/suất, chưa có số thải bỏ)",
NIN-PHO-BO-TAI,79,3.80,"Hành hoa — sách ghi 1500 g cho cả công thức (chia 300 suất → 5.0 g/suất, thải bỏ 24% → ăn được 3.8 g)",
NIN-PHO-BO-TAI,78,1.42,"Rau thơm, mùi — sách ghi 500 g cho cả công thức (chia 300 suất → 1.7 g/suất, thải bỏ 15% → ăn được 1.4 g)",
NIN-PHO-BO-TAI,137,7.33,"Nước mắm (200 g ướp thịt + 2000 ml nêm nước dùng) — sách ghi 2200 g cho cả công thức (chia 300 suất → 7.3 g/suất, chưa có số thải bỏ)",
NIN-PHO-BO-TAI,152,2.55,"Gừng (100 g ướp thịt + 750 g nướng cho nước dùng) — sách ghi 850 g cho cả công thức (chia 300 suất → 2.8 g/suất, thải bỏ 10% → ăn được 2.6 g)",
NIN-PHO-BO-TAI,149,1.00,"Đường kính — sách ghi 300 g cho cả công thức (chia 300 suất → 1.0 g/suất, chưa có số thải bỏ)",
NIN-PHO-BO-TAI,139,1.67,"Muối — sách ghi 500 g cho cả công thức (chia 300 suất → 1.7 g/suất, chưa có số thải bỏ)",
NIN-BUN-CHA,19,58.80,"Thịt nạc vai (kho không tách vai — dùng Thịt lợn nạc) — sách ghi 6000 g cho cả công thức (chia 100 suất → 60.0 g/suất, thải bỏ 2% → ăn được 58.8 g)",
NIN-BUN-CHA,20,39.20,"Thịt ba chỉ — sách ghi 4000 g cho cả công thức (chia 100 suất → 40.0 g/suất, thải bỏ 2% → ăn được 39.2 g)",
NIN-BUN-CHA,4,170.00,"Bún — sách ghi 17000 g cho cả công thức (chia 100 suất → 170.0 g/suất, chưa có số thải bỏ)",
NIN-BUN-CHA,76,30.00,"Xà lách — sách ghi 3000 g cho cả công thức (chia 100 suất → 30.0 g/suất, chưa có số thải bỏ)",
NIN-BUN-CHA,3020,20.00,"Đu đủ xanh (dưa góp) — sách ghi 2000 g cho cả công thức (chia 100 suất → 20.0 g/suất, chưa có số thải bỏ)",
NIN-BUN-CHA,86,8.50,"Cà rốt (dưa góp) — sách ghi 1000 g cho cả công thức (chia 100 suất → 10.0 g/suất, thải bỏ 15% → ăn được 8.5 g)",
NIN-BUN-CHA,5019,10.00,"Dấm — sách ghi 1000 g cho cả công thức (chia 100 suất → 10.0 g/suất, chưa có số thải bỏ)",
NIN-BUN-CHA,78,1.70,"Rau mùi — sách ghi 200 g cho cả công thức (chia 100 suất → 2.0 g/suất, thải bỏ 15% → ăn được 1.7 g)",
NIN-BUN-CHA,5016,1.40,"Hành củ khô — sách ghi 200 g cho cả công thức (chia 100 suất → 2.0 g/suất, thải bỏ 30% → ăn được 1.4 g)",
NIN-BUN-CHA,151,1.60,"Tỏi — sách ghi 200 g cho cả công thức (chia 100 suất → 2.0 g/suất, thải bỏ 20% → ăn được 1.6 g)",
NIN-BUN-CHA,149,3.00,"Đường — sách ghi 300 g cho cả công thức (chia 100 suất → 3.0 g/suất, chưa có số thải bỏ)",
NIN-BUN-CHA,147,1.00,"Ớt tươi (kho chỉ có Tương ớt — gần nhất) — sách ghi 100 g cho cả công thức (chia 100 suất → 1.0 g/suất, chưa có số thải bỏ)",
NIN-BUN-OC,4,170.00,"Bún — sách ghi 17000 g cho cả công thức (chia 100 suất → 170.0 g/suất, chưa có số thải bỏ)",
NIN-BUN-OC,4107,60.00,"Ốc nhồi to — dị nguyên hải sản — sách ghi 6000 g cho cả công thức (chia 100 suất → 60.0 g/suất, chưa có số thải bỏ)",
NIN-BUN-OC,85,50.00,"Cà chua — sách ghi 5000 g cho cả công thức (chia 100 suất → 50.0 g/suất, chưa có số thải bỏ)",
NIN-BUN-OC,5019,20.00,"Dấm bỗng (kho chỉ có Giấm — gần nhất) — sách ghi 2000 g cho cả công thức (chia 100 suất → 20.0 g/suất, chưa có số thải bỏ)",
NIN-BUN-OC,79,7.60,"Hành hoa — sách ghi 1000 g cho cả công thức (chia 100 suất → 10.0 g/suất, thải bỏ 24% → ăn được 7.6 g)",
NIN-BUN-OC,130,5.00,"Mỡ nước — sách ghi 500 g cho cả công thức (chia 100 suất → 5.0 g/suất, chưa có số thải bỏ)",
NIN-BUN-OC,137,5.00,"Nước mắm — sách ghi 500 g cho cả công thức (chia 100 suất → 5.0 g/suất, chưa có số thải bỏ)",
NIN-BUN-OC,147,3.00,"Ớt tươi (kho chỉ có Tương ớt) — sách ghi 300 g cho cả công thức (chia 100 suất → 3.0 g/suất, chưa có số thải bỏ)",
NIN-BUN-OC,139,3.00,"Muối — sách ghi 300 g cho cả công thức (chia 100 suất → 3.0 g/suất, chưa có số thải bỏ)",
NIN-BUN-OC,5016,1.40,"Hành khô — sách ghi 200 g cho cả công thức (chia 100 suất → 2.0 g/suất, thải bỏ 30% → ăn được 1.4 g)",
NIN-BUN-OC,149,1.20,"Đường kính — sách ghi 120 g cho cả công thức (chia 100 suất → 1.2 g/suất, chưa có số thải bỏ)",
NIN-BUN-OC,2159,0.90,"Nghệ tươi — sách ghi 100 g cho cả công thức (chia 100 suất → 1.0 g/suất, thải bỏ 10% → ăn được 0.9 g)",
NIN-CHAO-LONG,1,24.00,"Gạo tẻ — sách ghi 2400 g cho cả công thức (chia 100 suất → 24.0 g/suất, chưa có số thải bỏ)",
NIN-CHAO-LONG,3000,6.00,"Gạo nếp — sách ghi 600 g cho cả công thức (chia 100 suất → 6.0 g/suất, chưa có số thải bỏ)",
NIN-CHAO-LONG,27,60.00,"Ruột non 3000 g + Ruột già 3000 g (kho gộp thành 'Lòng lợn') — sách ghi 6000 g cho cả công thức (chia 100 suất → 60.0 g/suất, chưa có số thải bỏ)",
NIN-CHAO-LONG,26,20.00,"Gan lợn — sách ghi 2000 g cho cả công thức (chia 100 suất → 20.0 g/suất, chưa có số thải bỏ)",
NIN-CHAO-LONG,4055,19.60,"Dạ dày — sách ghi 2000 g cho cả công thức (chia 100 suất → 20.0 g/suất, thải bỏ 2% → ăn được 19.6 g)",
NIN-CHAO-LONG,2125,20.00,"Tiết lợn — sách ghi 2000 g cho cả công thức (chia 100 suất → 20.0 g/suất, chưa có số thải bỏ)",
NIN-CHAO-LONG,130,15.00,"Mỡ cơm xôi — sách ghi 1500 g cho cả công thức (chia 100 suất → 15.0 g/suất, chưa có số thải bỏ)",
NIN-CHAO-LONG,79,11.40,"Hành hoa — sách ghi 1500 g cho cả công thức (chia 100 suất → 15.0 g/suất, thải bỏ 24% → ăn được 11.4 g)",
NIN-CHAO-LONG,2120,6.44,"Phổi — sách ghi 700 g cho cả công thức (chia 100 suất → 7.0 g/suất, thải bỏ 8% → ăn được 6.4 g)",
NIN-CHAO-LONG,28,3.76,"Tim — sách ghi 400 g cho cả công thức (chia 100 suất → 4.0 g/suất, thải bỏ 6% → ăn được 3.8 g)",
NIN-CHAO-LONG,78,2.55,"Rau mùi — sách ghi 300 g cho cả công thức (chia 100 suất → 3.0 g/suất, thải bỏ 15% → ăn được 2.5 g)",
NIN-CHAO-LONG,5018,2.25,"Rau răm — sách ghi 300 g cho cả công thức (chia 100 suất → 3.0 g/suất, thải bỏ 25% → ăn được 2.2 g)",
NIN-CHAO-LONG,2056,1.60,"Rau húng — sách ghi 200 g cho cả công thức (chia 100 suất → 2.0 g/suất, thải bỏ 20% → ăn được 1.6 g)",
NIN-XOI-DO-XANH,3000,100.00,"Gạo nếp — sách ghi 1000 g cho cả công thức (chia 10 suất → 100.0 g/suất, chưa có số thải bỏ)",
NIN-XOI-DO-XANH,58,29.40,"Đậu xanh — sách ghi 300 g cho cả công thức (chia 10 suất → 30.0 g/suất, thải bỏ 2% → ăn được 29.4 g)",
NIN-XOI-NGO,3000,20.00,"Gạo nếp — sách ghi 200 g cho cả công thức (chia 10 suất → 20.0 g/suất, chưa có số thải bỏ)",
NIN-XOI-NGO,2005,49.00,"Ngô nếp bung (kho có Ngô hạt khô vàng — đúng dạng ngô khô đem ninh) — sách ghi 500 g cho cả công thức (chia 10 suất → 50.0 g/suất, thải bỏ 2% → ăn được 49.0 g)",
NIN-XOI-NGO,58,39.20,"Đậu xanh — sách ghi 400 g cho cả công thức (chia 10 suất → 40.0 g/suất, thải bỏ 2% → ăn được 39.2 g)",
NIN-XOI-NGO,130,15.00,"Mỡ nước — sách ghi 150 g cho cả công thức (chia 10 suất → 15.0 g/suất, chưa có số thải bỏ)",
NIN-XOI-NGO,149,15.00,"Đường kính — sách ghi 150 g cho cả công thức (chia 10 suất → 15.0 g/suất, chưa có số thải bỏ)",
NIN-XOI-NGO,5016,10.50,"Hành khô rán vàng — sách ghi 150 g cho cả công thức (chia 10 suất → 15.0 g/suất, thải bỏ 30% → ăn được 10.5 g)",
NIN-CHE-HAT-SEN,4019,6.54,"Hạt sen tươi — sách ghi 300 g cho cả công thức (chia 28 suất → 10.7 g/suất, thải bỏ 39% → ăn được 6.5 g)",
NIN-CHE-HAT-SEN,113,35.71,"Nhãn lồng — sách ghi 1000 g cho cả công thức (chia 28 suất → 35.7 g/suất, chưa có số thải bỏ)",
NIN-CHE-HAT-SEN,149,35.71,"Đường kính — sách ghi 1000 g cho cả công thức (chia 28 suất → 35.7 g/suất, chưa có số thải bỏ)",
NIN-BANH-CUON,1,125.00,"Gạo tẻ — sách ghi 500 g cho cả công thức (chia 4 suất → 125.0 g/suất, chưa có số thải bỏ)",
NIN-BANH-CUON,19,49.00,"Thịt nạc vai — sách ghi 200 g cho cả công thức (chia 4 suất → 50.0 g/suất, thải bỏ 2% → ăn được 49.0 g)",
NIN-BANH-CUON,5016,7.00,"Hành khô — sách ghi 40 g cho cả công thức (chia 4 suất → 10.0 g/suất, thải bỏ 30% → ăn được 7.0 g)",
NIN-BANH-CUON,130,7.50,"Mỡ nước — sách ghi 30 g cho cả công thức (chia 4 suất → 7.5 g/suất, chưa có số thải bỏ)",
NIN-BANH-CUON,121,9.38,"Chanh quả (nước chấm) — sách ghi 50 g cho cả công thức (chia 4 suất → 12.5 g/suất, thải bỏ 25% → ăn được 9.4 g)",
NIN-BANH-CUON,2048,4.10,"Ớt tươi (nước chấm) — sách ghi 20 g cho cả công thức (chia 4 suất → 5.0 g/suất, thải bỏ 18% → ăn được 4.1 g)",
NIN-BANH-CUON,4028,2.25,"Mộc nhĩ — sách ghi 10 g cho cả công thức (chia 4 suất → 2.5 g/suất, thải bỏ 10% → ăn được 2.2 g)",
NIN-BANH-CUON,149,2.50,"Đường (nước chấm) — sách ghi 10 g cho cả công thức (chia 4 suất → 2.5 g/suất, chưa có số thải bỏ)",
NIN-BANH-CUON,101,1.25,"Nấm hương — sách ghi 5 g cho cả công thức (chia 4 suất → 1.2 g/suất, chưa có số thải bỏ)",
NIN-BANH-KHOAI-MIEN-TRUNG,76,125.00,"Xà lách (rau ăn kèm) — sách ghi 500 g cho cả công thức (chia 4 suất → 125.0 g/suất, chưa có số thải bỏ)",
NIN-BANH-KHOAI-MIEN-TRUNG,2008,100.00,"Bột gạo tẻ — sách ghi 400 g cho cả công thức (chia 4 suất → 100.0 g/suất, chưa có số thải bỏ)",
NIN-BANH-KHOAI-MIEN-TRUNG,62,50.00,"Giá đỗ — sách ghi 200 g cho cả công thức (chia 4 suất → 50.0 g/suất, chưa có số thải bỏ)",
NIN-BANH-KHOAI-MIEN-TRUNG,19,24.50,"Thịt nạc — sách ghi 100 g cho cả công thức (chia 4 suất → 25.0 g/suất, thải bỏ 2% → ăn được 24.5 g)",
NIN-BANH-KHOAI-MIEN-TRUNG,47,11.50,"Tôm tươi — dị nguyên hải sản — sách ghi 100 g cho cả công thức (chia 4 suất → 25.0 g/suất, thải bỏ 54% → ăn được 11.5 g)",
NIN-BANH-KHOAI-MIEN-TRUNG,33,21.50,"Trứng — dị nguyên trứng — sách ghi 100 g cho cả công thức (chia 4 suất → 25.0 g/suất, thải bỏ 14% → ăn được 21.5 g)",
NIN-BANH-KHOAI-MIEN-TRUNG,2035,17.00,"Chuối xanh (rau ăn kèm) — sách ghi 100 g cho cả công thức (chia 4 suất → 25.0 g/suất, thải bỏ 32% → ăn được 17.0 g)",
NIN-BANH-KHOAI-MIEN-TRUNG,4021,21.75,"Khế xanh (rau ăn kèm) — sách ghi 100 g cho cả công thức (chia 4 suất → 25.0 g/suất, thải bỏ 13% → ăn được 21.8 g)",
NIN-BANH-KHOAI-MIEN-TRUNG,26,12.50,"Gan lợn — sách ghi 50 g cho cả công thức (chia 4 suất → 12.5 g/suất, chưa có số thải bỏ)",
NIN-BANH-KHOAI-MIEN-TRUNG,133,5.00,"Vừng — dị nguyên vừng — sách ghi 20 g cho cả công thức (chia 4 suất → 5.0 g/suất, chưa có số thải bỏ)",
NIN-BANH-CHUNG,3000,500.00,"Gạo nếp cái — sách ghi 5000 g cho cả công thức (chia 10 suất → 500.0 g/suất, chưa có số thải bỏ)",
NIN-BANH-CHUNG,58,147.00,"Đậu xanh — sách ghi 1500 g cho cả công thức (chia 10 suất → 150.0 g/suất, thải bỏ 2% → ăn được 147.0 g)",
NIN-BANH-CHUNG,20,98.00,"Thịt lợn ba chỉ — sách ghi 1000 g cho cả công thức (chia 10 suất → 100.0 g/suất, thải bỏ 2% → ăn được 98.0 g)",
NIN-BANH-DAU-XANH,4010,8.33,"Bột đậu xanh lọc — sách ghi 500 g cho cả công thức (chia 60 suất → 8.3 g/suất, chưa có số thải bỏ)",
NIN-BANH-DAU-XANH,149,16.67,"Đường kính — sách ghi 1000 g cho cả công thức (chia 60 suất → 16.7 g/suất, chưa có số thải bỏ)",
NIN-BANH-BEO,1,44.44,"Bột gạo tẻ — sách ghi 400 g cho cả công thức (chia 9 suất → 44.4 g/suất, chưa có số thải bỏ)",
NIN-BANH-BEO,1105918,11.11,"Bột đao (= bột củ dong; kho có 'Bột dong lọc', nguồn estimated) — sách ghi 100 g cho cả công thức (chia 9 suất → 11.1 g/suất, chưa có số thải bỏ)",
NIN-BANH-BEO,1106148,22.22,"Tôm he khô (kho không tách 'tôm he' — dùng Tôm khô, dị nguyên hải sản) — sách ghi 200 g cho cả công thức (chia 9 suất → 22.2 g/suất, chưa có số thải bỏ)",
NIN-BANH-BEO,5016,15.56,"Hành khô — sách ghi 200 g cho cả công thức (chia 9 suất → 22.2 g/suất, thải bỏ 30% → ăn được 15.6 g)",
NIN-BANH-BEO,130,11.11,"Mỡ nước — sách ghi 100 g cho cả công thức (chia 9 suất → 11.1 g/suất, chưa có số thải bỏ)",
NIN-BANH-BEO,149,3.33,"Đường — sách ghi 30 g cho cả công thức (chia 9 suất → 3.3 g/suất, chưa có số thải bỏ)",
NIN-BANH-BEO,121,4.17,"Chanh quả — sách ghi 50 g cho cả công thức (chia 9 suất → 5.6 g/suất, thải bỏ 25% → ăn được 4.2 g)",
NIN-BANH-BEO,147,3.33,"Ớt tươi (kho chỉ có Tương ớt) — sách ghi 30 g cho cả công thức (chia 9 suất → 3.3 g/suất, chưa có số thải bỏ)",
NIN-BANH-TOM,16,27.78,"Bột mì — sách ghi 1000 g cho cả công thức (chia 36 suất → 27.8 g/suất, chưa có số thải bỏ)",
NIN-BANH-TOM,1,5.56,"Bột gạo tẻ — sách ghi 200 g cho cả công thức (chia 36 suất → 5.6 g/suất, chưa có số thải bỏ)",
NIN-BANH-TOM,1,8.33,"Bột chua (kho không có mục riêng — dùng Bột gạo tẻ, cùng nền bột gạo) — sách ghi 300 g cho cả công thức (chia 36 suất → 8.3 g/suất, chưa có số thải bỏ)",
NIN-BANH-TOM,47,7.67,"Tôm tươi (đều con) — dị nguyên hải sản — sách ghi 600 g cho cả công thức (chia 36 suất → 16.7 g/suất, thải bỏ 54% → ăn được 7.7 g)",
NIN-BANH-TOM,11,13.83,"Khoai tây (khoai lang) — dùng Khoai lang — sách ghi 600 g cho cả công thức (chia 36 suất → 16.7 g/suất, thải bỏ 17% → ăn được 13.8 g)",
NIN-BANH-TOM,130,13.89,"Mỡ nước — sách ghi 500 g cho cả công thức (chia 36 suất → 13.9 g/suất, chưa có số thải bỏ)",
NIN-BANH-TOM,76,2.78,"Rau xà lách — sách ghi 100 g cho cả công thức (chia 36 suất → 2.8 g/suất, chưa có số thải bỏ)",
NIN-BANH-TOM,78,7.08,"Rau thơm (dùng Rau mùi) — sách ghi 300 g cho cả công thức (chia 36 suất → 8.3 g/suất, thải bỏ 15% → ăn được 7.1 g)",
NIN-BANH-TOM,3020,13.89,"Đu đủ xanh — sách ghi 500 g cho cả công thức (chia 36 suất → 13.9 g/suất, chưa có số thải bỏ)",
NIN-BANH-TOM,151,1.11,"Tỏi — sách ghi 50 g cho cả công thức (chia 36 suất → 1.4 g/suất, thải bỏ 20% → ăn được 1.1 g)",
NIN-BANH-TOM,5019,1.39,"Dấm — sách ghi 50 g cho cả công thức (chia 36 suất → 1.4 g/suất, chưa có số thải bỏ)",
NIN-BANH-TOM,149,1.67,"Đường — sách ghi 60 g cho cả công thức (chia 36 suất → 1.7 g/suất, chưa có số thải bỏ)",
NIN-BANH-TOM,147,0.56,"Ớt tươi (kho chỉ có Tương ớt) — sách ghi 20 g cho cả công thức (chia 36 suất → 0.6 g/suất, chưa có số thải bỏ)",
NIN-BANH-RAN-BOC-DUONG,16,60.00,"Bột mỳ — sách ghi 1200 g cho cả công thức (chia 20 suất → 60.0 g/suất, chưa có số thải bỏ)",
NIN-BANH-RAN-BOC-DUONG,149,30.00,"Đường kính — sách ghi 600 g cho cả công thức (chia 20 suất → 30.0 g/suất, chưa có số thải bỏ)",
NIN-BANH-RAN-BOC-DUONG,58,14.70,"Đậu xanh — sách ghi 300 g cho cả công thức (chia 20 suất → 15.0 g/suất, thải bỏ 2% → ăn được 14.7 g)",
NIN-BANH-RAN-BOC-DUONG,130,25.00,"Mỡ nước — sách ghi 500 g cho cả công thức (chia 20 suất → 25.0 g/suất, chưa có số thải bỏ)",
NIN-BANH-TROI,4002,80.00,"Bột nếp — sách ghi 800 g cho cả công thức (chia 10 suất → 80.0 g/suất, chưa có số thải bỏ)",
NIN-BANH-TROI,4003,20.00,"Bột tẻ — sách ghi 200 g cho cả công thức (chia 10 suất → 20.0 g/suất, chưa có số thải bỏ)",
NIN-BANH-TROI,133,3.00,"Vừng trắng — sách ghi 30 g cho cả công thức (chia 10 suất → 3.0 g/suất, chưa có số thải bỏ)",
NIN-BANH-TROI,149,20.00,"Đường phên (kho không có mục riêng — dùng Đường trắng) — sách ghi 200 g cho cả công thức (chia 10 suất → 20.0 g/suất, chưa có số thải bỏ)",
NIN-BANH-GIO-CHAY,4002,57.14,"Bột gạo nếp — sách ghi 800 g cho cả công thức (chia 14 suất → 57.1 g/suất, chưa có số thải bỏ)",
NIN-BANH-GIO-CHAY,149,14.29,"Đường kính — sách ghi 200 g cho cả công thức (chia 14 suất → 14.3 g/suất, chưa có số thải bỏ)",
NIN-BANH-GIO-CHAY,58,35.00,"Đậu xanh — sách ghi 500 g cho cả công thức (chia 14 suất → 35.7 g/suất, thải bỏ 2% → ăn được 35.0 g)",
NIN-BANH-GIO-CHAY,133,2.14,"Vừng — sách ghi 30 g cho cả công thức (chia 14 suất → 2.1 g/suất, chưa có số thải bỏ)",
NIN-BANH-GIO-CHAY,130,10.71,"Mỡ khổ (kho không có mục riêng — dùng Mỡ lợn) — sách ghi 150 g cho cả công thức (chia 14 suất → 10.7 g/suất, chưa có số thải bỏ)",
NIN-MIEN-NGAN,25,22.50,"Vịt bầu (dùng Thịt vịt — R2 xác nhận ngan/vịt tương đương) — sách ghi 5000 g cho cả công thức (chia 100 suất → 50.0 g/suất, thải bỏ 55% → ăn được 22.5 g)",
NIN-MIEN-NGAN,6,40.00,"Miến — sách ghi 4000 g cho cả công thức (chia 100 suất → 40.0 g/suất, chưa có số thải bỏ)",
NIN-MIEN-NGAN,79,7.60,"Hành tươi — sách ghi 1000 g cho cả công thức (chia 100 suất → 10.0 g/suất, thải bỏ 24% → ăn được 7.6 g)",
NIN-MIEN-NGAN,130,2.00,"Mỡ nước — sách ghi 200 g cho cả công thức (chia 100 suất → 2.0 g/suất, chưa có số thải bỏ)",
NIN-MIEN-NGAN,5018,1.50,"Rau răm — sách ghi 200 g cho cả công thức (chia 100 suất → 2.0 g/suất, thải bỏ 25% → ăn được 1.5 g)",
NIN-MIEN-NGAN,137,5.00,"Nước mắm — sách ghi 500 g cho cả công thức (chia 100 suất → 5.0 g/suất, chưa có số thải bỏ)",
NIN-MIEN-NGAN,152,0.90,"Gừng — sách ghi 100 g cho cả công thức (chia 100 suất → 1.0 g/suất, thải bỏ 10% → ăn được 0.9 g)",
NIN-MIEN-NGAN,5016,1.40,"Hành khô — sách ghi 200 g cho cả công thức (chia 100 suất → 2.0 g/suất, thải bỏ 30% → ăn được 1.4 g)",
NIN-MIEN-NGAN,147,2.00,"Ớt tươi (kho chỉ có Tương ớt) — sách ghi 200 g cho cả công thức (chia 100 suất → 2.0 g/suất, chưa có số thải bỏ)",
NIN-GA-TAN,2095,51.69,"Gà tơ — sách ghi 1400 g cho cả công thức (chia 13 suất → 107.7 g/suất, thải bỏ 52% → ăn được 51.7 g)",
NIN-GA-TAN,130,3.85,"Mỡ nước — sách ghi 50 g cho cả công thức (chia 13 suất → 3.8 g/suất, chưa có số thải bỏ)",
NIN-GA-TAN,101,1.15,"Nấm hương — sách ghi 15 g cho cả công thức (chia 13 suất → 1.2 g/suất, chưa có số thải bỏ)",
NIN-GA-TAN,5016,1.62,"Hành khô — sách ghi 30 g cho cả công thức (chia 13 suất → 2.3 g/suất, thải bỏ 30% → ăn được 1.6 g)",
NIN-GA-TAN,151,0.62,"Tỏi khô — sách ghi 10 g cho cả công thức (chia 13 suất → 0.8 g/suất, thải bỏ 20% → ăn được 0.6 g)",
NIN-GA-TAN,152,0.69,"Gừng — sách ghi 10 g cho cả công thức (chia 13 suất → 0.8 g/suất, thải bỏ 10% → ăn được 0.7 g)",
NIN-GA-TAN,2166,1.54,"Rượu trắng — sách ghi 20 g cho cả công thức (chia 13 suất → 1.5 g/suất, chưa có số thải bỏ)",
NIN-GA-TAN,78,1.96,"Rau mùi — sách ghi 30 g cho cả công thức (chia 13 suất → 2.3 g/suất, thải bỏ 15% → ăn được 2.0 g)",
NIN-MY-XAO,4117,200.00,"Mì sợi — sách ghi 1000 g cho cả công thức (chia 5 suất → 200.0 g/suất, chưa có số thải bỏ)",
NIN-MY-XAO,130,60.00,"Mỡ nước ⚠️ CẦN R2 XEM LẠI: 300 g cho 5 đĩa = 60 g/suất, cao gấp 2,4 lần mức cao nhất trong các món TM555 hiện có (25 g). Đây là mỡ CHIÊN GIÒN ('mì xào GIÒN'), phần lớn không ngấm vào món — nhưng sách không cho tỉ lệ hấp thụ nên giữ nguyên số sách theo đúng quy ước đang dùng, KHÔNG tự suy giảm. R2 cho tỉ lệ hấp thụ thì sửa lại được ngay — sách ghi 300 g cho cả công thức (chia 5 suất → 60.0 g/suất, chưa có số thải bỏ)",
NIN-MY-XAO,21,49.00,"Thịt bò lọc — sách ghi 250 g cho cả công thức (chia 5 suất → 50.0 g/suất, thải bỏ 2% → ăn được 49.0 g)",
NIN-MY-XAO,4102,50.00,"Cần, tỏi tây — sách ghi 250 g cho cả công thức (chia 5 suất → 50.0 g/suất, chưa có số thải bỏ)",
NIN-MY-XAO,86,17.00,"Cà rốt — sách ghi 100 g cho cả công thức (chia 5 suất → 20.0 g/suất, thải bỏ 15% → ăn được 17.0 g)",
NIN-MY-XAO,85,20.00,"Cà chua — sách ghi 100 g cho cả công thức (chia 5 suất → 20.0 g/suất, chưa có số thải bỏ)",
NIN-MY-XAO,79,7.60,"Hành tươi — sách ghi 50 g cho cả công thức (chia 5 suất → 10.0 g/suất, thải bỏ 24% → ăn được 7.6 g)",
NIN-MIEN-LUON,4071,39.00,"Lươn — sách ghi 6000 g cho cả công thức (chia 100 suất → 60.0 g/suất, thải bỏ 35% → ăn được 39.0 g)",
NIN-MIEN-LUON,6,40.00,"Miến — sách ghi 4000 g cho cả công thức (chia 100 suất → 40.0 g/suất, chưa có số thải bỏ)",
NIN-MIEN-LUON,79,7.60,"Hành tươi — sách ghi 1000 g cho cả công thức (chia 100 suất → 10.0 g/suất, thải bỏ 24% → ăn được 7.6 g)",
NIN-MIEN-LUON,4028,1.80,"Mộc nhĩ — sách ghi 200 g cho cả công thức (chia 100 suất → 2.0 g/suất, thải bỏ 10% → ăn được 1.8 g)",
NIN-MIEN-LUON,130,5.00,"Mỡ nước — sách ghi 500 g cho cả công thức (chia 100 suất → 5.0 g/suất, chưa có số thải bỏ)",
NIN-MIEN-LUON,78,1.70,"Rau mùi — sách ghi 200 g cho cả công thức (chia 100 suất → 2.0 g/suất, thải bỏ 15% → ăn được 1.7 g)",
NIN-MIEN-LUON,152,0.90,"Gừng — sách ghi 100 g cho cả công thức (chia 100 suất → 1.0 g/suất, thải bỏ 10% → ăn được 0.9 g)",
NIN-MIEN-LUON,5016,1.40,"Hành khô — sách ghi 200 g cho cả công thức (chia 100 suất → 2.0 g/suất, thải bỏ 30% → ăn được 1.4 g)",
NIN-CHAO-LONG,150,447.2,"Nước lã — bù khối lượng nước dùng/nước cháo bị bỏ sót khi loại xương ninh (DEC-094). Sửa kcal/100g 229.2 -> 69.0, khớp Bảng thành phần dinh dưỡng thực phẩm Việt Nam 2017 (Viện Dinh dưỡng), mục 'món hỗn hợp chế biến sẵn' (mã 150xx), đo TRỰC TIẾP trên món đã nấu chín — không suy từ nguyên liệu thô như cách dựng ban đầu. (món 589 · 15042, tr. 143).",
NIN-PHO-BO-CHIN,150,106.4,"Nước lã — bù khối lượng nước dùng/nước cháo bị bỏ sót khi loại xương ninh (DEC-094). Sửa kcal/100g 106.9 -> 73.0, khớp Bảng thành phần dinh dưỡng thực phẩm Việt Nam 2017 (Viện Dinh dưỡng), mục 'món hỗn hợp chế biến sẵn' (mã 150xx), đo TRỰC TIẾP trên món đã nấu chín — không suy từ nguyên liệu thô như cách dựng ban đầu. (món 612 · 15065, tr. 147).",
NIN-BUN-OC,150,178.0,"Nước lã — bù khối lượng nước dùng/nước cháo bị bỏ sót khi loại xương ninh (DEC-094). Sửa kcal/100g 95.7 -> 62.0, khớp Bảng thành phần dinh dưỡng thực phẩm Việt Nam 2017 (Viện Dinh dưỡng), mục 'món hỗn hợp chế biến sẵn' (mã 150xx), đo TRỰC TIẾP trên món đã nấu chín — không suy từ nguyên liệu thô như cách dựng ban đầu. (món 586 · 15039, tr. 143).",
NIN-MIEN-LUON,150,233.0,"Nước lã — bù khối lượng nước dùng/nước cháo bị bỏ sót khi loại xương ninh (DEC-094). Sửa kcal/100g 247.6 -> 73.0, khớp Bảng thành phần dinh dưỡng thực phẩm Việt Nam 2017 (Viện Dinh dưỡng), mục 'món hỗn hợp chế biến sẵn' (mã 150xx), đo TRỰC TIẾP trên món đã nấu chín — không suy từ nguyên liệu thô như cách dựng ban đầu. (món 605 · 15058, tr. 147).",
NIN-PHO-BO-TAI,150,260.6,"Nước lã — bù khối lượng nước dùng/nước cháo bị bỏ sót khi loại xương ninh (DEC-094). Sửa kcal/100g 139.6 -> 67.0, khớp Bảng thành phần dinh dưỡng thực phẩm Việt Nam 2017 (Viện Dinh dưỡng), mục 'món hỗn hợp chế biến sẵn' (mã 150xx), đo TRỰC TIẾP trên món đã nấu chín — không suy từ nguyên liệu thô như cách dựng ban đầu. (món 613 · 15066, tr. 147).",
NIN-PHO-GA,150,129.1,"Nước lã — bù khối lượng nước dùng/nước cháo bị bỏ sót khi loại xương ninh (DEC-094). Sửa kcal/100g 115.4 -> 73.0, khớp Bảng thành phần dinh dưỡng thực phẩm Việt Nam 2017 (Viện Dinh dưỡng), mục 'món hỗn hợp chế biến sẵn' (mã 150xx), đo TRỰC TIẾP trên món đã nấu chín — không suy từ nguyên liệu thô như cách dựng ban đầu. (món 614 · 15067, tr. 147).",
NIN-MIEN-NGAN,150,255.8,"Nước lã — bù khối lượng nước dùng/nước cháo bị bỏ sót khi loại xương ninh (DEC-094). Sửa kcal/100g 265.6 -> 65.0, khớp Bảng thành phần dinh dưỡng thực phẩm Việt Nam 2017 (Viện Dinh dưỡng), mục 'món hỗn hợp chế biến sẵn' (mã 150xx), đo TRỰC TIẾP trên món đã nấu chín — không suy từ nguyên liệu thô như cách dựng ban đầu. (món 606 · 15059, tr. 147).",
NIN-GA-TAN,150,45.5,"Nước lã — bù khối lượng nước dùng/nước cháo bị bỏ sót khi loại xương ninh (DEC-094). Sửa kcal/100g 225.5 -> 131.0, khớp Bảng thành phần dinh dưỡng thực phẩm Việt Nam 2017 (Viện Dinh dưỡng), mục 'món hỗn hợp chế biến sẵn' (mã 150xx), đo TRỰC TIẾP trên món đã nấu chín — không suy từ nguyên liệu thô như cách dựng ban đầu. (món 604 · 15057, tr. 147).",
VN-SUON-XAO-CHUA-NGOT,121,2.0,"Nước cốt chanh — bổ sung 2026-08-18 (R2: tỷ lệ chua:ngọt Việt Nam 1:2.5, thay giấm)",
VN-SUON-XAO-CHUA-NGOT,149,5.0,"Đường trắng — bổ sung 2026-08-18 (R2: tỷ lệ chua:ngọt Việt Nam 1:2.5, hoàn thiện công thức chua ngọt)",
PHO-BO,150,167.80,"Nước lã — bù khối lượng nước dùng/nước cháo ở lại trong bát. Lượng nước = serving_g đã R2 ký trừ tổng nguyên liệu hiện có, KHÔNG suy ra số mới. Hợp nhất hai quy ước ghi nước dùng mà DEC-095 §④ đã ghi nhận là chưa thống nhất (một số món ghi bằng metadata serving_g, một số ghi bằng dòng Nước lã). Nước lã mọi chỉ số = 0 nên KHÔNG đổi tổng dinh dưỡng — xem đính chính DEC-095 §②. [R2 chốt 2026-08-18]",
CANH-RAU-MUONG,150,199.58,"Nước lã — bù khối lượng nước dùng/nước cháo ở lại trong bát. Lượng nước = serving_g đã R2 ký trừ tổng nguyên liệu hiện có, KHÔNG suy ra số mới. Hợp nhất hai quy ước ghi nước dùng mà DEC-095 §④ đã ghi nhận là chưa thống nhất (một số món ghi bằng metadata serving_g, một số ghi bằng dòng Nước lã). Nước lã mọi chỉ số = 0 nên KHÔNG đổi tổng dinh dưỡng — xem đính chính DEC-095 §②. [R2 chốt 2026-08-18]",
VN-CANH-RAU-NGOT,150,198.06,"Nước lã — bù khối lượng nước dùng/nước cháo ở lại trong bát. Lượng nước = serving_g đã R2 ký trừ tổng nguyên liệu hiện có, KHÔNG suy ra số mới. Hợp nhất hai quy ước ghi nước dùng mà DEC-095 §④ đã ghi nhận là chưa thống nhất (một số món ghi bằng metadata serving_g, một số ghi bằng dòng Nước lã). Nước lã mọi chỉ số = 0 nên KHÔNG đổi tổng dinh dưỡng — xem đính chính DEC-095 §②. [R2 chốt 2026-08-18]",
VN-CANH-RAU-DEN,150,198.06,"Nước lã — bù khối lượng nước dùng/nước cháo ở lại trong bát. Lượng nước = serving_g đã R2 ký trừ tổng nguyên liệu hiện có, KHÔNG suy ra số mới. Hợp nhất hai quy ước ghi nước dùng mà DEC-095 §④ đã ghi nhận là chưa thống nhất (một số món ghi bằng metadata serving_g, một số ghi bằng dòng Nước lã). Nước lã mọi chỉ số = 0 nên KHÔNG đổi tổng dinh dưỡng — xem đính chính DEC-095 §②. [R2 chốt 2026-08-18]",
VN-CANH-BI-XANH,150,198.06,"Nước lã — bù khối lượng nước dùng/nước cháo ở lại trong bát. Lượng nước = serving_g đã R2 ký trừ tổng nguyên liệu hiện có, KHÔNG suy ra số mới. Hợp nhất hai quy ước ghi nước dùng mà DEC-095 §④ đã ghi nhận là chưa thống nhất (một số món ghi bằng metadata serving_g, một số ghi bằng dòng Nước lã). Nước lã mọi chỉ số = 0 nên KHÔNG đổi tổng dinh dưỡng — xem đính chính DEC-095 §②. [R2 chốt 2026-08-18]",
VN-CANH-CAI-THAO,150,198.06,"Nước lã — bù khối lượng nước dùng/nước cháo ở lại trong bát. Lượng nước = serving_g đã R2 ký trừ tổng nguyên liệu hiện có, KHÔNG suy ra số mới. Hợp nhất hai quy ước ghi nước dùng mà DEC-095 §④ đã ghi nhận là chưa thống nhất (một số món ghi bằng metadata serving_g, một số ghi bằng dòng Nước lã). Nước lã mọi chỉ số = 0 nên KHÔNG đổi tổng dinh dưỡng — xem đính chính DEC-095 §②. [R2 chốt 2026-08-18]",
VN-CANH-MUOP,150,198.06,"Nước lã — bù khối lượng nước dùng/nước cháo ở lại trong bát. Lượng nước = serving_g đã R2 ký trừ tổng nguyên liệu hiện có, KHÔNG suy ra số mới. Hợp nhất hai quy ước ghi nước dùng mà DEC-095 §④ đã ghi nhận là chưa thống nhất (một số món ghi bằng metadata serving_g, một số ghi bằng dòng Nước lã). Nước lã mọi chỉ số = 0 nên KHÔNG đổi tổng dinh dưỡng — xem đính chính DEC-095 §②. [R2 chốt 2026-08-18]",
VN-CANH-CAI-XANH,150,198.06,"Nước lã — bù khối lượng nước dùng/nước cháo ở lại trong bát. Lượng nước = serving_g đã R2 ký trừ tổng nguyên liệu hiện có, KHÔNG suy ra số mới. Hợp nhất hai quy ước ghi nước dùng mà DEC-095 §④ đã ghi nhận là chưa thống nhất (một số món ghi bằng metadata serving_g, một số ghi bằng dòng Nước lã). Nước lã mọi chỉ số = 0 nên KHÔNG đổi tổng dinh dưỡng — xem đính chính DEC-095 §②. [R2 chốt 2026-08-18]",
TM555-424,150,117.63,"Nước lã — bù khối lượng nước dùng/nước cháo ở lại trong bát. Lượng nước = serving_g đã R2 ký trừ tổng nguyên liệu hiện có, KHÔNG suy ra số mới. Hợp nhất hai quy ước ghi nước dùng mà DEC-095 §④ đã ghi nhận là chưa thống nhất (một số món ghi bằng metadata serving_g, một số ghi bằng dòng Nước lã). Nước lã mọi chỉ số = 0 nên KHÔNG đổi tổng dinh dưỡng — xem đính chính DEC-095 §②. [R2 chốt 2026-08-18]",
TM555-425,150,95.19,"Nước lã — bù khối lượng nước dùng/nước cháo ở lại trong bát. Lượng nước = serving_g đã R2 ký trừ tổng nguyên liệu hiện có, KHÔNG suy ra số mới. Hợp nhất hai quy ước ghi nước dùng mà DEC-095 §④ đã ghi nhận là chưa thống nhất (một số món ghi bằng metadata serving_g, một số ghi bằng dòng Nước lã). Nước lã mọi chỉ số = 0 nên KHÔNG đổi tổng dinh dưỡng — xem đính chính DEC-095 §②. [R2 chốt 2026-08-18]",
TM555-426,150,83.36,"Nước lã — bù khối lượng nước dùng/nước cháo ở lại trong bát. Lượng nước = serving_g đã R2 ký trừ tổng nguyên liệu hiện có, KHÔNG suy ra số mới. Hợp nhất hai quy ước ghi nước dùng mà DEC-095 §④ đã ghi nhận là chưa thống nhất (một số món ghi bằng metadata serving_g, một số ghi bằng dòng Nước lã). Nước lã mọi chỉ số = 0 nên KHÔNG đổi tổng dinh dưỡng — xem đính chính DEC-095 §②. [R2 chốt 2026-08-18]",
PHO-BO-GVTT-cá,150,169.33,"Nước lã — bù khối lượng nước dùng/nước cháo ở lại trong bát. Lượng nước = serving_g đã R2 ký trừ tổng nguyên liệu hiện có, KHÔNG suy ra số mới. Hợp nhất hai quy ước ghi nước dùng mà DEC-095 §④ đã ghi nhận là chưa thống nhất (một số món ghi bằng metadata serving_g, một số ghi bằng dòng Nước lã). Nước lã mọi chỉ số = 0 nên KHÔNG đổi tổng dinh dưỡng — xem đính chính DEC-095 §②. [R2 chốt 2026-08-18]",
CANH-RAU-MUONG-GVTT-cá,150,199.87,"Nước lã — bù khối lượng nước dùng/nước cháo ở lại trong bát. Lượng nước = serving_g đã R2 ký trừ tổng nguyên liệu hiện có, KHÔNG suy ra số mới. Hợp nhất hai quy ước ghi nước dùng mà DEC-095 §④ đã ghi nhận là chưa thống nhất (một số món ghi bằng metadata serving_g, một số ghi bằng dòng Nước lã). Nước lã mọi chỉ số = 0 nên KHÔNG đổi tổng dinh dưỡng — xem đính chính DEC-095 §②. [R2 chốt 2026-08-18]",
NUOC-CHAM-VCB-GVTT-cá,150,8.01,"Nước lã — bù khối lượng nước dùng/nước cháo ở lại trong bát. Lượng nước = serving_g đã R2 ký trừ tổng nguyên liệu hiện có, KHÔNG suy ra số mới. Hợp nhất hai quy ước ghi nước dùng mà DEC-095 §④ đã ghi nhận là chưa thống nhất (một số món ghi bằng metadata serving_g, một số ghi bằng dòng Nước lã). Nước lã mọi chỉ số = 0 nên KHÔNG đổi tổng dinh dưỡng — xem đính chính DEC-095 §②. [R2 chốt 2026-08-18]",
VN-CANH-RAU-NGOT-GVTT-cá,150,199.61,"Nước lã — bù khối lượng nước dùng/nước cháo ở lại trong bát. Lượng nước = serving_g đã R2 ký trừ tổng nguyên liệu hiện có, KHÔNG suy ra số mới. Hợp nhất hai quy ước ghi nước dùng mà DEC-095 §④ đã ghi nhận là chưa thống nhất (một số món ghi bằng metadata serving_g, một số ghi bằng dòng Nước lã). Nước lã mọi chỉ số = 0 nên KHÔNG đổi tổng dinh dưỡng — xem đính chính DEC-095 §②. [R2 chốt 2026-08-18]",
VN-CANH-RAU-DEN-GVTT-cá,150,199.61,"Nước lã — bù khối lượng nước dùng/nước cháo ở lại trong bát. Lượng nước = serving_g đã R2 ký trừ tổng nguyên liệu hiện có, KHÔNG suy ra số mới. Hợp nhất hai quy ước ghi nước dùng mà DEC-095 §④ đã ghi nhận là chưa thống nhất (một số món ghi bằng metadata serving_g, một số ghi bằng dòng Nước lã). Nước lã mọi chỉ số = 0 nên KHÔNG đổi tổng dinh dưỡng — xem đính chính DEC-095 §②. [R2 chốt 2026-08-18]",
VN-CANH-BI-XANH-GVTT-cá,150,199.61,"Nước lã — bù khối lượng nước dùng/nước cháo ở lại trong bát. Lượng nước = serving_g đã R2 ký trừ tổng nguyên liệu hiện có, KHÔNG suy ra số mới. Hợp nhất hai quy ước ghi nước dùng mà DEC-095 §④ đã ghi nhận là chưa thống nhất (một số món ghi bằng metadata serving_g, một số ghi bằng dòng Nước lã). Nước lã mọi chỉ số = 0 nên KHÔNG đổi tổng dinh dưỡng — xem đính chính DEC-095 §②. [R2 chốt 2026-08-18]",
VN-CANH-CAI-THAO-GVTT-cá,150,199.61,"Nước lã — bù khối lượng nước dùng/nước cháo ở lại trong bát. Lượng nước = serving_g đã R2 ký trừ tổng nguyên liệu hiện có, KHÔNG suy ra số mới. Hợp nhất hai quy ước ghi nước dùng mà DEC-095 §④ đã ghi nhận là chưa thống nhất (một số món ghi bằng metadata serving_g, một số ghi bằng dòng Nước lã). Nước lã mọi chỉ số = 0 nên KHÔNG đổi tổng dinh dưỡng — xem đính chính DEC-095 §②. [R2 chốt 2026-08-18]",
VN-CANH-MUOP-GVTT-cá,150,199.61,"Nước lã — bù khối lượng nước dùng/nước cháo ở lại trong bát. Lượng nước = serving_g đã R2 ký trừ tổng nguyên liệu hiện có, KHÔNG suy ra số mới. Hợp nhất hai quy ước ghi nước dùng mà DEC-095 §④ đã ghi nhận là chưa thống nhất (một số món ghi bằng metadata serving_g, một số ghi bằng dòng Nước lã). Nước lã mọi chỉ số = 0 nên KHÔNG đổi tổng dinh dưỡng — xem đính chính DEC-095 §②. [R2 chốt 2026-08-18]",
VN-CANH-CAI-XANH-GVTT-cá,150,199.61,"Nước lã — bù khối lượng nước dùng/nước cháo ở lại trong bát. Lượng nước = serving_g đã R2 ký trừ tổng nguyên liệu hiện có, KHÔNG suy ra số mới. Hợp nhất hai quy ước ghi nước dùng mà DEC-095 §④ đã ghi nhận là chưa thống nhất (một số món ghi bằng metadata serving_g, một số ghi bằng dòng Nước lã). Nước lã mọi chỉ số = 0 nên KHÔNG đổi tổng dinh dưỡng — xem đính chính DEC-095 §②. [R2 chốt 2026-08-18]",
