url,name_vi,reason,detail
https://monngonmoingay.com/salad-sua-chua-cung-gyoza/,Salad Sữa Chua Cùng Gyoza,unparsed_main_ingredient,Ớt chuông vàng trái nhỏ	 1/2 trái 		Cắt que; Ớt chuông đỏ trái nhỏ	 1/2 trái 		Cắt que; Hành tây	 1/4 trái 		Cắt múi cau nhỏ; Tỏi Bắc nguyên củ	 1 củ 		Vạt đầu
https://monngonmoingay.com/canh-hau-cai-be-xanh/,,no_recipe_ldjson,
https://monngonmoingay.com/canh-ga-nam-huong-cu-sam-dat/,Canh Gà Nấm Hương Củ Sâm Đất,unparsed_main_ingredient,"Má đùi gà rút xương		 3 cái; Bắp mỹ		 1/2 trái 	Cắt khúc 1,5cm; Nấm hương		 12 tai 	Ngâm rửa sạch.; Nước dùng gà		 1,5 lít"
https://monngonmoingay.com/tom-trung-cut-xuc-xich-xao-bong-cai/,Tôm Trứng Cút Xúc Xích Xào Bông Cải,unparsed_main_ingredient,"Xúc xích heo		 1 cây 	Cát lát xéo; Gia vị: Mỡ nước, Hạt nêm Aji-ngon® Heo, tiêu, hành tỏi băm, đường, bột năng, nước tương &quot;Phú Sĩ&quot;"
https://monngonmoingay.com/canh-bi-dao-suon-non/,Canh Bí Đao Sườn Non,unparsed_main_ingredient,Bí đao: 1 trái
https://monngonmoingay.com/ga-rim-nuoc-tuong/,Gà Rim Nước Tương,unparsed_main_ingredient,"ĂN KÈM:	Xà lách, dưa leo; Gia vị: 	Đường, muối, tiêu, xốt cà chua, dầu ăn"
https://monngonmoingay.com/suon-nuong-mat-ong-2/,Sườn Nướng Mật Ong,unparsed_main_ingredient,"ĂN KÈM:	Xà lách, dưa leo"
https://monngonmoingay.com/nam-bao-ngu-xao-xa-ot/,Nấm Bào Ngư Xào Sả Ớt,unparsed_main_ingredient,"Nghệ tươi	 1 củ; Gia vị: 	Đường, dầu ăn, Nước tương &quot;Phú Sĩ&quot;, Bột ngọt AJI-NO-MOTO®"
https://monngonmoingay.com/canh-thit-bo-cai-xoong-2/,Canh Thịt Bò Cải Xoong,unparsed_main_ingredient,"Gia vị: 	Hành tím phi, tiêu"
https://monngonmoingay.com/kho-muc-tron-trai-cay/,Khô Mực Trộn Trái Cây,unparsed_main_ingredient,"Táo xanh		 1 quả; Lê giòn		 1 quả; Bacon		 2 lát; Tắc chín vàng		 5 quả 	Vắt lấy nước cốt, vỏ tắc thái sợi nhuyễn"
https://monngonmoingay.com/canh-but-giam-ca-lang-dua-bon-bon/,Canh Bụt Giấm Cá Lăng &#8211; Dưa Bồn Bồn,unparsed_main_ingredient,"Sả cây đập giập, cắt khúc		 2 cây; RAU NÊM: Cần tàu, ngò gai, rau om, tần dầy lá; Gia vị: Ớt hiểm xanh đỏ, tỏi băm, đường, muối, tiêu, nước mắm, dầu ăn"
https://monngonmoingay.com/salad-bo-tom-thit-ap-chao/,Salad Bơ Tôm Thịt Áp Chảo,unparsed_main_ingredient,"ĂN KÈM: Snack tôm (Hanami); Gia vị: Nước hành tỏi băm, hành tím cắt lát, dầu ăn"
https://monngonmoingay.com/tacos-ga-caesar/,Tacos Gà Caesar,unparsed_main_ingredient,"Bánh Tacos		 4 miếng; Hành tây tím		  20 	Cắt mỏng, ngâm nước đá; Gia vị: 	Dầu hào “AJINOMOTO”, tiêu, dầu ăn"
https://monngonmoingay.com/salad-bap-tom-3/,Salad Bắp Tôm,unparsed_main_ingredient,"Gia vị: 	Sữa đặc có đường, tương cà"
https://monngonmoingay.com/ca-dieu-hong-nuong-kem-dua-nu-ngam-chua/,Cá Điêu Hồng Nướng Kèm Dưa Nụ Ngâm Chua,unparsed_main_ingredient,"Tỏi tép cắt lát 		 1M; Gia vị: muối, đường, đường phèn, muối hạt, bột ngọt, nước tương &quot;Phú Sĩ&quot;"
https://monngonmoingay.com/mi-nam-cu-hu-dua-tao-do/,Mì Nấm Củ Hủ Dừa Táo Đỏ,unparsed_main_ingredient,"Táo đỏ khô		 12 quả; Nấm đông cô		 8 tai nhỏ; Nước dùng rau củ		 1,6 lít; Mì trứng		 4 vắt"
https://monngonmoingay.com/heo-quay-kho-mang-2/,Heo Quay Kho Măng,unparsed_main_ingredient,"Dừa xiêm	 1 trái; Gia vị: 	Nước tương &quot;Phú Sĩ&quot;, ớt sừng, hành lá, tỏi băm, tiêu, đường, dầu ăn"
https://monngonmoingay.com/canh-den-com-nau-ngheu-2/,Canh Dền Cơm Nấu Nghêu,unparsed_main_ingredient,Mướp khía	 1 trái
https://monngonmoingay.com/kho-qua-tay-xao-thit-bo-2/,Khổ Qua Tây Xào Thịt Bò,unparsed_main_ingredient,"Gia vị thông thường, tỏi băm, dầu ăn; Nước tương &quot;Phú Sĩ&quot;; Hạt nêm Aji-ngon® Heo"
https://monngonmoingay.com/dau-hu-thit-vien-rau-cu/,Đậu Hủ Thịt Viên Rau Củ,unparsed_main_ingredient,Gia vị: Dầu ăn
https://monngonmoingay.com/cha-ca-kho-van-trung-2/,Chả Cá Kho Vân Trứng,unparsed_main_ingredient,"ĂN KÈM:	Cơm trắng; Gia vị: 	Muối, tiêu, đường, sa tế tôm, dầu ăn, dầu điều, Bột ngọt AJI-NO-MOTO®, Xốt Mayonnaise Aji-mayo® Vị Nguyên Bản"
https://monngonmoingay.com/dot-su-xao-tom-2/,Đọt Su Xào Tôm,unparsed_main_ingredient,"Gia vị: 	Dầu ăn, đường, tiêu, Hạt nêm Aji-ngon® Heo"
https://monngonmoingay.com/canh-suon-hat-sen/,Canh Sườn Hạt Sen,unparsed_main_ingredient,Nấm hương	 5 tai
https://monngonmoingay.com/canh-oc-chua-cay/,Canh Ốc Chua Cay,unparsed_main_ingredient,"Nấm mèo 		 1,5M 	Băm nhỏ"
https://monngonmoingay.com/ga-tiem-hat-sen/,Gà tiềm hạt sen,unparsed_main_ingredient,Đùi gà 1 cái.; Bọng gà 1 cái.; Củ năng 6 củ.; Nấm hương 4 tai.
https://monngonmoingay.com/canh-ga-cu-sen/,Canh Gà Củ Sen,unparsed_main_ingredient,"Táo đỏ		 4 quả; Nấm đông cô		 4 tai nhỏ; Gia vị: Hành tím đập dập 4 củ, muối, hành ngò, tiêu, dầu ăn"
https://monngonmoingay.com/cha-gio-tom-mayo/,Chả Giò Tôm Mayo,unparsed_main_ingredient,"Bánh tráng bò bía	10 - 12 lá; ĂN KÈM:	Xà lách; Gia vị:	Dầu ăn, tiêu, Hạt nêm Aji-ngon® Heo"
https://monngonmoingay.com/cai-thia-xao-hai-sam/,Cải Thìa Xào Hải Sâm,unparsed_main_ingredient,"Nấm đông cô tươi		 8 tai 	Ngâm 10 phút với nước pha bột năng, rửa sạch lại.; Gừng non cắt sợi		 1M; Gia vị: Ngò rí, gừng non cắt sợi, hạt nêm Aji-ngon® heo, dầu hào, dầu ăn, nước pha bột năng"
https://monngonmoingay.com/salad-tonkatsu/,Salad Tonkatsu,unparsed_main_ingredient,Thịt heo chiên xù kiểu Nhật Tonkatsu		 2 bịch; Dầu oliu		 3M; Vỏ chanh mài		 1M; &quot;AJINOMOTO&quot; Giấm gạo lên men		 3M
https://monngonmoingay.com/salad-bacon-xot-me-rang/,Salad Bacon Xốt Mè Rang,low_food_id_cover,"cover=0.74 thieu: Bacon xông khói, Bắp hạt"
https://monngonmoingay.com/sup-ga-chua-cay-2/,Súp Gà Chua Cay,unparsed_main_ingredient,"Ớt sa tế	 1M; ĂN KÈM:	Nước tương “Phú Sĩ” và ớt cắt lát; Gia vị: 	Hạt nêm Aji-ngon® Gà, tiêu, bột năng, đường"
https://monngonmoingay.com/com-gao-lut-chien-ngheu/,Cơm Gạo Lứt Chiên Nghêu,unparsed_main_ingredient,"Gia vị: 	Nước tương &quot;Phú Sĩ&quot;, Hạt nêm Aji-ngon® Heo"
https://monngonmoingay.com/canh-suon-gyoza/,Canh Sườn Gyoza,unparsed_main_ingredient,Bánh xếp kiểu Nhật Gyoza		 2 gói
https://monngonmoingay.com/ga-nuong-chanh-sa-mayo/,Gà Nướng Chanh Sả Mayo,unparsed_main_ingredient,"Mật ong		 1/2M; Xốt Mayonnaise Aji-mayo® Vị Nguyên Bản		 5M; Lá chúc cắt nhỏ		 2m; Sả băm 1M, tỏi băm 1M, ớt băm 1/2m"
https://monngonmoingay.com/tom-chien-canh-buom/,Tôm chiên cánh bướm,unparsed_main_ingredient,"Bắp non nhỏ: 8 trái; Mè rang: 1M; Gia vị: 	Dầu ăn, nước cốt chanh, muối, soda, ớt bột paprika"
https://monngonmoingay.com/tom-bao-moc-chien-gion/,Tôm bao mọc chiên giòn,unparsed_main_ingredient,Tôm sú nhỏ (size 50)   12 con; Nấm mèo đen     1 tai; Tiêu xanh   1 nhánh; Bánh tráng ủ lá chuối   6 cái
https://monngonmoingay.com/tom-muc-chien-gion/,Tôm mực chiên giòn,unparsed_main_ingredient,"Mù tạt xanh, ngò rí"
https://monngonmoingay.com/goi-cuon-chay-xot-dau-phong/,Gỏi cuốn chay xốt đậu phộng,unparsed_main_ingredient,"Bánh tráng	10 bánh; Đậu hũ chiên	1 miếng; Đậu phộng rang	4M; Rau thơm các loại, lá hẹ, xà lách"
https://monngonmoingay.com/che-ba-ba/,Chè bà ba,unparsed_main_ingredient,"Lá dứa      4-5 cây; Màu củ dền và màu lá dứa mỗi loại 2M; Gia vị: Muối, bột năng, vani"
https://monngonmoingay.com/com-nam-ngu-sac/,Cơm Nắm Ngũ Sắc,unparsed_main_ingredient,"Gạo dẻo 		 2 chén; Bắp mỹ luộc			Tách hạt; Gia vị: dầu ăn, nước tương &quot;Phú Sĩ&quot;, hành tím băm"
https://monngonmoingay.com/rau-cu-va-muc-chien/,Rau Củ Và Mực Chiên,unparsed_main_ingredient,"Aji-Quick® Bột tẩm khô chiên giòn		 1/2 gói; Xốt Mayonnaise Aji-mayo® Vị Nguyên Bản		 2M; Tương xí muội		 1M; ĂN KÈM: rau mầm, húng lũi chiên"
https://monngonmoingay.com/mi-xao-thit-heo-rau-cu/,Mì Xào Thịt Heo Rau Củ,unparsed_main_ingredient,"Gia vị:	Đường, nước tương &quot;Phú Sĩ&quot;, Bột ngọt AJI-NO-MOTO®, Hạt nêm Aji-ngon® Heo, bột năng, dầu ăn, tiêu"
https://monngonmoingay.com/banh-da-xuc-thit-bam/,Bánh đa xúc thịt bằm,unparsed_main_ingredient,Bắp Mỹ: 1/2 trái; Mè rang; Bánh đa nướng; Nước tương LISA
https://monngonmoingay.com/banh-da-xao-thit-ga-chua-ngot/,Bánh đa xào thịt gà chua ngọt,unparsed_main_ingredient,"Tiêu, đường, dầu hào, ketchup; Nước tương LISA"
https://monngonmoingay.com/banh-da-xao-hai-san/,Bánh đa xào hải sản,unparsed_main_ingredient,"Nấm mèo    3 tai; Hành lá, hành tỏi băm, tiêu xay, sa tế"
https://monngonmoingay.com/ca-keo-kho-kim-chi-cu-cai/,Cá kèo kho kim chi củ cải,unparsed_main_ingredient,Ớt bột Hàn Quốc 1m
https://monngonmoingay.com/ca-loc-kho-cu-cai/,Cá lóc kho củ cải,unparsed_main_ingredient,"Rau ghém: xà lách, rau muống bào, cây chuối bào, cọng súng bào, rau thơm"
https://monngonmoingay.com/goi-bap-bo-hoa-2/,Gỏi bắp bò hoa,unparsed_main_ingredient,"Hành tím bào mỏng 1/2 chén; Dừa xiêm 1 trái; Sả bào, sả cây 4 cây sả, 2M sả bào; Ớt băm, sả băm, tỏi băm mỗi thứ 1/2m"
https://monngonmoingay.com/gio-heo-hon/,Giò heo hon,unparsed_main_ingredient,"Giò heo trước căt khoanh: 1/2 cái; Nước dừa nước hoặc xiêm: 0,5 lít; Quế cây: 1 cây 6cm; Tai vị: 1/2 tai"
https://monngonmoingay.com/thit-gio-heo-kho-cu-cai/,Thịt giò heo kho củ cải,unparsed_main_ingredient,ĂN KÈM: Cơm
https://monngonmoingay.com/xoi-vien-chien-nhan-thap-cam/,Xôi Viên Chiên Nhân Thập Cẩm,unparsed_main_ingredient,Xôi 4 màu (mỗi màu 1 chén); Lạp xưởng		 1/2 cây; Lòng đỏ trứng muối		 3 cái; Nấm hương
https://monngonmoingay.com/tra-sua-blendy-trai-cay/,Trà sữa blendy trái cây,unparsed_main_ingredient,Trà sữa Blendy Royal: 1 gói; Syrup đào: 2m; Đọt húng lủi: 1 đọt
https://monngonmoingay.com/salad-rau-cu-tron-xot-mayonnaise/,Salad rau củ trộn xốt mayonnaise,unparsed_main_ingredient,Thịt nguội: 1 lát; Ngò tây: 2 cây
https://monngonmoingay.com/salad-dau-giam-tron-mayonnaise/,Salad dầu giấm trộn Mayonnaise,unparsed_main_ingredient,Xà lách dòn: 2 cây
https://monngonmoingay.com/salad-ca-ngu-rau-thom/,Salad cá ngừ rau thơm,unparsed_main_ingredient,"Gia vị nêm sẵn Aji-Quick® Bột Tẩm Khô Chiên Giòn		 2M; Bữa chiều: Ăn kèm Ăn kèm: Bánh mì sanwich, Tráng miệng: Bưởi; Gia vị:  dầu ăn."
https://monngonmoingay.com/ca-ngu-kho-nuoc-mia/,Cá ngừ kho nước mía,unparsed_main_ingredient,"Nước mía : 1 chén; Tiêu, muối, nước mắm, dầu điều, dầu ăn"
https://monngonmoingay.com/ca-ngu-dai-duong-luc-lac/,Cá ngừ đại dương lúc lắc,unparsed_main_ingredient,"Mù tạt vàng		1M; ĂN KÈM: Khoai tây chiên, salad, cà chua"
https://monngonmoingay.com/ca-doi-kho-ca-chua/,Cá đối kho cà chua,unparsed_main_ingredient,"Tiêu, muối, nước mắm, dầu điều, đường"
https://monngonmoingay.com/ca-doi-kho-cai-chua/,Cá đối kho cải chua,low_food_id_cover,cover=0.64 thieu: Cải chua
https://monngonmoingay.com/ca-nuc-kho-thom-2/,Cá Nục Kho Thơm,unparsed_main_ingredient,"Mía lau : khoảng 15cm (cắt khúc vừa nồi); Nước màu: 1/2m; Dầu điều: 1M; Gia vị: 	Đường, tiêu, hành lá, muối, ớt bột, nước mắm, dầu điều, nước màu."
https://monngonmoingay.com/canh-ga-mang-chua/,Canh gà măng chua,low_food_id_cover,cover=0.57 thieu: Má đùi gà
https://monngonmoingay.com/nhong-xao-mang-chua-2/,Nhộng xào măng chua,unparsed_main_ingredient,Ớt sừng cắt quả trám
https://monngonmoingay.com/canh-ga-mang-chua-la-giang/,Canh gà măng chua lá giang,unparsed_main_ingredient,"Gà ta     1/2 con; ĂN KÈM: Ớt hiểm, ngò gai, rau om, nước mắm, muối, đường"
https://monngonmoingay.com/da-dieu-xot-trai-cay/,Đà điểu xốt trái cây,unparsed_main_ingredient,"Húng lũi cắt nhỏ 1 ít; Lá hương thảo 1m; Muối, tiêu, bột năng; Sữa tươi không đường"
https://monngonmoingay.com/da-dieu-xao-la-cach/,Đà điểu xào lá cách,unparsed_main_ingredient,"Ớt chuông vàng, đỏ    1/2 trái (mỗi loại); Nước cốt dừa           1 chén; Đậu phộng rang           2M"
https://monngonmoingay.com/da-dieu-luc-lac/,Đà điểu lúc lắc,unparsed_main_ingredient,Ớt chuông xanh: 1/3 củ; Ớt chuông đỏ: 1/3 củ; Ớt chuông vàng: 1/3 củ; Hành tím và ỏi băm
https://monngonmoingay.com/goi-so-long/,Gỏi sò lông,unparsed_main_ingredient,"Hành tím phi, mè rang; Ớt sừng cắt sợi, nước cốt tắc, húng quế"
https://monngonmoingay.com/so-long-xao-chua-ngot/,Sò lông xào chua ngọt,unparsed_main_ingredient,"Thơm    1/4 miếng; Nấm linh chi nâu   1 gói; Nước bột năng   2M; Tương cà, tương ớt, tương xí muội, sa tế"
https://monngonmoingay.com/so-long-kho-tieu-xanh/,Sò lông kho tiêu xanh,unparsed_main_ingredient,"Tiêu xanh : 2 nhánh; Nước dừa xiêm : 1/2 chén; Đầu hành lá; Tương ớt, sa tế"
https://monngonmoingay.com/bap-cai-tim-tron-tom/,Bắp cải tím trộn tôm,unparsed_main_ingredient,Lá quế : 10 lá; Dầu mè : 1m
https://monngonmoingay.com/bap-cai-tim-xao-hai-san/,Bắp cải tím xào hải sản,unparsed_main_ingredient,"Hành tây, cà chua, cần tàu, ớt sừng, tỏi.; Rượu trắng, bột năng, đường, tiêu, muối.; Nước tương LISA®."
https://monngonmoingay.com/canh-chua-bap-cai-tim/,Canh chua bắp cải tím,unparsed_main_ingredient,"Nước cốt me: 1/2 chén; Rau om, ngò gai, ớt hiểm; Tỏi phi có dầu: 2M"
https://monngonmoingay.com/mi-y-xot-nam/,Mì ý xốt nấm,unparsed_main_ingredient,"Rượu vang trắng: 1M; Dầu OLIU, tiêu xay"
https://monngonmoingay.com/vit-nuong-chao/,Vịt nướng chao,unparsed_main_ingredient,"Vịt : 1 con; Chao môn trắng : 4 viên; Tiêu, muối, đường, dầu điều, sa tế"
https://monngonmoingay.com/thit-bo-xao-dau-cove/,Thịt bò xào đậu cove,unparsed_main_ingredient,Nước tương LISA
https://monngonmoingay.com/salad-cam-dau-do/,Salad cam đậu đỏ,unparsed_main_ingredient,"Cam vàng: 1 trái; RAU NÊM:	Húng lủi; Gia vị: 	Bơ đậu phộng, sữa đặc"
https://monngonmoingay.com/pancake-kem-me/,PanCake kem mè,unparsed_main_ingredient,"Bột mỳ       3M; Vani      1 ống; Kẹo màu trang trí   1 ít; ĂN KÈM: hạnh nhân lát, dâu tây,  húng lủi"
https://monngonmoingay.com/nem-chay-ran/,Nem chay rán,unparsed_main_ingredient,"Salad, rau sống, đường, tiêu, dầu ăn, nước mắm chay"
https://monngonmoingay.com/muc-lui-sa-nuong/,Mực lụi sả nướng,unparsed_main_ingredient,"Sả cây    5 cây; Lá dứa    4 lá; Sả băm, tỏi băm, ớt băm mỗi thứ 1M; ĂN KÈM: Cơm trắng, dưa leo, xà lách, húng lủi"
https://monngonmoingay.com/mi-y-xot-cua/,Mì Ý xốt cua,unparsed_main_ingredient,Cua gạch: 2 con (Có thể mua cua thịt tươi &amp; gạch cua đóng hộp); Nước luộc cua: 1 chén (Có thể thay thế bằng nước dùng); Heavy cream: 1 chén (Nếu không có heavy cream có thể thay bằng cooking cream)
https://monngonmoingay.com/mi-cay-chay/,Mì cay chay,unparsed_main_ingredient,"Nước dùng chay 1.5 lít; Mì Udon 3 gói; Hành boaro cắt lát 1 cây; Rau húng quế, ngò gai, ớt hiểm băm nhỏ, dầu ăn"
https://monngonmoingay.com/lau-ca-thac-lac-kho-qua/,Lẩu cá thác lác khổ qua,unparsed_main_ingredient,Cọng thì là băm nhỏ : 1M; Bún tươi
https://monngonmoingay.com/khoai-tay-nuong-pho-mai/,Khoai tây nướng phô mai,unparsed_main_ingredient,Ngò tây:	1 nhánh
https://monngonmoingay.com/ga-xao-ngu-sac/,Gà xào ngũ sắc,unparsed_main_ingredient,"Sả non bào mỏng    2 cây; RAU NÊM: Hành, cần cắt khúc; Gia vị: muối, tiêu, bột năng, tỏi băm, rượu trắng, dầu ăn"
https://monngonmoingay.com/ga-nuong-noi-dat/,Gà nướng nồi đất,no_metric_qty,khong co nguyen lieu nao ghi don vi g/kg/ml/l
https://monngonmoingay.com/cuon-tau-hu-ky-xot-ro-ti/,Cuốn tàu hũ ky xốt rô ti,unparsed_main_ingredient,Lá tàu hũ ky khô     2 lá lớn; Đậu hũ trắng       1 miếng lớn; Lá rong biển      2 Lá; Cọng ngò rí cắt nhỏ      2M
https://monngonmoingay.com/com-chien-mayonnaise-2/,Cơm chiên mayonnaise,unparsed_main_ingredient,"Cơm trắng: 3 chén; Tỏi băm, ớt cắt lát"
https://monngonmoingay.com/com-chien-duong-chau/,Cơm chiên Dương Châu,unparsed_main_ingredient,"Cơm trắng: 4 chén; Lạp xưởng: 1 cây; Dầu điều, xốt cà chua"
https://monngonmoingay.com/cha-hap-chay/,Chả hấp chay,no_metric_qty,khong co nguyen lieu nao ghi don vi g/kg/ml/l
https://monngonmoingay.com/cha-gio-ngu-vi/,Chả giò ngũ vị,unparsed_main_ingredient,Da bò bía tươi    20 miếng; Lòng đỏ trứng vịt muối 2 cái; Hành tỏi phi    3M; Cọng cần cắt nhuyễn   2M
https://monngonmoingay.com/canh-ca-khoai-la-giang/,Canh cá khoai lá giang,unparsed_main_ingredient,Ngò om: 2 cây
https://monngonmoingay.com/cai-thia-xao-nam-dong-co-thit-cua/,Cải thìa xào nấm đông cô thịt cua,unparsed_main_ingredient,"Cải thìa   6 cây; Bột ngũ vị hương   1/4m; Gia vị: Dầu ăn, muối, tiêu, đường, bột năng, dầu mè, dầu hào, rượu trắng"
https://monngonmoingay.com/ca-loc-chien-mam-sa/,Cá lóc chiên mắm sả,unparsed_main_ingredient,"Nước hành tỏi   1M; Hành lá cắt nhỏ (hành hương)  2M; ĂN KÈM:  Cải con, xà lách, dưa leo; Gia vị: dầu ăn, rượu trắng, tiêu, nước mắm, đường"
https://monngonmoingay.com/banh-xeo-nhat-ban-2/,Bánh xèo Nhật Bản,unparsed_main_ingredient,"Cá ngừ khô bào: 2M; Rong biển cắt sợi: 1m; Bột mì: 2M; Gia vị: xốt okonomoyaki, dầu ăn"
https://monngonmoingay.com/bo-xot-vang/,Bò xốt vang,unparsed_main_ingredient,"Tỏi gừng băm, rau ngò gai; Ngũ vị hương, bơ lạt Muối, đường, tiêu hạt"
https://monngonmoingay.com/xoi-mat-nguyet/,Xôi Mặt Nguyệt,unparsed_main_ingredient,"Trái dành dành (Bắc) để lấy màu vàng, 	2 trái Lấy nước dành dành: Đập bể trái dành dành cho vào nước sôi ngâm lấy màu đậm đặc.; Hành phi	1M; Gia vị: 	Hành phi, tiêu, Nước tương &quot;Phú Sĩ&quot;, hành ngò, lá dứa, dầu ăn (hay mỡ gà)"
https://monngonmoingay.com/uc-ga-tron-quinoa-va-rau-cu/,Ức Gà Trộn Quinoa Và Rau Củ,low_food_id_cover,"cover=0.23 thieu: Thịt ức gà 1cm, Hạt quinoa, Đậu gà hộp Rửa lại qua nước sôi/ Chần qua nước sôi, Ớt chuông đỏ 1cm"
https://monngonmoingay.com/tui-ngoc-xot-me/,Túi Ngọc Xốt Mè,unparsed_main_ingredient,"Bánh tráng bò bía tươi		 2 lá; Gia vị: 	Dầu ăn, Aji-Quick® Bột Chiên Giòn"
https://monngonmoingay.com/thit-heo-chien-xu-tonkatsu/,Thịt Heo Chiên Xù Tonkatsu,unparsed_main_ingredient,"Thịt heo chiên xù kiểu Nhật Tonkatsu		 1 gói (2 miếng); Cơm trắng		 2 chén; Súp Miso (Miso, rong biển, đậu hũ non)		 2 chén; Đồ chua Nhật (gừng ngâm/ đậu luộc/…)"
https://monngonmoingay.com/thit-heo-chien-gion-vi-ca-ri/,Thịt Heo Chiên Giòn Vị Cà Ri,unparsed_main_ingredient,"Mè đen	 1M; Lá quế	 1 chén 	 Chọn lá nguyên, to để chiên; Măng tây 	 10 cây 	 Tước xơ phần già, cắt que như thịt; Nước tương	1m"
https://monngonmoingay.com/sushi-cupcake-ca-hoi/,Sushi cupcake cá hồi,unparsed_main_ingredient,"Lá rong biển sushi	 5 lá - 2 lá cắt nhuyễn, 3 lá cắt làm 4"
https://monngonmoingay.com/sup-ga-bi-do/,Súp Gà Bí Đỏ,unparsed_main_ingredient,RAU NÊM:	Đọt lá quế; ĂN KÈM: Bánh mì sanhdwich 4 lát
https://monngonmoingay.com/suon-nuong-xot-gac/,Sườn nướng xốt gấc,unparsed_main_ingredient,"Nước cam vàng	 2M; Vỏ cam 	 1/2M; ĂN KÈM:	Salad dầu giấm; Gia vị: 	Dầu hào “AJINOMOTO”, Hạt nêm Aji-ngon® Heo, tiêu, Bột ngọt AJI-NO-MOTO®, mật ong."
https://monngonmoingay.com/snack-rong-bien-thanh-cua/,Snack rong biển thanh cua,low_food_id_cover,"cover=0.26 thieu: Bánh tráng, Thanh cua, Rong biển giòn"
https://monngonmoingay.com/salad-gyoza/,SALAD GYOZA,unparsed_main_ingredient,"Gia vị: 	Nước tương &quot;Phú Sĩ&quot;, &quot;AJINOMOTO&quot; Giấm gạo lên men, đường"
https://monngonmoingay.com/salad-ca-hoi-trai-cay-nhiet-doi/,Salad Cá Hồi Trái Cây Nhiệt Đới,unparsed_main_ingredient,"Thơm cắt khoanh dầy 1cm		 3 lát 	Cắt khoanh dày, múc bỏ cùi thơm; Bơ chín		 1 quả 	Cắt khối; Thanh long đỏ		 1/2 quả 	Cắt khối; RAU NÊM: lá húng lủi , 1M hạt điều rang giã bể."
https://monngonmoingay.com/salad-ca-hoi-nuong-xot-mayo/,Salad cá hồi nướng xốt mayo,unparsed_main_ingredient,Tiêu đen xay
https://monngonmoingay.com/salad-bo-nuong-ap-chao/,Salad Bò Nướng Áp Chảo,unparsed_main_ingredient,"Thơm cắt lát		 3 lát; Táo 		 1/2 quả 	vỏ đỏ, giữ vỏ; Lê		 1 quả  gọt vỏ; Bánh mì croutons		 1 chén 	2 lát bánh mì sandwich cắt vuông, nướng bằng nồi chiên không dầu"
https://monngonmoingay.com/salad-bo-dau-rong/,Salad bò đậu rồng,unparsed_main_ingredient,"Gia vị: 	Dầu hào “AJINOMOTO”, Nước tương &quot;Phú Sĩ&quot;, tiêu, Bột ngọt AJI-NO-MOTO®, dầu, Hạt nêm Aji-ngon® Heo"
https://monngonmoingay.com/pho-xao-gion/,Phở Xào Giòn,unparsed_main_ingredient,"Gia vị: 	Dầu ăn, nước tương, đường, dầu hào, bột năng, hạt nêm"
https://monngonmoingay.com/pancake-trung-va-bacon/,Pancake Trứng Và Bacon,unparsed_main_ingredient,"ĂN KÈM:	Dưa leo, xà lách; Gia vị: 	Dầu ăn"
https://monngonmoingay.com/oc-huong-xoc-xot-trung-muoi/,Ốc Hương Xóc Xốt Trứng Muối,unparsed_main_ingredient,Sả cây		 2 cây; Gia vị: 	Dầu ăn
https://monngonmoingay.com/nui-ngu-sac/,Nui ngũ sắc,unparsed_main_ingredient,"RAU NÊM:	Hành tím băm, hành lá, ngò rí, hành phi"
https://monngonmoingay.com/nam-va-hanh-tay-chien-gion/,Nấm Và Hành Tây Chiên Giòn,unparsed_main_ingredient,"Gia vị: 	Dầu ăn, Xốt Mayonnaise Aji-mayo® Vị Nguyên Bản, Aji-Quick® Bột Chiên Giòn"
https://monngonmoingay.com/nam-loc-nhung-kho-tieu-xanh-an-voi-chao-dau-do-chay/,Nấm Lộc Nhung Kho Tiêu Xanh Ăn Với Cháo Đậu Đỏ (Chay),unparsed_main_ingredient,Tiêu xanh	 3 nhánh; Đậu đỏ khô	 6M; Boa rô cắt lát 	 1 chén; Hạt nêm Nấm		1m
https://monngonmoingay.com/muffin-socola/,MUFFIN SOCOLA,low_food_id_cover,"cover=0.21 thieu: Sữa không đường, Dầu ăn, Socola chip"
https://monngonmoingay.com/muc-nhoi-xoi-tim-rau-cu/,MỰC NHỒI XÔI TÍM RAU CỦ,unparsed_main_ingredient,"Gừng cắt lát 	6 lát; Nước tương	1m; Hành phi	1/2M; Gia vị: 	Hạt nêm Aji-ngon® Heo, tiêu, hành phi, hành tỏi, tương ớt, ngò ớt trình bày"
https://monngonmoingay.com/mien-xao-cua-mang-tay/,Miến Xào Cua Măng Tây,unparsed_main_ingredient,"Măng tây		 8 cây 	Tước vỏ, cắt khúc 5 cm; Cần tây		 1 bẹ 	Cắt lát xéo; Gia vị: 	Hành tỏi băm, tiêu, dầu hào, bột năng, đường, Hạt nêm Aji-ngon® Heo, dầu ăn."
https://monngonmoingay.com/mi-xao-bo/,MÌ XÀO BÒ,unparsed_main_ingredient,"Gia vị: Bột ngọt AJI-NO-MOTO®, đường, Nước tương &quot;Phú Sĩ&quot;, dầu ăn, tiêu, bột năng"
https://monngonmoingay.com/mi-tron-gyoza/,MÌ TRỘN GYOZA,unparsed_main_ingredient,"Bánh xếp kiểu Nhật Gyoza dùng nồi chiên không dầu		 1 gói; Mì gói		 1 gói; Gia vị: 	Dầu hào “AJINOMOTO”, Nước tương &quot;Phú Sĩ&quot;,  tương ớt, đường, bột ngọt,  &quot;AJINOMOTO&quot; Giấm gạo lên men"
https://monngonmoingay.com/mi-gyoza-miso/,Mì Gyoza Miso,unparsed_main_ingredient,"Bánh xếp Gyoza 		 2 gói 12 cái; Nước dùng gà		 1,4 lít; Mì ramen		 4 vắt 	Luộc chín trong 2 phút, xả nước lạnh, để ráo.; Táo đỏ khô		 8 quả"
https://monngonmoingay.com/mam-kho-chay/,MẮM KHO CHAY,unparsed_main_ingredient,Sườn chay lát 4 miếng to; Nước 1 chén; Ớt hiểm 1 trái băm nhỏ; Sả cây đập dập 3 cây
https://monngonmoingay.com/lau-chao-cu-sen-khoai-mon-chay/,Lẩu Chao Củ Sen Khoai Môn Chay,unparsed_main_ingredient,Sa tế		1M; Hạt nêm Nấm		1.5M; Sả cây		4 cây; Chao trắng		4M
https://monngonmoingay.com/kem-blendy/,Kem &#8220;Blendy&#8221;,no_metric_qty,khong co nguyen lieu nao ghi don vi g/kg/ml/l
https://monngonmoingay.com/hu-tieu-sa-dec-xao-tep-bong-dien-dien/,HỦ TIẾU SA ĐÉC XÀO TÉP BÔNG ĐIÊN ĐIỂN,unparsed_main_ingredient,"Cần tàu, hành lá,	1 chén		Cắt khúc 4cm; Dầu mè	1m; Gia vị: 	Dầu ăn, dầu mè, Hạt nêm Aji-ngon® Heo, tiêu, nước tương &quot;Phú Sĩ&quot;, ớt sừng cắt sợi"
https://monngonmoingay.com/hoanh-thanh-ta-la/,Hoành Thánh Tá Lả,unparsed_main_ingredient,"Gia vị: 	Dầu ăn, Hạt nêm Aji-ngon® Heo, tiêu xay"
https://monngonmoingay.com/gyoza-mi-tron/,GYOZA MÌ TRỘN,unparsed_main_ingredient,"Giam gạo	1/2m; Gia vị: 	Dầu mè, dầu ăn, tương ớt, đường, Hạt nêm Aji-ngon®, Bột ngọt AJI-NO-MOTO®, Dầu hào “AJINOMOTO”, Nước tương &quot;Phú Sĩ&quot;, &quot;AJINOMOTO&quot; Giấm gạo lên men"
https://monngonmoingay.com/gyoza-dung-noi-chien-khong-dau-an-kem-rau-cu-say/,Gyoza Dùng Nồi Chiên Không Dầu Ăn Kèm Rau Củ Sấy,unparsed_main_ingredient,Bánh xếp kiểu Nhật Gyoza dùng nồi chiên không dầu		 1 bịch; Ca rốt baby		 8 quả; Sữa chua Hy lạp		 4M; Dầu oliu		1m
https://monngonmoingay.com/ga-chien-vi-bo-toi/,GÀ CHIÊN VỊ BƠ TỎI,unparsed_main_ingredient,"Xoài cát hòa lộc 1/2 trái; Aji-Quick BTKCG hương vị Bơ tỏi 1 gói; Gia vị: Dầu ăn, Xốt Mayonnaise Aji-mayo® Vị Nguyên Bản"
https://monngonmoingay.com/dau-hu-xot-cay-xe/,ĐẬU HŨ XỐT CAY XÈ,unparsed_main_ingredient,"Ớt hiểm khô		 2 trái; Ớt hiểm  		 2 trái 	Đập dập hoặc cắt nhỏ nếu muốn cay hơn; ĂN KÈM:	Cơm trắng; Gia vị: 	Tiêu, đường, sa tế, Dầu hào “AJINOMOTO”, &quot;AJINOMOTO&quot; Giấm gạo lên men, Bột ngọt AJI-NO-MOTO®"
https://monngonmoingay.com/com-tron-vetula/,Cơm trộn Vetula,unparsed_main_ingredient,"Xúc xích xông khói		 2 cây; Gia vị: 	Nước tương “Phú Sĩ” giảm muối, dầu ăn"
https://monngonmoingay.com/com-thit-xao-cay/,Cơm Thịt Xào Cay,unparsed_main_ingredient,"ĂN KÈM:	Cơm trắng; Gia vị: 	Sa tế, Tiêu, tương ớt, ớt bột, Bột ngọt AJI-NO-MOTO®"
https://monngonmoingay.com/com-thanh-cua-trung-chay/,CƠM THANH CUA TRỨNG CHẢY,unparsed_main_ingredient,"Thanh cua đông lạnh		 4 thanh; Gia vị: 	Dầu ăn, tiêu, Nước tương &quot;Phú Sĩ&quot;, đường, Bột ngọt AJI-NO-MOTO®"
https://monngonmoingay.com/com-nieu-chay-ngu-sac/,Cơm niêu chay ngũ sắc,low_food_id_cover,"cover=0.37 thieu: Gạo tím Vo sạch, Bạch quả khô bỏ nhụy Luộc chín, Đậu pois Luộc chín, Sườn chay - 4 miếng (Sườn rim 100 g), Dầu ăn"
https://monngonmoingay.com/com-chien-tom-thom/,Cơm Chiên Tôm Thơm,unparsed_main_ingredient,"Gia vị: 	Dầu ăn, đường, Bột ngọt AJI-NO-MOTO®, tiêu"
https://monngonmoingay.com/com-chien-tom-bong-cai/,Cơm chiên tôm bông cải,unparsed_main_ingredient,"Trứng gà	 2 trứng; ĂN KÈM:	Dưa leo, cà chua, ớt sừng.; Gia vị: 	Tiêu, Nước tương &quot;Phú Sĩ&quot;, dầu, đường"
https://monngonmoingay.com/com-chien-mayonnaise/,CƠM CHIÊN MAYONNAISE,unparsed_main_ingredient,Gia vị: 	Hạt nêm Aji-ngon® Heo
https://monngonmoingay.com/com-chay-mo-hanh/,,no_recipe_ldjson,
https://monngonmoingay.com/cha-gio-thanh-cua-mayo/,Chả Giò Thanh Cua Mayo,unparsed_main_ingredient,"Bánh tráng bò bía / vỏ bánh tráng cuốn chả giò pastry		 6 cái; Gia vị: 	dầu ăn, hạt nêm Aji-ngon"
https://monngonmoingay.com/cha-gio-ngu-vi-2/,Chả Giò Ngũ Vị,unparsed_main_ingredient,"Da bò bía tươi 	12 miếng; Ngũ vị hương	1/4m; Cần tàu	0,5M; Hạt nêm thường	0,5m"
https://monngonmoingay.com/canh-thai-hau-trung-cut/,Canh thái hàu trứng cút,unparsed_main_ingredient,"Trứng cút	 10 trứng; Ớt cắt lát	1 trái; Rau quế	3 cọng cắt nhỏ; RAU NÊM:	Rau quế, ớt sừng"
https://monngonmoingay.com/canh-sung-ca-dua-vung-tau/,CANH SÚNG CÁ DỨA VŨNG TÀU,unparsed_main_ingredient,Nước me (lấy hơi đặc) 1 chén; Tương hột 3M; Ớt hiểm xanh đỏ 7 trái; Sả cọng đập dập 4 cây
https://monngonmoingay.com/canh-chua-tom-bon-bon-bong-dien-dien/,CANH CHUA TÔM BỒN BỒN BÔNG ĐIÊN ĐIỂN,unparsed_main_ingredient,"Nước me	 Nửa chén; RAU NÊM:	Ngò gai, rau om, tần dày lá, cần tàu, húng quế; Gia vị: 	Nước mắm, hạt nêm Aji-ngon® Heo, đường, tỏi phi, dầu ăn, ớt sừng"
https://monngonmoingay.com/canh-ca-khoai-la-giang-2/,CANH CÁ KHOAI LÁ GIANG,unparsed_main_ingredient,Ngò om	2 cây
https://monngonmoingay.com/ca-hoi-ngam-nuoc-tuong/,Cá Hồi Ngâm Nước Tương,unparsed_main_ingredient,"ĂN KÈM:	Cơm trắng; Gia vị: 	Rượu trắng, đường, wasabi"
https://monngonmoingay.com/ca-dieu-hong-chien-rau-cu-ngu-sac/,Cá Điêu Hồng Chiên Rau Củ Ngũ Sắc,unparsed_main_ingredient,Lòng trắng trứng		 1 quả; Dầu ăn; Lá chanh Bắc/ lá chúc		1.5m; Nước cốt chanh
https://monngonmoingay.com/bun-cha-hen/,Bún chả hến,unparsed_main_ingredient,Tiêu xanh giã dập 2M; Giấm 1/2M; Đậu phộng rang giã bể 1M; Hành tây băm 1M
https://monngonmoingay.com/bo-tiem-trai-le/,Bò tiềm trái lê,unparsed_main_ingredient,"Bắp mỹ 	1/2 trái tách hạt; Gia vị: 	Dầu hào “AJINOMOTO”, đường phèn, tiêu, Bột ngọt AJI-NO-MOTO®, Hạt nêm Aji-ngon® Heo, Aji-Quick® Bột chiên giòn"
https://monngonmoingay.com/banh-xeo-nhat-ban-3/,Bánh Xèo Nhật Bản,unparsed_main_ingredient,"Gia vị: 	 Dầu ăn, Hạt nêm Aji-ngon® Heo"
https://monngonmoingay.com/banh-trang-cuon-thit-bam/,BÁNH TRÁNG CUỐN THỊT BĂM,unparsed_main_ingredient,"Gia vị: 	Dầu ăn, nước mắm, đường, &quot;AJINOMOTO&quot; Giấm gạo lên men, Bột ngọt AJI-NO-MOTO®, tiêu"
https://monngonmoingay.com/banh-mi-sandwich-nuong-pho-mai/,Bánh Mì Sandwich Nướng Phô Mai,unparsed_main_ingredient,Phô mai lát		 1 lát
https://monngonmoingay.com/banh-mi-chao/,Bánh Mì Chảo,unparsed_main_ingredient,"Gia vị: 	Tỏi băm, Hạt nêm Aji-ngon® Heo, Nước tương &quot;Phú Sĩ&quot;, Bột ngọt AJI-NO-MOTO®, tiêu, dầu ăn"
https://monngonmoingay.com/banh-he/,Bánh Hẹ,unparsed_main_ingredient,"Gia vị: 	Dầu ăn, Nước tương &quot;Phú Sĩ&quot;, đường, tương ớt, &quot;AJINOMOTO&quot; Giấm gạo lên men"
https://monngonmoingay.com/banh-cuon-lanh/,Bánh cuốn lạnh,unparsed_main_ingredient,"RAU NÊM:	Ngò rí, gừng băm, tỏi băm, ớt băm, mỡ hành; Gia vị: 	Đường, &quot;AJINOMOTO&quot; Giấm gạo lên men"
https://monngonmoingay.com/tom-xao-bong-cai-2/,Tôm Xào Bông Cải,unparsed_main_ingredient,"Nước dừa tươi: 1/2 chén; Tỏi băm, muối, tiêu, bột năng"
https://monngonmoingay.com/lau-suon-bo-chua-cay/,Lẩu Sườn Bò Chua Cay,unparsed_main_ingredient,"Đậu hũ trắng		 2 miếng; RAU NÊM: Ngò gai, rau om; Gia vị: sả cây (3 cây)"
https://monngonmoingay.com/sup-rau-chum-ngay-dau-hu-non/,Súp Rau Chùm Ngây Đậu Hủ Non,unparsed_main_ingredient,"Nước dùng rau củ	 1,2 lít; Đậu hũ non	 1 miếng; Gia vị: 	Hạt nêm Aji-ngon® Nấm, dầu ăn, bột ngọt, đường, muối"
https://monngonmoingay.com/salad-ca-hoi-tron-bong-cai-trang/,Salad Cá Hồi Trộn Bông Cải Trắng,unparsed_main_ingredient,"Bắp Mỹ hạt đã luộc		 2M; Gia vị: muối, tiêu, dầu ăn, nước cốt chanh"
https://monngonmoingay.com/canh-ca-dua-cai/,Canh Cá Dưa Cải,unparsed_main_ingredient,"Mỡ + tóp mỡ		 2M; &quot;AJINOMOTO&quot; Giấm gạo lên men		 2M; RAU NÊM: Rau om, ngò gai, cần tàu (3 thứ cắt khúc 2cm), ớt sừng (cắt lát), ớt hiểm (đập giập)"
https://monngonmoingay.com/com-nam-xot-me/,Cơm Nắm Xốt Mè,unparsed_main_ingredient,"Gia vị: 	Dầu ăn, Hạt nêm Aji-ngon® Heo, tiêu"
https://monngonmoingay.com/cuon-nam-dua-gung/,Cuốn Nấm Dưa Gừng,unparsed_main_ingredient,"Gia vị: tiêu, đường, gừng băm, ớt hiểm băm, nước cốt chanh, Hạt nêm Aji-ngon® Nấm"
https://monngonmoingay.com/nui-hai-san-cho-ngay-tinh-yeu/,Nui Hải Sản Cho Ngày Tình Yêu,unparsed_main_ingredient,Lá Oregano khô		 1/2m; Cà past		 2M; Ngò tây		 1 ít 	Cắt nhỏ.; RAU NÊM:	Ngò tây
https://monngonmoingay.com/mi-y-ca-hoi-xot-caesar/,Mì Ý Cá Hồi Xốt Caesar,low_food_id_cover,"cover=0.64 thieu: Mì Ý, Bắp hạt, Bơ lạt"
https://monngonmoingay.com/bo-thung-cuon-trung-cut-xot-thom/,Bò Thưng Cuộn Trứng Cút Xốt Thơm,unparsed_main_ingredient,Cà rốt 4 cọng Cắt que vừa khoảng 3 li (sao cho cuộn không bị mập quá).; Đậu cove Đà lạt 6 trái; Nước tương &quot;Phú Sĩ&quot; 3.5M; Nước hành tỏi 1M
https://monngonmoingay.com/ca-com-than-chien-ca-ri/,Cá Cơm Than Chiên Cà Ri,unparsed_main_ingredient,Bột cà ri 1/2M Múc vun xíu.; Lá cà ri tươi 20 lá; Lòng trắng trứng 1 quả; Mè đen 1/2M
https://monngonmoingay.com/che-duong-nhan-blendy/,Chè Dưỡng Nhan Blendy®,unparsed_main_ingredient,Lá dứa		 10 lá; Blendy		 8 gói; Ống vani		 1 ống
https://monngonmoingay.com/cha-hap-chay-2/,Chả Hấp Chay,no_metric_qty,khong co nguyen lieu nao ghi don vi g/kg/ml/l
https://monngonmoingay.com/thit-bo-xao-dau-cove-2/,Thịt Bò Xào Đậu Cove,low_food_id_cover,"cover=0.63 thieu: Thịt bò phi lê, Cần ta"
https://monngonmoingay.com/bun-gao-xao-long-nghe/,Bún gạo xào lòng nghệ,unparsed_main_ingredient,Nấm hương luộc chín : 5 tai; Nghệ : 1 củ nhỏ
https://monngonmoingay.com/cu-sen-chien-tom/,Củ sen chiên tôm,low_food_id_cover,"cover=0.17 thieu: Củ sen, Tôm, Giò sống, Bột xù"
https://monngonmoingay.com/canh-ga-cai-bo-xoi/,Canh gà cải bó xôi,unparsed_main_ingredient,Cánh gà : 2 cánh
https://monngonmoingay.com/tom-cang-kho-trung-muoi/,Tôm càng kho trứng muối,unparsed_main_ingredient,Lòng đỏ trứng muối: 2 cái; Dừa xiêm: 1 quả; Bột bắp: 1M; Bơ thực vật : 1m
https://monngonmoingay.com/dau-chien-tha-nuoc-tuong/,Đậu chiên thả nước tương,unparsed_main_ingredient,"Đậu hủ bi chiên: 16 cái; Nấm mèo: 2 tai; Cà rốt băm: 1M; RAU NÊM: Ớt hiểm cắt khoanh, hành lá"
https://monngonmoingay.com/canh-chua-bon-bon-vi-thai/,Canh chua bồn bồn vị thái,low_food_id_cover,"cover=0.22 thieu: Cá hú, Bồn bồn, Hành tím"
https://monngonmoingay.com/mi-spaghetti-xao-tom-nam/,Mì spaghetti xào tôm nấm,unparsed_main_ingredient,"Tôm sú 30-40: 6 con; ĂN KÈM:	Nước tương, ớt lát"
https://monngonmoingay.com/xoi-vien-ngoc/,Xôi viên ngọc,unparsed_main_ingredient,"Khuôn giấy trắng nhỏ cỡ số 5; Lá chuối; Tương ớt, mù tạt xanh, nước lá dứa"
https://monngonmoingay.com/cai-bo-xoi-xao-thit/,Cải bó xôi xào thịt,unparsed_main_ingredient,Củ cải trắng mài nhỏ : 2M; Mè rang
https://monngonmoingay.com/vien-xoi-ga-boc-la-sen/,Viên xôi gà bọc lá sen,unparsed_main_ingredient,"Nấm hương, nấm mèo: 5 tai; Dầu mè đen"
https://monngonmoingay.com/oc-huong-xao-cu-hu-dua/,Ốc hương xào củ dừa,unparsed_main_ingredient,Cần tàu: 1/2 chén; Tiêu xanh: 1 nhánh
https://monngonmoingay.com/rong-bien-cuon-chien-xu/,RONG BIỂN CUỘN CHIÊN XÙ,unparsed_main_ingredient,"Lá rong biển 2 lá; Xúc xích 1 cây; Phô mai lát 2 lát; Aji-Quick® Bột Chiên Giòn, dầu ăn"
https://monngonmoingay.com/suon-nau-dau-ngu/,Sườn nấu đậu ngự,unparsed_main_ingredient,"Dừa tươi: 1 quả; Bột mì: 1M; RAU NÊM:	Ngỏ rí; ĂN KÈM:	Bánh mì, muối tiêu chanh"
https://monngonmoingay.com/muop-xao-dau-phong/,Mướp xào đậu phộng,unparsed_main_ingredient,Chả chay chiên: 2 miếng
https://monngonmoingay.com/ca-loc-nuong-ot-xiem-xanh/,Cá lóc nướng ớt xiêm xanh,unparsed_main_ingredient,"Củ nén: 1/2M; Thơm băm: 3M; ĂN KÈM:	Rau sống, bún, bánh tráng, chuối chát, khế chua, thơm, xà lách, húng cây; Gia vị: mật ong,  đậu phộng rang, muối, dầu đậu phộng, dầu ăn, tỏi ớt băm, dường,mắm nêm"
https://monngonmoingay.com/ca-hoi-chien-mam-dua/,Cá hồi chiên mắm dừa,unparsed_main_ingredient,"Nước dừa   1 chén cơm; Nước chanh   2M; Cọng ngò băm nhỏ  1/2m; Húng quế, húng lũi"
https://monngonmoingay.com/canh-ga-rim-hat-dac/,Cánh gà rim hạt đác,unparsed_main_ingredient,Aji thịt kho: 1 gói
https://monngonmoingay.com/muc-nhoi-cha-tom-nuong/,Mực nhồi chả tôm nướng,unparsed_main_ingredient,Mực ống (đường kính 3-4 cm): 2 con; Tắc chín: 5 trái; Rau mầm 2 màu
https://monngonmoingay.com/cuon-rong-bien-chay-cham-xot-dau-phong/,Cuốn rong biển chay chấm xốt đậu phộng,unparsed_main_ingredient,"Bánh tráng: 1 xấp; Đậu hũ chiên: 1 miếng; Đậu phộng rang giã nhỏ: 2M; Gia vị: 	Dầu ăn, đường, tiêu, mè rang"
https://monngonmoingay.com/rau-muong-xao-mam-ruoc/,Rau muống xào mắm ruốc,unparsed_main_ingredient,"Muối, đường, mắm ruốc, dầu ăn"
https://monngonmoingay.com/banh-gio-trung-cut/,Bánh giò trứng cút,unparsed_main_ingredient,"Nấm mèo cắt nhỏ     4M; Hành lá cắt nhỏ, hành tím băm, hành tím phi; Hạt nêm Aji-ngon®; Bột ngọt AJI-NO-MOTO®"
https://monngonmoingay.com/mi-xao-gion-chay/,Mì xào giòn chay,unparsed_main_ingredient,Mì chiên giòn: 1 khoanh; Nấm đông cô khô: 3 tai; Nấm mèo: 3 tai; Tàu hũ chiên: 1 miếng
https://monngonmoingay.com/suon-chien-cay/,Sườn chiên cay,unparsed_main_ingredient,Sả ớt xay nhuyễn  4M; Đầu hành lá băm  5 cây; Tỏi xay nhuyễn  1M; Bột năng  1m
https://monngonmoingay.com/salad-nui/,Salad nui,unparsed_main_ingredient,"Xoài cát ( vừa chín tới)    1 quả; Chanh, mật ong, mù tạt vàng, ít muối"
https://monngonmoingay.com/bi-do-hap-hai-san/,Bí đỏ hấp hải sản,unparsed_main_ingredient,Bí đỏ tròn (cỡ vừa)   1 quả; Nấm hương   4 tai
https://monngonmoingay.com/mi-can-xao-sa-ot/,Mì căn xào sả ớt,unparsed_main_ingredient,Mì căn   4 cây; Cà ri bột  1M; Boa-rô    5 cọng
https://monngonmoingay.com/salad-tao-rau-mam/,Salad táo rau mầm,unparsed_main_ingredient,"Táo đỏ  1 quả; Đường, muối, tiêu, mè rang"
https://monngonmoingay.com/cha-bap/,Chả bắp,unparsed_main_ingredient,"Dừa tươi: 1/3 chén; Kiệu chua: 3 củ; Bột năng: 1M; Đậu phộng rang, mè rang"
https://monngonmoingay.com/ga-hap-hanh-ram/,Gà hấp hành răm,unparsed_main_ingredient,"Nước hành tím: 2M; Hành tím củ: 5 củ; Hành tím phi, mỡ gà thắng"
https://monngonmoingay.com/canh-bi-do-rong-bien/,Canh bí đỏ rong biển,unparsed_main_ingredient,Sườn chay  2 miếng
https://monngonmoingay.com/chao-chay-sa-cay/,Chạo chay sả cây,unparsed_main_ingredient,"Sả cây      8cây; Dầu ăn, bột năng, bột gạo; Đậu phộng rang giã nhỏ; Rau sống, rau thơm các loại"
https://monngonmoingay.com/rau-cu-kho-chay/,Rau củ kho chay,unparsed_main_ingredient,Poa-rô: 1 khúc
https://monngonmoingay.com/cha-oc-chien/,Chả ốc chiên,unparsed_main_ingredient,"Nấm mèo băm nhỏ  3M; Lòng trắng trứng  1quả; Hành tím băm, tiêu xanh đập giập, tỏi ớt băm; Gừng non băm nhỏ"
https://monngonmoingay.com/vit-rang-toi/,Vịt rang tỏi,unparsed_main_ingredient,"Tỏi tép đập dập             1 củ; Ớt sừng (cắt quả trám)   1 trái; Bột năng, đường, tiêu; Bơ đậu phộng, tương ớt chua ngọt"
https://monngonmoingay.com/banh-tom/,Bánh tôm,unparsed_main_ingredient,"Bột gạo: 1M; Bột nổi: 1m; Nước vôi trong: 1 tô; Bột nghệ, ớt sừng"
https://monngonmoingay.com/kho-qua-kho-chay/,Khổ qua kho chay,no_metric_qty,khong co nguyen lieu nao ghi don vi g/kg/ml/l
https://monngonmoingay.com/bun-xao-chay/,Bún xào chay,unparsed_main_ingredient,"Cần tây: 1 cọng; Đậu hũ chiên: 1 miếng; Tàu hũ ki: 1 lá; Ớt hiểm, sa tế, muối, đường, tiêu"
https://monngonmoingay.com/canh-chua-ca-keo-bong-so-dua/,Canh chua cá kèo bông so đũa,unparsed_main_ingredient,"Nước me    1/2 chén; RAU NÊM: Rau om, ngò gai; Gia vị: Dầu ăn, tỏi phi, đường, nước mắm, muối"
https://monngonmoingay.com/dau-hu-xao-nam/,Đậu hũ xào nấm,unparsed_main_ingredient,"Đậu hũ non     1 hộp; Hạt điều rang    2M; Boa-rô cắt lát, ngò rí, ớt sừng cắt sợi; Dầu điều, dầu mè, dầu hào chay, sa tế, mật ong"
https://monngonmoingay.com/lau-bo-2/,Lẩu bò,unparsed_main_ingredient,"Sả                         2; cây Hành tím                 2 củ; Rau tía tô; Nước mắm, dầu điều"
https://monngonmoingay.com/tom-kho-tau/,Tôm kho tàu,unparsed_main_ingredient,"Dừa tươi: 1 trái; Dầu ăn, dầu điều"
https://monngonmoingay.com/canh-hao-thanh-mat/,Canh hào thanh mát,unparsed_main_ingredient,"Gừng cắt lát mỏng đập dập    5 lát; Muối, đường, tiêu, ớt bột parika"
https://monngonmoingay.com/pho-chay-2/,Phở chay,unparsed_main_ingredient,Boa-ro băm 1 cây; Nấm đông cô tươi 10 tai; Bơ tươi 1M; Súp phở chay 2 viên
https://monngonmoingay.com/kho-quet-chay/,Kho quẹt chay,unparsed_main_ingredient,"Tiêu xanh      2M; Boa-ro cắt lát; Tiêu đen   2M; Ăn kèm: su su baby, khổ qua rừng, cà rốt, bắp cải, đậu bắp, bầu, bông cải"
https://monngonmoingay.com/pad-thai-chay/,Pad Thái chay,unparsed_main_ingredient,Ớt chuông đỏ: 1/4 quả; Bí ngòi: 1/2 quả; Đậu hũ trắng: 2 miếng; Cần tây: 1 cọng
https://monngonmoingay.com/ca-nuc-kho-ruc/,Cá nục kho rục,unparsed_main_ingredient,"ĂN KÈM: cơm trắng, xà lách, rau sống, giá"
https://monngonmoingay.com/lau-nam-chay/,Lẩu nấm chay,unparsed_main_ingredient,Mía lau nướng: 2 khúc; Bắp Mỹ: 1 trái; Khoai môn: 1/2 củ; Đậu hũ chiên: 1 miếng
https://monngonmoingay.com/banh-ha-cao/,Bánh há cảo,unparsed_main_ingredient,"Đậu hũ     1/2 miếng; Bắp trái (mỹ)    1/2 trái; Đường, mè rang, muối, dầu mè, dầu ăn"
https://monngonmoingay.com/cu-sen-xao-ngu-vi/,Củ sen xào ngũ vị,unparsed_main_ingredient,"Hành boaro nguyên cây  1 cây; Muối, tiêu, đường, ngũ vị hương, bột năng"
https://monngonmoingay.com/goi-rong-bien/,Gỏi rong biển,unparsed_main_ingredient,Rau răm: 1 nhúm
https://monngonmoingay.com/ca-vien-chien-me/,Cá viên chiên mè,unparsed_main_ingredient,"Mỡ heo băm nhỏ  2M; Bột xù   1 chén; Nước cốt chanh; Cà rốt băm, lá chúc băm, ớt băm"
https://monngonmoingay.com/chao-ca-gio-heo/,Cháo cá giò heo,unparsed_main_ingredient,"Nước dùng, giá, bún, hành, ngò, chanh, ớt, hành phi, gừng, nước mắm, dầu ăn, muối, tiêu."
https://monngonmoingay.com/nem-hai-san/,Nem hải sản,unparsed_main_ingredient,"Mực nang: 1/2 con; Bánh tráng bò bía: 1 gói; Bột chiên xù: 1 gói; Tiêu, bột năng, tương ớt, dầu ăn"
https://monngonmoingay.com/mien-tron-kieu-thai/,Miến trộn kiểu Thái,unparsed_main_ingredient,"Tôm sú   4 con; Tôm khô  1 chén xốt; Hành tím, tỏi  mỗi loại 10 củ; Chanh, đậu phộng rang giã, bánh đa nướng"
https://monngonmoingay.com/bi-cuon-chay/,Bì cuốn chay,unparsed_main_ingredient,Đậu hũ trắng: 1 miếng; Bún tàu: 1 lọn; Boaro phi: 1 cọng; Dưa kiệu chua: 3 củ
https://monngonmoingay.com/ca-chim-chien-gion/,Cá chim chiên giòn,unparsed_main_ingredient,"Muối, ớt bột parika tiêu, lá húng quế"
https://monngonmoingay.com/gan-bo-xao-sa-ot/,Gân bò xào sả ớt,unparsed_main_ingredient,"Hành tím củ   10 củ; Sả cây     6 cây; Đậu phộng rang giã dập  2M; Tiêu, đường, nước mắm, rượu trắng, dầu ăn"
https://monngonmoingay.com/canh-ca-nau-me/,Canh cá nấu mẻ,unparsed_main_ingredient,"Mẻ  3M; Nghệ   1 củ nhỏ; Thì là, hành lá"
https://monngonmoingay.com/pho-chay/,Phở chay,unparsed_main_ingredient,"Boa-ro băm    1 cây; Nấm đông cô tươi     10 tai; Bơ tươi   1M; Ngò rí, cọng ngò gai"
https://monngonmoingay.com/bo-kho-nuoc-dua/,Bò kho nước dừa,unparsed_main_ingredient,Nước dừa tươi    2 chén; Quế chi     1 miếng cỡ ngón tay; Hoa hồi    2/3 cái; Đinh hương   2 nụ
https://monngonmoingay.com/ca-dieu-hong-kho-tuong-ban/,Cá điêu hồng kho tương bần,unparsed_main_ingredient,"Tương bần: 2M; Nước trà xanh: 1 chén; Sả non: 2 cây; Tiêu, đường, ớt hiểm, dầu điều, nước mắm, nước nghệ, ớt sừng, dầu ăn"
https://monngonmoingay.com/mam-kho/,Mắm kho,unparsed_main_ingredient,"Cà tím:    1 trái; Dừa tươi:   1 trái; ĂN KÈM Rau ghém: rau đắng, bông súng, kèo nèo, hoa chuối, rau nhút, rau muống chẻ, hẹ nước, rau dừa"
https://monngonmoingay.com/banh-beo/,Bánh bèo,unparsed_main_ingredient,Bột gạo lọc: 1 chén; Bột năng: 1M; Nước ấm: 2 chén; Ớt xanh: 3 trái
https://monngonmoingay.com/salad-uc-ga-ap-chao/,Salad ức gà áp chảo,unparsed_main_ingredient,"Ức gà   1 cái; Mù tạt vàng  1m; Muối, tiêu, đường, ớt bột Paprika, dầu salad"
https://monngonmoingay.com/pho-ga/,Phở gà,unparsed_main_ingredient,"Bánh phở:; Cần tây: 1/2 cọng; Lá chanh Bắc: 6 lá; Muối hột rang, nước mắm"
https://monngonmoingay.com/ca-hoi-luc-lac/,Cá hồi lúc lắc,unparsed_main_ingredient,"Cá hồi fillet: 250; Ớt chuông vàng: 60 (1/2 quả); ĂN KÈM:	Xà lách/ dưa leo / cà chua; Gia vị: Dầu ăn, nước mắm, nươc tương, dầu hào, đường, dầu mè"
https://monngonmoingay.com/uc-ga-hap-cai-thao/,Ức gà hấp cải thảo,unparsed_main_ingredient,Bột bắp: 1/2m; Gừng mài: 1m; ĂN KÈM:	Cơm
https://monngonmoingay.com/ga-nuong-xien-2/,Gà nướng xiên,unparsed_main_ingredient,"Mật ong		 1m; ĂN KÈM:	Xà lách, dưa leo, cà chua bi; Gia vị: Mật ong, rượu trắng, dầu điều"
https://monngonmoingay.com/salad-bo-cai-kale-uc-ga/,Salad bơ cải kale ức gà,unparsed_main_ingredient,Bột ớt Paprika: 1m; Bột tỏi: 1/4m
https://monngonmoingay.com/dau-tron-dau-giam-xot-me-rang/,Đậu trộn dầu giấm xốt mè rang,unparsed_main_ingredient,Xốt mè rang: 2M; Sản phẩm: XỐT MÈ RANG
https://monngonmoingay.com/mi-udon-xao-bo/,Mì udon xào bò,unparsed_main_ingredient,Tỏi lột vỏ: 3 tép; Hành lá: 1 cọng
https://monngonmoingay.com/rau-cu-luoc-va-com-chien-gion-cham-kho-quet/,Rau củ luộc và cơm chiên giòn chấm kho quẹt,unparsed_main_ingredient,"Gia vị: Dầu ăn, Gia vị nêm sẵn Aji-Quick® Bột Chiên Giòn; Xốt dùng ngay Kho Quẹt"
https://monngonmoingay.com/goi-cuon-tom/,Gỏi cuốn tôm,low_food_id_cover,"cover=0.26 thieu: Tôm: (6 con), Bún, Bánh tráng, Hẹ, Rau sống (diếp cá, kinh giới, húng quế)"
https://monngonmoingay.com/dau-hu-hap-trung/,Đậu hũ hấp trứng,unparsed_main_ingredient,Bột bắp: 2m; Hành lá: 1 cọng; Rượu sake/rượu trắng: 1m
https://monngonmoingay.com/com-gao-lut-tron-2/,Cơm gạo lứt trộn,unparsed_main_ingredient,Bắp Mỹ: 1/3 trái; ĂN KÈM:	Món mặn từ thịt gà; Gia vị: muối
https://monngonmoingay.com/bun-ca-hop/,Bún cá hộp,unparsed_main_ingredient,"Cá hộp: 2 hộp (Cá ngừ/ cá nục / cá mồi); Xà lách: 2 tép; ĂN KÈM:	Xà lách cắt nhỏ, giá, rau thơm, nước mắm ớt xắt"
https://monngonmoingay.com/bong-cai-xao-nuoc-tuong/,Bông cải xào nước tương,unparsed_main_ingredient,"RAU NÊM:	Lá boa rô cắt sợi; Gia vị: 	Boa rô cắt lát, tiêu, đường, dầu ăn"
https://monngonmoingay.com/ba-chi-chien-rieng-me/,Ba chỉ chiên riềng mẻ,unparsed_main_ingredient,"Cơm mẻ: 1 M (Chọn mẻ thơm có vị chua vừa, màu trắng)"
https://monngonmoingay.com/luon-nuong-la-chanh/,Lươn nướng lá chanh,unparsed_main_ingredient,"Ớt hiểm đỏ: 1m; Que xiên tre; Lò nướng điện hoặc than; Gia vị:  Tiêu, đường,  muối, dầu điều, tương ớt, nước mắm"
https://monngonmoingay.com/lau-ca-lang-vi-thai/,Lẩu cá lăng vị Thái,unparsed_main_ingredient,"Rau ăn kèm lẩu: Rau muống, rau nhút, bông so đũa, bắp chuối hột, bông điên điển; RAU NÊM:	Rau om, ngò gai; Gia vị: Sả 4 cây, lá chanh 6 lá, ơt hiểm xanh đỏ, tỏi băm, đường, nước mắm, dầu ăn."
https://monngonmoingay.com/cupcake-trung-muoi-cha-bong-pho-mai/,Cupcake trứng muối chà bông phô mai,unparsed_main_ingredient,Trứng muối: 4 quả
https://monngonmoingay.com/ga-om-kieu-hoa/,Gà om kiểu hoa,unparsed_main_ingredient,Hành tím: 5 củ nhỏ; Kỷ tử: 1M; Ớt khô: 10 trái; Tiêu xanh: 2 nhánh
https://monngonmoingay.com/ba-chi-rim-mam-ruoc/,Ba chỉ rim mắm ruốc,unparsed_main_ingredient,"ĂN KÈM:	Rau thơm các loại, dưa leo. Cơm trắng; Gia vị: Đường, hành tỏi băm, dầu điều"
https://monngonmoingay.com/oc-xao-khe/,Ốc xào khế,unparsed_main_ingredient,Khế chua : 2 trái; Nước nghệ tươi; ĂN KÈM:	Cơm nóng
https://monngonmoingay.com/bun-tron-ngu-sac/,Bún trộn ngũ sắc,unparsed_main_ingredient,"Đậu phộng rang: 1m (Giã nhuyễn); Gia vị: đường, tương ớt, dầu ăn, mè trắng, mè đen"
https://monngonmoingay.com/ca-long-tong-rim-nuoc-mam/,Cá lòng tong rim nước mắm,unparsed_main_ingredient,"ĂN KÈM:	Xà lách, rau thơm"
https://monngonmoingay.com/canh-ga-tu-quy/,Canh gà tứ quý,unparsed_main_ingredient,Dừa: 1 trái
https://monngonmoingay.com/blendy-gao-rang-kem-chuoi/,Blendy gạo rang kem chuối,unparsed_main_ingredient,Blendy® Trà Matcha Gạo Rang: 4 gói; Chuối laba: 1 quả; Đậu phộng rang nâu: 1m; ĂN KÈM:	Dâu tây
https://monngonmoingay.com/canh-khoai-mi-nau-tom/,Canh khoai mì nấu tôm,unparsed_main_ingredient,ĂN KÈM:	Cơm nóng
https://monngonmoingay.com/dui-ga-xot-kieu-teriyaki/,Đùi gà xốt kiểu Teriyaki,unparsed_main_ingredient,"Đùi gà gốc 4, không xương bọng: 2 cái; Gừng non: 1 nhánh nhỏ; Dừa xiêm: 1 quả; Hành lá: 1 nhánh nhỏ"
https://monngonmoingay.com/cuon-chay-dau-hu-rau-rung/,Cuốn chay đậu hũ rau rừng,unparsed_main_ingredient,Boarô cắt lát: 1M
https://monngonmoingay.com/canh-ga-chien-la-chanh/,Cánh gà chiên lá chanh,unparsed_main_ingredient,"Lá chanh: 10 lá (băm nhỏ 3 lá, cắt sợi 7 lá); Aji-Quick® BỘT TẨM KHÔ CHIÊN GIÒN: 1 gói; ĂN KÈM: Rau mầm 3 màu, cà chua bi; Gia vị: 	Dầu ăn"
https://monngonmoingay.com/xuc-xich-dua-cai/,Xúc xích dưa cải,unparsed_main_ingredient,"Dưa cải: 1 cây; Ớt chuông đỏ, vàng: 1/2 quả/loại; Hành boa-rô: 1/2 cây"
https://monngonmoingay.com/bo-ap-chao/,Bò áp chảo,low_food_id_cover,"cover=0.75 thieu: Thịt thăn bò, Dầu: (2M + 1m), Xốt Mayonnaise Aji-mayo® Vị Nguyên Bản"
https://monngonmoingay.com/salad-trung/,Salad trứng,unparsed_main_ingredient,Bơ trái chín vừa ăn: 1 quả; Xà lách búp Mỹ ( iceberg ): 1/4 búp; Xà lách tím ( radicchio ) : 1/4 búp; RAU NÊM: Húng lủi cắt nhỏ (2M)
https://monngonmoingay.com/canh-chua-ca-loc-dau-tuong/,Canh chua cá lóc đậu tương,unparsed_main_ingredient,"Ăn trưa - Ăn kèm: Cơm, Tráng miệng ổi"
https://monngonmoingay.com/goi-ga-can-tay/,Gỏi gà cần tây,low_food_id_cover,"cover=0.27 thieu: Gà ta: 1/2 con ( ), Đậu rồng non, Bánh tráng mè: 1.5 cái đã nướng ( ), Đường: 1M ( ), Mè: 1M ( )"
https://monngonmoingay.com/bo-cuon-rong-bien/,Bò cuộn rong biển,unparsed_main_ingredient,Gói bột chiên giòn: 2M
https://monngonmoingay.com/bun-rieu-cua-bap-bo/,Bún riêu cua bắp bò,low_food_id_cover,"cover=0.21 thieu: Bắp bò hoa, Bún, Chả bò, Bắp chuối, Dầu điều: (2M)"
https://monngonmoingay.com/canh-ca-rau-can-2/,Canh cá rau cần,low_food_id_cover,"cover=0.16 thieu: Cá lóc: (1 con), Rau cần cạn: 1 bó ( ) Chọn rau non màu sáng, Đường: (2m), Mắm: (1/2M), Dầu ăn"
https://monngonmoingay.com/suon-bo-om-dau-phong/,Sườn bò hầm đậu phộng,unparsed_main_ingredient,Nước dừa tươi:	1 trái
https://monngonmoingay.com/ga-xao-tieu-den/,Gà xào tiêu đen,unparsed_main_ingredient,Tiêu đen 1Mg 	(Cà bể 1/2); Rượu nếp 1M
https://monngonmoingay.com/com-ga-nuong-nuoc-tuong/,Cơm gà nướng nước tương,unparsed_main_ingredient,Hành lá		2M (cắt khúc); Ớt sừng		cắt lát; Gia vị:  	đường
https://monngonmoingay.com/blendy-tra-dao-cam-sa/,Blendy trà đào cam sả,unparsed_main_ingredient,Đá viên; Hạt chia	 1m; Gia vị: 	Đường
https://monngonmoingay.com/salad-bit-tet/,Salad bít tết,unparsed_main_ingredient,"Nước cốt hành tím, tỏi	 1m 	(Giã 1m hành và 1m tỏi thêm 1M vắt lấy nước); Gia vị: 	Dầu ăn, tiêu đen cà bể"
https://monngonmoingay.com/com-gion-tom-kho-quet/,Cơm giòn tôm kho quẹt,unparsed_main_ingredient,GIA VỊ:	dầu ăn
https://monngonmoingay.com/bun-thang/,Bún thang,unparsed_main_ingredient,"Xương bọng gà         1 cái; Hành tím củ, gừng tươi	(Đập dập, nướng thơm); Nước dùng gà; ĂN KÈM	Bún tươi, mắm tôm"
https://monngonmoingay.com/ca-chep-kho-rieng/,Cá chép kho riềng,unparsed_main_ingredient,Mía dài 40cm	 1 khúc; Hành lá	 tùy ý 	cắt khúc; Ớt hiểm	 tùy ý; Ớt sừng	 tùy ý 	cắt lát
https://monngonmoingay.com/da-heo-chien-nuoc-mam/,Da heo chiên nước mắm,unparsed_main_ingredient,Hành lá		2 cọng; Bột năng		1M; ĂN KÈM:	Cơm trắng
https://monngonmoingay.com/ca-hap-mong-toi/,Cá hấp mồng tơi,unparsed_main_ingredient,Tiêu xanh		2 nhánh; Dầu hào		1m; ĂN KÈM:	Cơm trắng/ bún
https://monngonmoingay.com/muc-xao-dau-ha-lan/,Mực xào đậu Hà Lan,unparsed_main_ingredient,"Ớt sừng cắt quả trám: 1 trái; ĂN KÈM	Cơm, Canh sườn non xuyên tiêu, Khổ qua nhồi nấm kho nước tương; GIA VỊ:	Muối, dầu ăn, tiêu, Hạt nêm Aji-ngon® Heo; Tráng miệng: Mận"
https://monngonmoingay.com/thit-be-xao-lan/,Thịt bê xào lăn,unparsed_main_ingredient,Mộc nhĩ		 3 tai (Cắt sợi 2 ly); Nấm đông cô		 3 tai (Cắt sợi 2 ly); Nước gião dừa	2 chén; Bánh mì ăn kèm		 3 ổ
https://monngonmoingay.com/lau-bo-thao-moc/,Lẩu bò thảo mộc,unparsed_main_ingredient,"Táo đỏ		 5 trái; ĂN KÈM:	Ăn trưa, Mì vàng, chao, sa tế; Tráng miệng Quýt"
https://monngonmoingay.com/ca-bong-trung-kho-tieu/,Cá bống trứng kho tiêu,unparsed_main_ingredient,"ĂN KÈM:	Cơm, Canh ếch lá me non, Rau củ xào xốt chay, Tráng miệng: Táo"
https://monngonmoingay.com/suon-chay-om-nam-dui-ga/,Sườn chay om nấm đùi gà,unparsed_main_ingredient,"Nước dùng rau củ		 1 lít; Cà paste		1.5M; Bột năng		1m; Rau nêm	Poa rô, hành tây, ngò rí, tiêu xanh 3 nhánh"
https://monngonmoingay.com/tra-sua-matcha-khoai-mon/,Trà sữa matcha khoai môn,unparsed_main_ingredient,Húng lũi; Blendy Trà sữa matcha gạo rang 		 6 gói
https://monngonmoingay.com/ga-hap-tu-quy-chay/,Gà hấp tứ quý chay,unparsed_main_ingredient,"Tiêu xanh		1 nhánh; RAU NÊM:	Hành lá tỉa hoa, ngò rí; ĂN KÈM	Ăn trưa kèm: Cơm, Canh dền cơm nấu nghêu, Đậu đũa xào tôm thịt, Tráng miệng: Thanh long; GIA VỊ:	đường, dầu mè, tiêu đen"
https://monngonmoingay.com/thit-bo-chien-tron-cai-mam/,Thịt bò chiên trộn cải mầm,unparsed_main_ingredient,"Mè rang		2m; Ăn trưa kèm: Cơm, Ốc xào khế, Canh chua bông thiên lý; Gia vị	Ngò rí, dầu ăn, bơ lạt, mè rang, tiêu xay, tỏi băm"
https://monngonmoingay.com/me-ga-xao-cay/,Mề gà xào cay,unparsed_main_ingredient,"Ăn trưa kèm: Cơm, Canh tôm chua cay, Ốc bưu xào tiêu xanh, Tráng miệng: Ổi; GIA VỊ:	dầu điều, dầu hào, tương ớt, đường"
https://monngonmoingay.com/ca-basa-fillet-chien-trung/,Cá basa fillet chiên trứng,unparsed_main_ingredient,Hành lá		 2 cọng; Ngò rí		 2 cọng; Xốt Mayonnaise Aji-mayo®  Vị Nguyên Bản		 1M; Bột mì đa dụng (11)		2M
https://monngonmoingay.com/vit-nau-com-ruou/,Vịt nấu cơm rượu,unparsed_main_ingredient,Cơm rượu miền Nam (có cả cái)		 1 chén đầy; Hành lá		 2 cọng; Bột nghệ		 1/2m; Bột ngọt AJI-NO-MOTO® 		 1m
https://monngonmoingay.com/banh-ran-burger-bo/,Bánh rán burger bò,unparsed_main_ingredient,"Xà lách		 1 cây; Bột bánh rán pha sẵn vị truyền thống		1 gói; Xốt Mayonnaise Aji-mayo® Vị Nguyên Bản		1M; Ăn sáng kèm: Cà phê sữa, Tráng miệng: Bưởi"
https://monngonmoingay.com/pho-tai-lan/,Phở tái lăn,unparsed_main_ingredient,"Dầu		1M; RAU NÊM:	Ngò gai, lá quế, ớt sừng; Ăn sáng: Ăn kèm tráng miệng: Táo; GIA VỊ:	Dầu ăn"
https://monngonmoingay.com/ca-nuc-kho-mia/,Cá nục kho mía,unparsed_main_ingredient,"Mía cây		 3 đốt; Ớt trái		 3 trái; Nước màu		1M; Ăn trưa kèm: Cơm, Cánh gà xào ớt xiêm, Canh rau dền khoai sọ"
https://monngonmoingay.com/quyt/,,no_recipe_ldjson,
https://monngonmoingay.com/salad-rong-nho-xot-me-rang/,Salad rong nho xốt mè rang,unparsed_main_ingredient,"Ăn trưa kèm: Cơm, Canh khoai tím hột lựu, Cá kèo kho khế, Tráng miệng: Đu đủ; ĂN KÈM	Lá quế"
https://monngonmoingay.com/ca-hoi-hanh-nhan-xot-chanh-day/,Cá hồi hạnh nhân xốt chanh dây,unparsed_main_ingredient,"Mù tạt vàng		 1m; Ăn tối kèm: Bánh mì sandwich, Salad nấm linh chi; GIA VỊ:	Dầu ăn"
https://monngonmoingay.com/canh-luon-bon-bon/,Canh lươn bồn bồn,unparsed_main_ingredient,"Rau om, ngò gai; Tỏi phi		 2M; Hạt nêm Aji-ngon® HEO		1m; RAU NÊM:	Rau om, ngò gai"
https://monngonmoingay.com/lau-suon-khoai-mon/,Lẩu sườn khoai môn,unparsed_main_ingredient,"Chao đỏ		 3 viên; Sa tế		 1M; Ăn tối kèm: Bún tươi, Tráng miệng: Mận; RAU NÊM:	Ngò gai/ lá quế"
https://monngonmoingay.com/vien-xuc-xich-trung-cut-chien/,Viên xúc xích trứng cút chiên,unparsed_main_ingredient,Trứng cút		 12 trứng; Bắp mỹ luộc chín		 1M; Cần tây		 1M; GVNS AjiQuick bột Chiên Giòn		 1 gói
https://monngonmoingay.com/chao-ca-nau-bap-nep-2/,Cháo cá nấu bắp nếp,unparsed_main_ingredient,"THỰC ĐƠN BỮA ĂN	Bữa tối: Ăn kèm Tráng miệng: Chuối; GIA VỊ:	Muối, tiêu, hành tím phi, dầu phi hành, nước mắm, hạt nêm Heo,"
https://monngonmoingay.com/ngheu-kho-nuoc-tuong/,Nghêu kho nước tương,unparsed_main_ingredient,"Ớt hiểm khô		 2 trái (Ngâm mềm); Cải ngọt 		 4 cây; Bữa trưa: Ăn kèm Cơm, Tôm Mực Xào Rau Nhút, Canh Khoai Rau Đắng; Gia vị: 	Dầu ăn, rượu trắng, nước tương Phú Sĩ, tiêu, đường"
https://monngonmoingay.com/sup-ga-moc-nam-huong/,Súp gà mọc nấm hương,unparsed_main_ingredient,"Nấm mèo		 2 tai; Ajingon nấm		 1.5m; Dầu mè		 1/2 m; Bữa tối: Ăn kèm Bánh tôm hẹ chiên giòn, Tráng miệng: Bưởi"
https://monngonmoingay.com/com/,,no_recipe_ldjson,
https://monngonmoingay.com/tim-heo-nuong-ngu-vi/,Tim heo nướng ngũ vị,unparsed_main_ingredient,Bột năng		 1/2m; Đậu bắp		 8 quả; Bắp Mỹ 		 1 trái; Ngũ vị hương		 1m
https://monngonmoingay.com/canh-tom-bo-ngot-2/,Canh tôm bồ ngót,unparsed_main_ingredient,"Nước dùng		 1 lít; Bữa trưa: Ăn kèm Heo Kho Tàu, Mướp Xào Đậu Phộng, Tráng miệng: Đu đủ"
https://monngonmoingay.com/canh-suon-dau-phong-xa-bau/,Canh sườn đậu phộng xá bấu,unparsed_main_ingredient,"Xá bấu		 2 cây; Bột năng		 1/2m; Bữa trưa: Ăn kèm Cơm Chiên Dương Châu, Bông Cải Xào Nước Tương, Tráng miệng: Táo"
https://monngonmoingay.com/tom-su-kho-la-que/,Tôm sú kho lá quế,unparsed_main_ingredient,"Hành tím lột vỏ: 10 củ; Tỏi lột vỏ: 10 tép; Đậu phộng rang: 1M; RAU NÊM:	Lá quế, rau sống"
https://monngonmoingay.com/suon-kho-khoai-tay/,Sườn kho khoai tây,unparsed_main_ingredient,"Tiêu xanh		1 nhánh; ĂN KÈM	Cơm; Bữa trưa: Ăn kèm Cơm, Bông Cải Xào Nước Tương, Canh Cá Kèo Rau Đắng; GIA VỊ:	Tiêu, đường, dầu điều, tiêu xanh"
https://monngonmoingay.com/com-sen-gao-lut-chay/,Cơm sen gạo lứt chay,unparsed_main_ingredient,Cơm gạo tím		 2 chén; Boa rô		 1 cây; Lá sen		 1 lá; Tiêu xanh		 1 nhánh
https://monngonmoingay.com/cha-gio-rong-bien-chay/,Chả giò rong biển chay,unparsed_main_ingredient,Rong biển Nori		 1 gói; Tiêu xanh		 1 nhánh lớn; Cọng ngò rí		 1M; Tàu hũ ky chiên		 2M
https://monngonmoingay.com/panna-cotta-kem-muoi/,Panna Cotta Kem Muối,unparsed_main_ingredient,"Nho nâu không hạt		 8 trái to; Trà Matcha sữa blendy		 4 gói; RAU NÊM:	lá húng lủi, hoa trang trí bánh; Gia vị: 	Muối"
https://monngonmoingay.com/banh-flan-2/,,no_recipe_ldjson,
https://monngonmoingay.com/bo-cuon-xuc-xich-chien-gion/,Bò cuộn xúc xích chiên giòn,unparsed_main_ingredient,"Xúc xích hun khói		 3 cây; GVNS AjiQuick bột tẩm khô chiên giòn		 1 gói; RAU NÊM:	Rau mầm 3 màu, rau húng lủi, ớt sừng (cắt sợi); Gia vị: 	tương ớt, dầu chiên"
https://monngonmoingay.com/canh-oc-mong-toi/,Canh ốc mồng tơi,unparsed_main_ingredient,"GVNS Aji-Quick® Bún riêu cua		1 gói; ĂN KÈM	Cơm; Bữa trưa: Ăn kèm Cơm, Nấm Kho Tộ, Tim Heo Xào Măng Tây, Tráng miệng: Trái cây"
https://monngonmoingay.com/salad-bo-bacon/,Salad bơ bacon,unparsed_main_ingredient,"Bữa chiều: Ăn kèm Mì Nưa Xào Tôm Nấm, Tráng miệng: Yaourt; GIA VỊ:	Muối, tiêu, đường, mù tạt vàng, sữa tươi không đường"
https://monngonmoingay.com/cu-nang-om-nam-chay/,Củ năng om nấm chay,unparsed_main_ingredient,Đậu hũ		 2 miếng; Mộc nhĩ		 3 tai; Nấm hương		 5 tai; Sả cây		 4 cây
https://monngonmoingay.com/mi-y-bo-bam/,Mì Ý bò băm,unparsed_main_ingredient,"Ngò tây; Bữa tối: Ăn kèm Salad Cá Hồi Xốt Thanh Long, Tráng miệng: Trái cây; GIA VỊ:	Tiêu, dầu hào, cà hộp, tương cà"
https://monngonmoingay.com/ca-chep-chien-gion-cuon-banh-trang/,Cá chép chiên giòn cuốn bánh tráng,unparsed_main_ingredient,"Cốt tắc và quả tắc		 1M / 2 quả; Đậu phông rang bỏ vỏ tách đôi		 2M; Bữa chiều: Ăn kèm Bún tươi, rau sống, Tráng miệng: táo"
https://monngonmoingay.com/lau-kim-chi-pho-mai/,Lẩu kim chi phô mai,unparsed_main_ingredient,"GVNS Aji-Quick® Lẩu kim chi		 1 gói; RAU NÊM:	Hành boa-rô, ớt sừng; Bữa tối: Ăn kèm Ăn kèm mì vắt Koreno, Tráng miệng: Trái cây; GIA VỊ:	Dầu ăn"
https://monngonmoingay.com/vit-kho-rieng-ot-kho/,Vịt kho riềng ớt khô,unparsed_main_ingredient,"Nước me cô đặc		 3M; Dừa		 1 trái; Rượu trắng + gừng giã nhuyễn (Để sơ chế da vịt); Bữa trưa: Ăn kèm Cơm, Canh Chua Thịt Băm, Rau Củ Xào Xốt Chay, Tráng miệng: Mận"
https://monngonmoingay.com/banh-quy/,,no_recipe_ldjson,
https://monngonmoingay.com/vai-kho/,,no_recipe_ldjson,
https://monngonmoingay.com/uc-ga-nhoi-pho-mai/,Ức gà nhồi phô mai,unparsed_main_ingredient,"Hạt nêm Aji-ngon 1/3m; Bữa tối: Ăn kèm Salad Táo Với Hạt Óc Chó, Bánh mì tươi"
https://monngonmoingay.com/sup-moc-nhi-thit-cua/,Súp mộc nhĩ thịt cua,unparsed_main_ingredient,Nước dùng		 1 lít; Đậu hủ trắng		 1/2 miếng; Thanh cua		 4 cây; Trứng cút		 4 trứng
https://monngonmoingay.com/banh-bong-lan-bo-hanh/,Bánh bông lan bơ hành,unparsed_main_ingredient,Nước chanh		1m; Phô mai (tam giác)	4 miếng; Bơ tươi		2M
https://monngonmoingay.com/canh-ga-chien-la-que/,Cánh gà chiên lá quế,unparsed_main_ingredient,Sả cây		 1 cây; Lá quế		 20 lá; Nước cốt hành tím		 2M; Nước cốt tỏi		 1M
https://monngonmoingay.com/banh-crepe-ap-chao/,Bánh crepe áp chảo,unparsed_main_ingredient,"Bột bánh rán pha sẵn bữa sáng dinh dưỡng	150	 (1 gói); Bữa sáng: Ăn kèm Khoai tây chiên, Tráng miệng: Trái cây; GIA VỊ:	Dầu ăn"
https://monngonmoingay.com/dui-ech-chien/,Đùi ếch chiên,unparsed_main_ingredient,"Mè đen		 1/2M; Gia vị: 	Dầu chiên, nước hành tỏi băm, tiêu, đường, muối, mè đen"
https://monngonmoingay.com/thit-ba-roi-tam-trung-chien-gion/,Thịt Ba Rọi Tẩm Trứng Chiên Giòn,low_food_id_cover,"cover=0.52 thieu: Thịt ba rọi, Trứng ga (1 quả ), Lá thyme, Dầu ăn"
https://monngonmoingay.com/bap-hat-chien-gion/,Bắp hạt chiên giòn,low_food_id_cover,"cover=0.07 thieu: Bắp mỹ, Dầu ăn"
https://monngonmoingay.com/canh-suon-bo-han-quoc/,Canh sườn bò Hàn Quốc,low_food_id_cover,"cover=0.21 thieu: Sườn bò, Boa rô, Nấm linh chi trắng, Nấm linh chi nâu"
https://monngonmoingay.com/gyoza/,Gyoza,unparsed_main_ingredient,Dầu ớt 1m
https://monngonmoingay.com/ca-loc-cuon-nghe/,Cá lóc cuộn nghệ,unparsed_main_ingredient,Ớt sừng đỏ 1 quả
https://monngonmoingay.com/banh-canh-cua-phong-tom/,Bánh canh cua phồng tôm,unparsed_main_ingredient,"Bột năng; Muối, dầu điều, nước mắm, đường phèn"
https://monngonmoingay.com/banh-ap-chao-mi-goi-va-bap/,Bánh áp chảo mì gói và bắp,low_food_id_cover,"cover=0.73 thieu: Mì gói (nửa gói), Thịt bacon xong khói, Bắp hạt, Dầu ăn, Tương cà"
https://monngonmoingay.com/salad-ca-hoi-sot-tom-kho/,Salad cá hồi sốt tôm khô,unparsed_main_ingredient,"Tiêu đen, Muối, Dầu ăn"
https://monngonmoingay.com/mi-tron-sot-kho-quet/,Mì trộn sốt kho quẹt,unparsed_main_ingredient,"Mì gói; Hành phi, tỏi băm, tiêu xay; Nước lọc"
https://monngonmoingay.com/banh-nuong-halloween/,Bánh nướng Halloween,unparsed_main_ingredient,Bột socola đen 1.5m; Vỏ chanh vàng 1m
https://monngonmoingay.com/mi-xao-xa-xiu-2/,Mì xào xá xíu,low_food_id_cover,"cover=0.41 thieu: Mì, Xá xíu, Lạp xưởng, Cần tàu"
https://monngonmoingay.com/ca-ri-luon/,,no_recipe_ldjson,
https://monngonmoingay.com/salad-bacon/,Salad bacon,unparsed_main_ingredient,Sữa đặc; Sữa tươi; Mù tạt xanh
https://monngonmoingay.com/banh-trang-cuon-trung-ap-chao/,Bánh tráng cuộn trứng áp chảo,low_food_id_cover,"cover=0.58 thieu: Bánh tráng, Rau răm, Hành phi, Sa tế"
https://monngonmoingay.com/ga-chien-gion-xoc-vi-thai/,Gà Chiên Giòn Xóc Vị Thái,low_food_id_cover,"cover=0.54 thieu: Gà phi lê, Sả cây"
https://monngonmoingay.com/mi-vit-tiem-chay-2/,,no_recipe_ldjson,
https://monngonmoingay.com/ca-nuc-kho-top-mo/,,no_recipe_ldjson,
https://monngonmoingay.com/bap-bo-nhung-mam-ruoc-2/,Bắp Bò Nhúng Mắm Ruốc,unparsed_main_ingredient,"Nước lọc: 1,5 lít; Mướp"
https://monngonmoingay.com/canh-bi-dao-rong-bien-2/,Canh Bí Đao Rong Biển,low_food_id_cover,"cover=0.00 thieu: Tôm thẻ, Bí đao, Rong biển wakame"
https://monngonmoingay.com/mi-tron-vi-thai/,Mì Trộn Vị Thái,unparsed_main_ingredient,Sả cây: 1 cây; Tỏi băm: 2M + 1/2m; Mì gói: 3 gói
https://monngonmoingay.com/canh-bau-mong-toi/,Canh bầu mồng tơi,unparsed_main_ingredient,"Dầu ăn, Mắm ruốc, Đường"
https://monngonmoingay.com/bun-gio-heo-cay/,Bún giò heo cay,unparsed_main_ingredient,"Sả cây; Đầu hành lá; Ăn kèm: Xà lách sợi, giá, hoa chuối, rau thơm, chanh, ớt nước mắm."
https://monngonmoingay.com/mien-tron-bo-bam/,Miến trộn bò bằm,unparsed_main_ingredient,"RAU NÊM: Hành lá, mè trắng rang, tỏi phi; Gia vị: Dầu hào, dầu ăn, tương ớt, dầu mè đen"
https://monngonmoingay.com/ca-bong-lau-chua-ngot/,Cá bông lau chua ngọt,unparsed_main_ingredient,"Gia vị: Đường, Dầu ăn, Tương ớt, Tương cà, Sản phẩm nhấn"
https://monngonmoingay.com/lau-suon-cong/,Lẩu sườn cọng,unparsed_main_ingredient,"ĂN KÈM: Rau muống, bắp chuối, rau nhúc, lá quế,..."
https://monngonmoingay.com/blendy-matcha-sua-tao-pho/,Blendy®matcha sữa tào phớ,unparsed_main_ingredient,Blendy® Trà Matcha Sữa - 4 gói; Lá dứa	2 lá
https://monngonmoingay.com/hoanh-thanh-tom-sot-vi-thai/,Hoành thánh tôm xốt vị Thái,low_food_id_cover,"cover=0.24 thieu: Lá hoành thánh, Tôm thẻ, Hành tím, Dầu ăn để chiên"
https://monngonmoingay.com/tra-thach-vai-hoa-hong/,Trà thạch vải hoa hồng,unparsed_main_ingredient,Vải đóng lon		 1 lon
https://monngonmoingay.com/bot-chien-bap/,Bột chiên bắp,low_food_id_cover,"cover=0.33 thieu: Bắp hạt, Đu đủ bào, Dầu ăn để chiên"
https://monngonmoingay.com/thit-kho/,Thịt kho,low_food_id_cover,"cover=0.00 thieu: Thịt ba chỉ, Dầu ăn"
https://monngonmoingay.com/banh-ran-pho-mai-trung-muoi/,Bánh rán phô mai trứng muối,unparsed_main_ingredient,Trứng muối		 2 quả; Phô mai		 2 miếng
https://monngonmoingay.com/bo-cuon-la-rong-bien/,Bò cuộn lá rong biển,unparsed_main_ingredient,Lá rong biển		 5 lá
https://monngonmoingay.com/banh-ran-sua-chua-ngu-coc/,Bánh rán sữa chua ngũ cốc,unparsed_main_ingredient,Sữa chua không đường	 2 hũ; Ngũ cốc granola 1 chén; Bột bánh rán pha sẵn vị truyền thống 1 gói
https://monngonmoingay.com/cha-oc-chien-2/,Chả ốc chiên,unparsed_main_ingredient,Nấm mèo băm nhỏ  2M; Lòng trắng trứng  1 quả; Tiêu xanh đập dập 1 nhánh
https://monngonmoingay.com/ha-cao-tam-sac/,Há cảo tam sắc,unparsed_main_ingredient,Hành phi	2M; Đường Dầu mè Dầu hào Nước tương &quot;Phú Sĩ&quot; giảm muối; Tương ớt; Giấm gạo Ajinomoto
https://monngonmoingay.com/canh-qua-sau-nau-tom-thi-la/,CANH QUẢ SẤU NẤU TÔM THÌ LÀ,unparsed_main_ingredient,"Quả sấu 6 quả; Hành hoa, thì là 1 chén; Bột ngọt 1/2m; Gia vị: Hành khô cắt lát, Mỡ nước, đường, nước mắm, ớt sừng đỏ"
https://monngonmoingay.com/than-be-nuong-y/,Thăn Bê Nướng Y,unparsed_main_ingredient,"Tỏi Bắc nguyên củ	 1 củ; Nước chanh	 1,5M; Bột ngọt		 1/2m; Muối hồng"
https://monngonmoingay.com/than-be-cuon-rau-thom/,Thăn Bê Cuộn Rau Thơm,unparsed_main_ingredient,"Bánh tráng cuốn mè	 12 cái 		xịt nước, cắt đôi sẵn; Tương đậu Hàn Quốc		 1.5M; Tương ớt Hàn Quốc		 1.5M; Mè trắng rang		 1.5M 	Giã bể (rang thơm rồi giã bể)"
https://monngonmoingay.com/mi-xao-bo-rau-cu/,Mì xào bò rau củ,low_food_id_cover,"cover=0.20 thieu: Mì vàng (4 vắt), Thịt bò, Nấm linh chi, Cải ngọt, Đường (1/2m)"
https://monngonmoingay.com/so-diep-nuong-ba-mau-2/,Sò điệp nướng ba màu,unparsed_main_ingredient,Xà lách 6 lá
https://monngonmoingay.com/ca-nuong-cham-muoi-ot-xanh-2/,Cá nướng chấm muối ớt xanh,unparsed_main_ingredient,Ớt xiêm xanh 2M; Tỏi tép 5 tép; Sữa đặc 2M; Dầu điều 1m
https://monngonmoingay.com/lau-bo-khoai-cao/,Lẩu bò khoai cao,unparsed_main_ingredient,Sả cây 4 cây
https://monngonmoingay.com/lau-luon-keo-neo-vi-thai/,Lẩu lươn kèo nèo vị thái,unparsed_main_ingredient,"Ớt 1 trái (1m); Sả 3 cây (băm 1M, còn lại cắt khúc)"
https://monngonmoingay.com/mi-cay-chay-2/,Mì cay chay,unparsed_main_ingredient,"Nước dùng chay 1.5 lít; Mì udon 3 gói; Hành boaro cắt lát 1 cây; Rau húng quế, ngò gai, ớt hiểm băm nhỏ, dầu ăn"
https://monngonmoingay.com/lau-nam/,Lẩu nấm,unparsed_main_ingredient,Táo đỏ 4 quả; Chao 2 viên; Nước tương Phú Sĩ 2M; Sa tế 1m
https://monngonmoingay.com/muc-nhung-giam-2/,Mực nhúng giấm,unparsed_main_ingredient,"Gia vị: Đường, muối, nước mắm, bột ngọt AJI-NO-MOTO®"
https://monngonmoingay.com/com-nam-rong-bien-mayo/,Cơm nắm rong biển Mayo,unparsed_main_ingredient,Cá ngừ ngâm dầu: 4M; Cà rốt: 1M; Rong biển trộn mè: 2M; Chà bông heo: 1M
https://monngonmoingay.com/sandwiches-bo-xot-me-rang/,Sandwiches bò xốt mè rang,unparsed_main_ingredient,Bánh mì sandwiches 8 lát; Tiêu 1 ít
https://monngonmoingay.com/chao-hau/,Cháo hàu,unparsed_main_ingredient,Lá tía tô 10 lá; Tiêu xanh 1 nhánh; Dầu màu điều 1/2M
https://monngonmoingay.com/cha-ca-ngu-sac/,Chả cá ngũ sắc,unparsed_main_ingredient,Bánh tráng 4 cái
https://monngonmoingay.com/banh-qui-trai-cay/,Bánh qui trái cây,low_food_id_cover,"cover=0.00 thieu: Nước, Bơ lạt, Trái cây khô (có vị chua)"
https://monngonmoingay.com/khoai-tay-lac-lazy-2/,,no_recipe_ldjson,
https://monngonmoingay.com/vit-nuong-chao-2/,Vịt nướng chao,unparsed_main_ingredient,Vịt 800gram 1/2 con; Chao trắng 3 viên; Hạt nêm Aji-ngon® Heo 1M; Sa tế 1M
https://monngonmoingay.com/sup-gyoza/,Súp Gyoza,unparsed_main_ingredient,Bột ngọt 1/2m; Rễ ngò 5 cái; Hạt nêm 1.5M; Dầu mè (lượng tùy thích)
https://monngonmoingay.com/ga-nuong-noi-dat-2/,Gà nướng nồi đất,unparsed_main_ingredient,"Tiêu xanh 2 nhánh; Lá chanh bắc/lá chúc 5 lá; Gia vị: Dầu ăn, đường, ngũ vị hương, hạt nêm Aji-ngon® Heo"
https://monngonmoingay.com/banh-mi-ap-chao/,Bánh mì áp chảo,unparsed_main_ingredient,Bánh mì Việt Nam 1 ổ; Xúc xích 2 cây; Dầu ăn
https://monngonmoingay.com/ca-dieu-hong-xien-que-chien-la-chanh/,Cá diêu hồng xiên que chiên lá chanh,unparsed_main_ingredient,Nước hành tỏi 1M
https://monngonmoingay.com/snack-salad/,Snack salad,low_food_id_cover,"cover=0.59 thieu: Bánh tráng, Bơ lạt, Bắp hạt, Chà bông giòn"
https://monngonmoingay.com/canh-muop-mong-toi-nau-tom/,Canh Mướp Mồng Tơi Nấu Tôm,unparsed_main_ingredient,Hạt nêm Aji-ngon®; Bột ngọt AJI-NO-MOTO®
https://monngonmoingay.com/cuon-trung-mayo/,Cuộn trứng mayo,unparsed_main_ingredient,Bánh tráng: 12 cái; Lá rong biển: 1 lá; Xúc xích: 1 cây; Cà rốt: 1/4 trái
https://monngonmoingay.com/bun-gao-xao-ga/,Bún gạo xào gà,unparsed_main_ingredient,"Bún gạo khô 4 vắt; Gia vị: Dầu hào, bột ngọt, nước tương Phú sĩ, tiêu"
https://monngonmoingay.com/trung-hap/,Trứng hấp,unparsed_main_ingredient,Rong biển ăn liền: 1 muỗng canh
https://monngonmoingay.com/oc-huong-hap-muoi/,Ốc hương hấp muối,unparsed_main_ingredient,Sả cây 4 cây; Quế 1 nhánh; Hồi 2 hoa
https://monngonmoingay.com/gyoza-mi-pho-mai/,,no_recipe_ldjson,
https://monngonmoingay.com/mi-y-ca-hoi-xot-me-rang/,Mì ý cá hồi xốt mè rang,low_food_id_cover,"cover=0.54 thieu: Mỳ Ý, Sữa không đường, Dầu ăn, Tiêu đen"
https://monngonmoingay.com/mi-y-xot-cua-2/,Mì ý xốt cua,unparsed_main_ingredient,Nước luộc mì/nước dùng 1 chén; Whipping cream/cooking cream 1 chén; Rượu vang trắng 1 ít
https://monngonmoingay.com/rong-bien-cuon-thit-xot-mayo/,Rong biển cuộn thịt xốt mayo,unparsed_main_ingredient,Rong biển lá cuộn 1 gói; Tiêu trắng 1/3m; Bột bắp 1m
https://monngonmoingay.com/lau-ca-thac-lac-kho-qua-2/,Lẩu cá thác lác khổ qua,unparsed_main_ingredient,Cọng thì là băm nhỏ 1M
https://monngonmoingay.com/oc-mo-xot-mayo/,Ốc mỡ xốt mayo,unparsed_main_ingredient,Sa tế 0.5M; Giấm 1M
