id,name_vi,reason,detail
1105900,Bánh bao nhân thịt,khong khop du nguong,"en='Filled steam bread' gan nhat='Coffee cake, crumb or quick-bread type, cheese-filled' score=0.40"
1105901,Bánh đa nem,khong khop du nguong,"en='Vietnamese rice paper, raw' gan nhat='Rice paper' score=0.65"
1105902,Bánh đúc,khong khop du nguong,"en='Rice cake made of rice flour, and lime water, cooked' gan nhat='Pastry, Chinese, made with rice flour' score=0.45"
1105905,Bánh quẩy,khong khop du nguong,"en='Fried breadstick, Youtiao' gan nhat='Fried broccoli' score=0.33"
1105906,Bún,khong khop du nguong,"en='Rice vermicelli, soft noodles' gan nhat='Rice noodles, cooked' score=0.50"
1105907,Cốm,khong khop du nguong,"en='Rice, unriped, raw' gan nhat='Rice paper' score=0.46"
1105908,Mỳ sợi,khong khop du nguong,"en='Wheat noodles, raw' gan nhat='Wheat germ' score=0.45"
1105909,Ngô nếp luộc,khong khop du nguong,"en='Glutinous maize, boiled' gan nhat='Cake made with glutinous rice' score=0.37"
1105910,Củ ấu,khong khop du nguong,"en='Water caltrop, buffalo nut, seed, raw' gan nhat='Game meat, buffalo, water, raw' score=0.39"
1105913,Củ sắn dây,khong khop du nguong,"en='Kudzu root, Japanese arrowroot' gan nhat='Persimmons, japanese, raw' score=0.29"
1105914,Củ súng khô (đã bỏ vỏ),khong khop du nguong,"en='Tropical water lilies root, dried' gan nhat='Cranberries, dried' score=0.25"
1105915,Củ từ,khong khop du nguong,"en='Lesser Yam, raw' gan nhat='Yam, raw' score=0.53"
1105916,Khoai nước,khong khop du nguong,"en='Water taro, raw' gan nhat='Taro, raw' score=0.55"
1105917,Khoai riềng,khong khop du nguong,"en='Edible canna, raw' gan nhat='Peas, edible-podded, raw' score=0.42"
1105919,Bột khoai lang,khong khop du nguong,"en='Flour sweet potato' gan nhat='Flour, potato' score=0.69"
1105920,Bột khoai riềng (bột đao),khong khop du nguong,en='Edible canna flour' gan nhat='Millet flour' score=0.35
1105921,Bột khoai tây (lọc),khong khop du nguong,en='White potato flour' gan nhat='Potato flour' score=0.69
1105923,Bột sắn dây,khong khop du nguong,en='Kudzu root flour' gan nhat='Arrowroot flour' score=0.36
1105924,Sắn khô,khong khop du nguong,"en='Cassava, dried' gan nhat='Papaya, dried' score=0.48"
1105925,Trân châu sắn,khong khop du nguong,"en='Tapioca' gan nhat='Tapioca, pearl, dry' score=0.65"
1105926,Đậu cô ve (hạt),khong khop du nguong,"en='Common bean, seed, dried' gan nhat='Seeds, safflower seed kernels, dried' score=0.41"
1105927,Đậu đen (hạt),khong khop du nguong,"en='Black bean seed, dried' gan nhat='Nuts, walnuts, black, dried' score=0.43"
1105928,Đậu đũa (hạt),khong khop du nguong,"en='Yardlong bean, seed, dried' gan nhat='Seeds, watermelon seed kernels, dried' score=0.42"
1105931,Đậu trắng hạt (Đậu Tây),khong khop du nguong,"en='Kidney bean, white bean, seed, dried' gan nhat='Kidney beans and white rice' score=0.41"
1105932,Đậu trứng cuốc,NIN khong co name_en,
1105934,Hạt dẻ tươi,khong khop du nguong,"en='Chestnut, fresh' gan nhat='Pillsbury Golden Layer Buttermilk Biscuits, Artificial Flavor, refrigerated dough' score=0.00"
1105935,Hạt dẻ khô,khong khop du nguong,"en='Chestnut, dried' gan nhat='Cherries, dried' score=0.48"
1105936,Hạt đen,NIN khong co name_en,
1105937,Hạt mít,khong khop du nguong,"en='Jack fruit, seed, raw' gan nhat='Fruit, NFS' score=0.37"
1105938,Quả đại hái tươi,khong khop du nguong,"en='Hodgsonia fruit, raw' gan nhat='Fruit, NFS' score=0.49"
1105941,Bột đậu tương rang chín,khong khop du nguong,"en='Roasted soybeans flour' gan nhat='Soy flour, full-fat, roasted' score=0.46"
1105942,Đậu phụ chúc,khong khop du nguong,"en='Tofu skin, yuba, bean curd skin, bean curd sheet' gan nhat='Turkey, wing, cooked, skin eaten' score=0.20"
1105943,Đậu phụ nướng,khong khop du nguong,"en='Tofu, grilled' gan nhat='Tofu, fried' score=0.50"
1105944,Hạt dưa đỏ rang (dưa hấu),khong khop du nguong,"en='Water melon seeds, fried' gan nhat='Soybeans, mature seeds, sprouted, cooked, stir-fried' score=0.47"
1105945,"Hạt điều khô, chiên dầu",khong khop du nguong,"en='Cashew nut, roasted with oil' gan nhat='Nuts, cashew nuts, oil roasted, with salt added' score=0.61"
1105946,Sữa bột đậu nành,khong khop du nguong,"en='Soy flour, made from roasted soybeans' gan nhat='Soy flour, full-fat, roasted' score=0.48"
1105948,Bí đao (bí xanh),khong khop du nguong,"en='Asgourd, winter melon, raw' gan nhat='Honeydew melon, raw' score=0.36"
1105950,Cà rốt khô,khong khop du nguong,"en='Carrot, dried' gan nhat='Currants, dried' score=0.49"
1105951,Cải bắp khô,khong khop du nguong,"en='Dried cabbage' gan nhat='Cabbage, kimchi' score=0.44"
1105954,Cần ta,khong khop du nguong,"en='Water drop-wort, raw' gan nhat='Water convolvulus,raw' score=0.35"
1105955,Củ cải đỏ,khong khop du nguong,"en='Red radish oriental, raw' gan nhat='Radishes, oriental, raw' score=0.41"
1105956,Củ đậu,khong khop du nguong,"en='Jicama, Mexican yam bean' gan nhat='Jicama, raw' score=0.30"
1105957,Củ niễng,khong khop du nguong,"en='Manchurian wild rice, stem, raw' gan nhat='Wild rice, raw' score=0.52"
1105958,Dọc củ cải (non),khong khop du nguong,"en='Radish garden, immature, raw' gan nhat='Cress, garden, raw' score=0.36"
1105959,Dọc mùng,khong khop du nguong,"en='Indian taro, stem, raw' gan nhat='Taro, raw' score=0.38"
1105960,Dưa gang,khong khop du nguong,"en='Large cucumber' gan nhat='Cucumber, raw' score=0.52"
1105961,Đậu rồng (quả non),khong khop du nguong,"en='Winged bean, asparagus pea, raw' gan nhat='Winged bean leaves, raw' score=0.50"
1105962,Gấc,khong khop du nguong,"en='Gac fruit, whole, raw' gan nhat='Yogurt, whole milk, fruit' score=0.53"
1105965,Hành lá (hành hoa),khong khop du nguong,"en='Onion, leave' gan nhat='Onion flavored rings' score=0.43"
1105966,Hoa chuối,khong khop du nguong,"en='Banana, buds and flowers, raw' gan nhat='Banana, raw' score=0.37"
1105967,Hoa lý,khong khop du nguong,"en='Daylily, lemon flowers, raw' gan nhat='Lemon, raw' score=0.37"
1105968,Lá me,NIN khong co name_en,
1105969,Lá mơ lông,khong khop du nguong,"en='Skunk vine' gan nhat='Pillsbury Golden Layer Buttermilk Biscuits, Artificial Flavor, refrigerated dough' score=0.00"
1105970,Lá sắn tươi,khong khop du nguong,"en='Cassava leaves, raw' gan nhat='Cassava, raw' score=0.55"
1105971,Măng khô,khong khop du nguong,"en='Bamboo shoot, dried' gan nhat='Apricot, dried' score=0.35"
1105972,Mướp Nhật bản,khong khop du nguong,"en='Sponge gourd, Japa- nese origin, raw' gan nhat='Gourd, dishcloth (towelgourd), raw' score=0.23"
1105973,Ngô bao tử,khong khop du nguong,"en='Baby corn, raw' gan nhat='Corn, raw' score=0.55"
1105974,Nụ mướp,khong khop du nguong,"en='Sponge gourd, young flower, raw' gan nhat='Sesbania flower, raw' score=0.29"
1105976,Quả dọc,khong khop du nguong,"en='Bira tai, raw' gan nhat='Mai Tai' score=0.44"
1105977,Quả me chua,khong khop du nguong,"en='Tamarind fruit, pulp, raw' gan nhat='Tamarind' score=0.37"
1105980,"Rau giấp cá, diếp cá",khong khop du nguong,"en='Lizard tail, fishwort, raw' gan nhat='Turkey, tail' score=0.30"
1105983,Rau giền trắng,khong khop du nguong,"en='Amaranth, sp White, raw' gan nhat='Amaranth leaves, raw' score=0.47"
1105985,Rau kinh giới,khong khop du nguong,"en='Vietnamese Balm, raw' gan nhat='Pillsbury Golden Layer Buttermilk Biscuits, Artificial Flavor, refrigerated dough' score=0.00"
1105986,Rau má rừng,khong khop du nguong,"en='Wild centella, raw' gan nhat='Wild rice, raw' score=0.48"
1105987,"Rau má, má mơ",khong khop du nguong,"en='Centella, gotu kola, raw' gan nhat='Pillsbury Golden Layer Buttermilk Biscuits, Artificial Flavor, refrigerated dough' score=0.00"
1105989,Rau muống khô,khong khop du nguong,"en='Water spinach, dried' gan nhat='Peach, dried' score=0.37"
1105990,Rau ngổ,khong khop du nguong,"en='Buffalo spinach, raw' gan nhat='Spinach, raw' score=0.55"
1105991,Rau ngót khô,khong khop du nguong,"en='Sauropus, dried' gan nhat='Shrimp, dried' score=0.47"
1105992,Rau rút,khong khop du nguong,"en='Water mimosa, raw' gan nhat='Water, NFS' score=0.51"
1105994,Rau sam,khong khop du nguong,"en='Purslane, pursley, raw' gan nhat='Purslane, raw' score=0.55"
1105995,Rau sắng (chùa hương),NIN khong co name_en,
1105996,Rau tàu bay,khong khop du nguong,"en='Redflower ragleaf, fireweed, raw' gan nhat='Fireweed, leaves, raw' score=0.33"
1105997,Rau thơm,khong khop du nguong,"en='Mint leaves, raw' gan nhat='Pumpkin leaves, raw' score=0.50"
1105998,Sấu xanh,khong khop du nguong,"en='Fruit of Dracontomelon duperreanum, immature, raw' gan nhat='Pigeonpeas, immature seeds, raw' score=0.27"
1105999,Su hào khô,khong khop du nguong,"en='Dried kohlrabi' gan nhat='Dried, fruit, NFS' score=0.44"
1106002,Tỏi tây (cả lá),khong khop du nguong,"en='Chinese Leek, Onion fragrant, raw' gan nhat='Chinese pancake' score=0.28"
1106003,Trám đen chín,khong khop du nguong,"en='Fruit of Canarium pimela, ripe' gan nhat='Fruit, NFS' score=0.27"
1106004,"Trám xanh sống, trám trắng",khong khop du nguong,"en='Canarium nut, pili nut, Java almond, raw' gan nhat='Oil, almond' score=0.22"
1106005,Xương sông,khong khop du nguong,"en='Edible leaves of Blumea lanceolaria, raw' gan nhat='Fireweed, leaves, raw' score=0.27"
1106006,Cải ngọt,khong khop du nguong,"en='Elongated mustard, raw' gan nhat='Mustard' score=0.50"
1106007,Ngọn su su,khong khop du nguong,"en='Chayote, young stem and leaves raw' gan nhat='Fireweed, young leaves, raw (Alaska Native)' score=0.41"
1106008,Đậu ván,khong khop du nguong,"en='Hyacinth bean, Australian pea, raw' gan nhat='Hyacinth beans, mature seeds, raw' score=0.30"
1106009,Cà chua muối,khong khop du nguong,"en='Tomato, pickled with salt' gan nhat='Tomato, green, pickled' score=0.59"
1106010,Cà muối nén,khong khop du nguong,"en='Eggplant, pickled with salt' gan nhat='Eggplant, pickled' score=0.69"
1106011,Cà muối sổi,khong khop du nguong,"en='Eggplant, pickled with salt' gan nhat='Eggplant, pickled' score=0.69"
1106012,Dưa cải bắp,khong khop du nguong,"en='Cabbage Chinese pickled with salt' gan nhat='Cabbage, red, pickled' score=0.49"
1106013,Dưa cải bẹ,khong khop du nguong,"en='Mustard green, pickled with salt' gan nhat='Tomato, green, pickled' score=0.49"
1106014,Dưa cải sen,khong khop du nguong,"en='Field mustard, pickled with salt' gan nhat='Fish, pickled' score=0.28"
1106015,Dưa giá (đậu xanh),khong khop du nguong,"en='Mung bean sprouts, pickled with salt' gan nhat='Mushrooms, pickled' score=0.25"
1106016,Hành củ muối,khong khop du nguong,"en='Onion, pickled with salt' gan nhat='Turnip, pickled' score=0.34"
1106017,Kiệu muối,khong khop du nguong,"en='Onion shallot, scallion, pickled with salt' gan nhat='Butter, light, stick, with salt' score=0.24"
1106018,"Nhút (dưa muối từ mít non, lá đậu xanh non...)",khong khop du nguong,"en='Mix pickled from young jack fruit, mung bean leaves and other' gan nhat='Pudding, flavors other than chocolate, made from dry mix, sugar free' score=0.24"
1106019,Men bia khô,khong khop du nguong,"en='Brewer’s yeast, fried enzyme' gan nhat='Restaurant, Latino, bunuelos (fried yeast bread)' score=0.38"
1106021,Nấm hương khô,khong khop du nguong,"en='Mushroom, shiitake, dried' gan nhat='Mushrooms, shiitake, dried' score=0.66"
1106022,Nấm hương tươi,khong khop du nguong,"en='Mushroom, shiitake, raw' gan nhat='Mushrooms, shiitake, raw' score=0.53"
1106025,Chuối khô,khong khop du nguong,"en='Banana dried' gan nhat='Papaya, dried' score=0.48"
1106026,Dâu gia,khong khop du nguong,"en='Fruit of Baccaurea sapida' gan nhat='Fruit, NFS' score=0.36"
1106027,Gioi,khong khop du nguong,"en='Ohia; Malaya roseapple' gan nhat='Pillsbury Golden Layer Buttermilk Biscuits, Artificial Flavor, refrigerated dough' score=0.00"
1106028,Hồng bì,khong khop du nguong,"en='Wampee, Chinese; Wampi' gan nhat='Cabbage, Chinese, raw' score=0.36"
1106031,Mắc coọc,khong khop du nguong,"en='Wild Himalayan pear' gan nhat='Pear, raw' score=0.33"
1106033,Mít khô,khong khop du nguong,"en='Dried jackfruit' gan nhat='Dried, fruit, NFS' score=0.48"
1106034,Mít mật,khong khop du nguong,"en='Jack fruit, honey' gan nhat='Fruit, NFS' score=0.38"
1106035,"Muỗm, quéo",khong khop du nguong,"en='Mango, common; Indi- an mango, unripe' gan nhat='Mango, canned' score=0.28"
1106036,Nhãn khô,khong khop du nguong,"en='Longan dried' gan nhat='Longans, dried' score=0.53"
1106037,Nho ta (nho chua),khong khop du nguong,"en='Grape fruit' gan nhat='Fruit, NFS' score=0.50"
1106038,Nhót,khong khop du nguong,"en='Silver berry' gan nhat='Pie, berry' score=0.49"
1106039,Quả bơ vỏ tím,khong khop du nguong,"en='Avocado, Alligator Pear' gan nhat='Avocado, raw' score=0.38"
1106040,Quả cóc,khong khop du nguong,"en='Hog plum, Tahitian apple, Otaheite apple' gan nhat='Taro, tahitian, cooked, with salt' score=0.24"
1106041,Quả thanh long,khong khop du nguong,en='Dragon’s eyes fruit' gan nhat='Dragon fruit' score=0.69
1106042,Quả trứng gà,khong khop du nguong,"en='Lúcuma' gan nhat='Pillsbury Golden Layer Buttermilk Biscuits, Artificial Flavor, refrigerated dough' score=0.00"
1106043,Quất chín (cả vỏ),khong khop du nguong,"en='Mandarin' gan nhat='Mandarin, seedless, peeled, raw' score=0.62"
1106044,Quít,khong khop du nguong,"en='Tangerine; Orange; Mandarin' gan nhat='Tangerine, raw' score=0.39"
1106045,Sấu chín,khong khop du nguong,"en='Sanpidus, ripe' gan nhat='Plantains, ripe, raw' score=0.45"
1106046,Vú sữa,khong khop du nguong,"en='Starapple, cainito' gan nhat='Pillsbury Golden Layer Buttermilk Biscuits, Artificial Flavor, refrigerated dough' score=0.00"
1106048,"Dầu thảo mộc (Lạc, vừng, cám...)",khong khop du nguong,"en='Vegetable oil, cooking' gan nhat='Vegetable oil, NFS' score=0.69"
1106049,Mỡ lợn muối,khong khop du nguong,en='Salted lard' gan nhat='Lard' score=0.51
1106061,Thịt bò loại II,khong khop du nguong,"en='Beef meat grade II' gan nhat='Babyfood, meat, beef, strained' score=0.52"
1106067,Thịt gà rừng,khong khop du nguong,"en='Grouse field chicken' gan nhat='Enchilada, chicken' score=0.36"
1106070,Thịt trâu bắp,khong khop du nguong,"en='Buffalo meat (shoulder)' gan nhat='Game meat, buffalo, water, raw' score=0.53"
1106071,Thịt trâu cổ,khong khop du nguong,"en='Buffalo meat neck' gan nhat='Game meat, buffalo, water, raw' score=0.53"
1106072,Thịt trâu đùi,khong khop du nguong,"en='Buffalo meat leg' gan nhat='Game meat, buffalo, water, raw' score=0.53"
1106073,Thịt trâu thăn,khong khop du nguong,"en='Buffalo meat lean (loin)' gan nhat='Game meat, elk, loin, separable lean only, cooked, broiled' score=0.51"
1106076,Đầu bò,khong khop du nguong,"en='Head of beef (without tongue, brain, ears)' gan nhat='Beef, cow head' score=0.36"
1106077,Đầu lợn,khong khop du nguong,"en='Hog, head' gan nhat='Hog maws' score=0.46"
1106078,Đuôi bò,khong khop du nguong,"en='Beef, tail' gan nhat='Beef, NFS' score=0.52"
1106081,Gân chân bò,khong khop du nguong,"en='Beef tendon-leg' gan nhat='Beef, NFS' score=0.37"
1106083,Lòng lợn (ruột già),khong khop du nguong,"en='Hog, intestine large raw' gan nhat='Hog maws' score=0.31"
1106084,Lòng lợn (ruột non),khong khop du nguong,"en='Hog intestine small raw without fat' gan nhat='Cottage cheese, full fat, large or small curd' score=0.36"
1106091,Tiết bò,khong khop du nguong,"en='Beef, blood' gan nhat='Beef, NFS' score=0.51"
1106093,Tiết lợn sống,khong khop du nguong,en='Hog raw blood' gan nhat='Hog maws' score=0.45
1106094,Tủy xương bò,khong khop du nguong,"en='Beef bone marrow' gan nhat='Caribou, bone marrow, raw (Alaska Native)' score=0.50"
1106095,Tủy xương lợn,khong khop du nguong,"en='Hog, bone marrow' gan nhat='Caribou, bone marrow, raw (Alaska Native)' score=0.50"
1106097,Chả quế lợn,khong khop du nguong,"en='Pork, cinnamon mince grilled' gan nhat='Spices, cinnamon, ground' score=0.28"
1106099,Dồi lợn,khong khop du nguong,"en='Blood mix-pudding with viscera in large in' gan nhat='Cake, pudding-type, chocolate, dry mix' score=0.35"
1106100,Giò bò,khong khop du nguong,"en='Beef, mince lean meat steamed' gan nhat='Beef, ground, 95% lean meat / 5% fat, raw' score=0.53"
1106101,Giò thủ lợn,khong khop du nguong,"en='Pork head meat steamed' gan nhat='Babyfood, meat, pork, strained' score=0.44"
1106102,Lạp xường,khong khop du nguong,"en='Chinese sausage' gan nhat='Sausage, NFS' score=0.51"
1106103,Thịt trâu khô,khong khop du nguong,"en='Buffalo meat, dried' gan nhat='Walrus, meat, dried (Alaska Native)' score=0.51"
1106104,Bột cóc,khong khop du nguong,en='Toad meat powder' gan nhat='Tomato powder' score=0.40
1106105,Châu chấu,khong khop du nguong,"en='Locust' gan nhat='Gums, seed gums (includes locust bean, guar)' score=0.52"
1106107,Nhộng,khong khop du nguong,"en='Silk worm' gan nhat='SILK Nog, soymilk' score=0.41"
1106109,"Thịt lợn, nạc vai",khong khop du nguong,"en='Pork, lean meat, shoulder' gan nhat='Pork, fresh, shoulder, whole, separable lean only, raw' score=0.55"
1106110,"Thịt lợn, nạc mông",khong khop du nguong,"en='Pork, lean meat, thighs' gan nhat='Pork, ground, 96% lean / 4% fat, raw' score=0.44"
1106111,"Thịt lợn, nạc thăn",khong khop du nguong,"en='Pork, lean meat, tenderloin' gan nhat='Pork, fresh, loin, tenderloin, separable lean only, raw' score=0.57"
1106112,"Thịt lợn nửa nạc, nửa mỡ, nướng",khong khop du nguong,"en='Pork, lean and fat meat, grill' gan nhat='Pork, chop, lean and fat eaten' score=0.56"
1106114,"Thịt gà công nghiệp, đùi",khong khop du nguong,"en='Chicken, thighs' gan nhat='Chicken, thighs, frozen, breaded, reheated' score=0.67"
1106115,"Thịt gà công nghiệp, lườn",khong khop du nguong,"en='Chicken, breast' gan nhat='Chicken, breast, boneless, skinless, raw' score=0.71"
1106116,Thịt ngan,khong khop du nguong,"en='Goose meat' gan nhat='Goose, domesticated, meat only, raw' score=0.70"
1106117,Chả lá lốt,khong khop du nguong,"en='Pork roll with lolot pepper leaves' gan nhat='Pork, roll' score=0.40"
1106118,Cá chày,khong khop du nguong,"en='Barbel chub' gan nhat='Pillsbury Golden Layer Buttermilk Biscuits, Artificial Flavor, refrigerated dough' score=0.00"
1106119,Cá dưa,khong khop du nguong,"en='Daggertooth pike conger' gan nhat='Fish, pike' score=0.31"
1106120,Cá dầu,NIN khong co name_en,
1106121,Cá đao,khong khop du nguong,"en='Sawfish' gan nhat='Pillsbury Golden Layer Buttermilk Biscuits, Artificial Flavor, refrigerated dough' score=0.00"
1106122,Cá đé,khong khop du nguong,"en='Chinese herring or slender shad' gan nhat='Fish, herring' score=0.26"
1106123,Cá đồng tiền,khong khop du nguong,"en='Goby' gan nhat='Pillsbury Golden Layer Buttermilk Biscuits, Artificial Flavor, refrigerated dough' score=0.00"
1106124,"Cá khô (chim, thu, nụ, đé)",khong khop du nguong,"en='Dried fish' gan nhat='Fish, whitefish, dried (Alaska Native)' score=0.62"
1106125,Cá lác,NIN khong co name_en,
1106126,Cá mòi (cá sardin),khong khop du nguong,"en='Sardin' gan nhat='Pillsbury Golden Layer Buttermilk Biscuits, Artificial Flavor, refrigerated dough' score=0.00"
1106127,Cá mỡ,NIN khong co name_en,
1106128,Cá mối,khong khop du nguong,"en='Lizardfish' gan nhat='Pillsbury Golden Layer Buttermilk Biscuits, Artificial Flavor, refrigerated dough' score=0.00"
1106129,Cá nạc,NIN khong co name_en,
1106130,Cá phèn,khong khop du nguong,"en='Goatfishes' gan nhat='Pillsbury Golden Layer Buttermilk Biscuits, Artificial Flavor, refrigerated dough' score=0.00"
1106131,Cá rô đồng,khong khop du nguong,"en='Climbing perch' gan nhat='Fish, perch, NFS' score=0.43"
1106132,Cá thờn bơn,khong khop du nguong,"en='Flatfishes' gan nhat='Pillsbury Golden Layer Buttermilk Biscuits, Artificial Flavor, refrigerated dough' score=0.00"
1106134,Cá trạch,khong khop du nguong,"en='Spiny eels' gan nhat='Crustaceans, spiny lobster, mixed species, raw' score=0.33"
1106138,Hải sâm,khong khop du nguong,"en='Sea slug, sea cucumber' gan nhat='Sea cucumber, yane (Alaska Native)' score=0.49"
1106140,Ốc bươu,khong khop du nguong,"en='Snail medium - size, edible' gan nhat='Quail, cooked, total edible' score=0.28"
1106141,Ốc đá,khong khop du nguong,"en='Marble snail, Chinese mysterysnail' gan nhat='Cabbage, Chinese, raw' score=0.29"
1106142,Ốc vặn,khong khop du nguong,"en='Helix' gan nhat='Pillsbury Golden Layer Buttermilk Biscuits, Artificial Flavor, refrigerated dough' score=0.00"
1106143,"Rạm (muối, đồ)",khong khop du nguong,"en='Small sea - crab bicled steamed' gan nhat='Mollusks, scallop, (bay and sea), cooked, steamed' score=0.37"
1106144,Rạm tươi,khong khop du nguong,en='Small sea - crab' gan nhat='Crab' score=0.36
1106145,Rươi,khong khop du nguong,"en='Tylorhynchus sinensis' gan nhat='Pillsbury Golden Layer Buttermilk Biscuits, Artificial Flavor, refrigerated dough' score=0.00"
1106146,Tép gạo,khong khop du nguong,"en='Tiny shrimp, fresh water' gan nhat='Shrimp, NFS' score=0.38"
1106147,Tép khô,khong khop du nguong,"en='Tiny shrimp, sea water, dried' gan nhat='Shrimp, dried' score=0.44"
1106150,Bánh phồng tôm rán,khong khop du nguong,en='Dried shrimp chips' gan nhat='Shrimp chips' score=0.69
1106152,Bột cá,khong khop du nguong,"en='Fish flour bones includ- ed' gan nhat='Flour, chestnut' score=0.28"
1106153,Ruốc cá quả,khong khop du nguong,"en='Fish snake head dried flour with fish sauce' gan nhat='Pillsbury Golden Layer Buttermilk Biscuits, Artificial Flavor, refrigerated dough' score=0.00"
1106154,Ruốc tôm,khong khop du nguong,"en='Shrimp dried flour with fish sauce' gan nhat='Pillsbury Golden Layer Buttermilk Biscuits, Artificial Flavor, refrigerated dough' score=0.00"
1106155,Cá chim,khong khop du nguong,en='Black pomfret' gan nhat='Black Russian' score=0.44
1106156,Cá chim trắng,khong khop du nguong,"en='Silver or white pomfret' gan nhat='Mushrooms, white, raw' score=0.34"
1106157,Cá điêu hồng,khong khop du nguong,"en='Red tilapia' gan nhat='Fish, tilapia, raw' score=0.45"
1106158,"Cá basa, phi lê",khong khop du nguong,"en='Basafish, Catfish, fillet' gan nhat='Fish, catfish, NFS' score=0.38"
1106159,Chả cá basa,khong khop du nguong,"en='Basafish, fishball' gan nhat='Pillsbury Golden Layer Buttermilk Biscuits, Artificial Flavor, refrigerated dough' score=0.00"
1106160,Con trùng trục,khong khop du nguong,"en='Mussel, fresh water' gan nhat='Water, NFS' score=0.47"
1106161,Ngao biển trắng,khong khop du nguong,"en='Sea water clams' gan nhat='Water, NFS' score=0.38"
1106163,Lòng đỏ trứng vịt,khong khop du nguong,"en='Duck egg, yolk' gan nhat='Duck egg, cooked' score=0.69"
1106164,Lòng trắng trứng vịt,khong khop du nguong,"en='Duck egg, white' gan nhat='Duck egg, cooked' score=0.67"
1106166,Trứng cá,khong khop du nguong,"en='Fish roe' gan nhat='Fish, roe, mixed species, raw' score=0.69"
1106168,Bột trứng,khong khop du nguong,"en='Egg powder' gan nhat='Egg, white, dried, powder, stabilized, glucose reduced' score=0.58"
1106169,Trứng gà công nghiệp,NIN khong co name_en,
1106174,Chuối nước đường,khong khop du nguong,"en='Banana, canned sweetened' gan nhat='Coconut cream, canned, sweetened' score=0.56"
1106177,Lạc chao dầu,khong khop du nguong,"en='Peanut, oil fried' gan nhat='Peanut oil' score=0.69"
1106178,Mắc coọc nước đường,khong khop du nguong,en='Pyrus pachis in syrup' gan nhat='Fruit syrup' score=0.35
1106180,Mứt bí ngô,khong khop du nguong,"en='Pumpkin jam' gan nhat='Pumpkin, raw' score=0.56"
1106181,Mứt cam có vỏ,khong khop du nguong,"en='Orange marmalade, jellies' gan nhat='Marmalade, orange' score=0.64"
1106182,Mứt chuối,khong khop du nguong,"en='Banana jam' gan nhat='Banana, raw' score=0.56"
1106183,Mứt dứa,khong khop du nguong,"en='Pineapple jam' gan nhat='Pineapple, raw' score=0.57"
1106184,Mứt đu đủ,khong khop du nguong,"en='Papaya jam' gan nhat='Papaya, raw' score=0.56"
1106185,Nhãn nước đường,khong khop du nguong,"en='Longan, canned sweetened' gan nhat='Coconut cream, canned, sweetened' score=0.58"
1106187,Vải nước đường,khong khop du nguong,"en='Litchi, canned sweetened' gan nhat='Coconut cream, canned, sweetened' score=0.57"
1106189,Cá trích hộp,khong khop du nguong,"en='Herring, canned' gan nhat='Cherries, canned' score=0.50"
1106193,"Thịt lợn, thịt bò xay hộp",khong khop du nguong,"en='Pork beef mince canned' gan nhat='Sausage, Vienna, canned, chicken, beef, pork' score=0.54"
1106194,Thịt vịt hầm,khong khop du nguong,"en='Duck, stewed meat' gan nhat='Duck, domesticated, meat only, raw' score=0.55"
1106195,Bánh bích cốt,khong khop du nguong,"en='Whole wheat rusk' gan nhat='Roll, whole wheat' score=0.60"
1106196,Bánh bích quy,khong khop du nguong,"en='Biscuits, plain' gan nhat='Biscuits, plain or buttermilk, dry mix' score=0.67"
1106197,Bánh chả,khong khop du nguong,"en='Small biscuit, fried' gan nhat='Biscuit, NFS' score=0.39"
1106198,Bánh con cá,khong khop du nguong,"en='Small biscuits, fish figured' gan nhat='Fish, catfish, fried' score=0.28"
1106199,Bánh đậu xanh,khong khop du nguong,en='Mungbean cake' gan nhat='Bean cake' score=0.50
1106200,Bánh kem xốp,khong khop du nguong,"en='Wafers filled' gan nhat='Pastry, fruit-filled' score=0.43"
1106201,Bánh khảo chay,khong khop du nguong,"en='Rice cake, plain' gan nhat='Rice cake' score=0.68"
1106202,Bánh quế,khong khop du nguong,"en='Cinnamon waffle (roll)' gan nhat='Waffle, cinnamon' score=0.62"
1106204,Bánh thỏi sô cô la,khong khop du nguong,en='Chocolate sweet' gan nhat='Chocolate syrup' score=0.48
1106205,Bánh trứng nhện,khong khop du nguong,"en='Small biscuit' gan nhat='Biscuit, NFS' score=0.52"
1106208,Kẹo bơ cứng,khong khop du nguong,"en='Toffee, sweets' gan nhat='Cookie, toffee bar' score=0.39"
1106209,Kẹo cà phê,khong khop du nguong,"en='Coffee sweets' gan nhat='Coffee, NS as to type' score=0.51"
1106210,Kẹo cam chanh,khong khop du nguong,"en='Sweets, caramel with citron, orange aroma' gan nhat='Beverages, carbonated, orange' score=0.23"
1106211,Kẹo dừa mềm,khong khop du nguong,"en='Sweets with coconut aroma' gan nhat='Coconut, fresh' score=0.36"
1106212,Kẹo dứa mềm,khong khop du nguong,"en='Pineapple sweets candy' gan nhat='Pineapple, raw' score=0.39"
1106214,Kẹo Pastille (kẹo ngậm bạc hà),khong khop du nguong,"en='Menthol pastille' gan nhat='Pillsbury Golden Layer Buttermilk Biscuits, Artificial Flavor, refrigerated dough' score=0.00"
1106215,Kẹo sô cô la,khong khop du nguong,"en='Sweets with chocolate' gan nhat='Gelato, chocolate' score=0.46"
1106216,Kẹo sữa,khong khop du nguong,"en='Sweets with milk' gan nhat='Milk, NFS' score=0.47"
1106217,Kẹo vừng viên,khong khop du nguong,"en='Sesame candy' gan nhat='Candy, NFS' score=0.50"
1106219,Mứt lạc,khong khop du nguong,"en='Peanut sugar (Jam)' gan nhat='Peanut butter, lower sugar' score=0.54"
1106220,Cary bột,khong khop du nguong,en='Cari powder' gan nhat='Baobab powder' score=0.47
1106221,Gừng khô (bột),khong khop du nguong,"en='Ginger root dried' gan nhat='Mango, dried' score=0.36"
1106225,"Nghệ khô, bột",khong khop du nguong,"en='Turmeric rhizome, dried' gan nhat='Litchis, dried' score=0.35"
1106227,ớt khô bột,khong khop du nguong,"en='Red pepper, dried powder' gan nhat='Egg, white, dried, powder, stabilized, glucose reduced' score=0.38"
1106228,Riềng,khong khop du nguong,"en='Alpinia root' gan nhat='Wasabi, root, raw' score=0.44"
1106230,Mắm tôm đặc,khong khop du nguong,"en='Shrimp sauce, concentrate' gan nhat='Shrimp with lobster sauce' score=0.56"
1106232,Mắm tép chua,khong khop du nguong,en='River shrimp (small) sauce' gan nhat='Shrimp with lobster sauce' score=0.47
1106233,Nước mắm cá (loại đặc biệt),khong khop du nguong,en='Fish sauce (high quality)' gan nhat='Fish sauce' score=0.52
1106234,Nước mắm loại I,khong khop du nguong,"en='Fish sauce liquid, grade I' gan nhat='Fish sauce' score=0.51"
1106235,Nước mắm loại II,khong khop du nguong,en='Fish sauce liquid grade II' gan nhat='Fish sauce' score=0.51
1106237,Nước mắm cô,khong khop du nguong,en='Fish sauce dried' gan nhat='Fish sauce' score=0.69
1106238,Tương ngô,khong khop du nguong,en='Soybean sauce with rice and maize' gan nhat='Beef and rice with cream sauce' score=0.43
1106239,Tương nếp,khong khop du nguong,en='Soybean sauce with glu- tinous rice' gan nhat='Beef and rice with mushroom sauce' score=0.38
1106242,Cô nhắc (cồn 32 g),khong khop du nguong,"en='Cognac (32% alcohol)' gan nhat='Beer, higher alcohol' score=0.40"
1106243,Cốc tain (cồn 13 g),khong khop du nguong,"en='Cocktail (13% alcohol)' gan nhat='Cocktail, NFS' score=0.52"
1106244,Coca cola,khong khop du nguong,"en='Coca Cola' gan nhat='Beverages, The COCA-COLA company, Minute Maid, Lemonade' score=0.57"
1106246,Nước dừa non tươi,khong khop du nguong,"en='Water from immature coconut' gan nhat='Nuts, coconut water (liquid from coconuts)' score=0.53"
1106248,Nước khoáng,khong khop du nguong,"en='Mineral water' gan nhat='Beverages, GEROLSTEINER BRUNNEN GmbH & Co. KG,Gerolsteiner naturally sparkling mineral water,' score=0.55"
1106250,"Rượu cam, chanh (cồn 24,2 g)",khong khop du nguong,"en='Liqueur orange, citron' gan nhat='Orange, raw' score=0.37"
1106251,Rượu nếp (80g/ 24 ml) (cồn 5 g),khong khop du nguong,"en='Rice glutinous Vodka' gan nhat='Rice, white, cooked, glutinous' score=0.59"
1106252,Rượu trắng (cồn 39 g),khong khop du nguong,en='Vodka (39% alcohol)' gan nhat='Vodka' score=0.50
1106253,"Rượu vang đỏ (cồn 9,5 g)",khong khop du nguong,"en='Red wine (9.5% alcohol)' gan nhat='Wine, red' score=0.60"
1106256,"Rượu Whisky (cồn 35,2 g)",khong khop du nguong,en='Whisky liqueur (35.2% alcohol)' gan nhat='Liqueur' score=0.35
1106257,Bánh bao chiên có nhân,khong khop du nguong,"en='Filled steamed bread, fried' gan nhat='Bread, dough, fried' score=0.46"
1106258,Bánh bèo,khong khop du nguong,en='Bloating Fern-shaped cake' gan nhat='Bean cake' score=0.27
1106259,Bánh bột lọc,khong khop du nguong,en='Rice dumpling cake' gan nhat='Rice cake' score=0.67
1106260,Bánh chay,khong khop du nguong,"en='Stuffed sticky rice balls, large' gan nhat='Stuffed tomato, with rice and meat' score=0.39"
1106261,Bánh chín tầng mây,NIN khong co name_en,
1106262,Bánh chưng,khong khop du nguong,en='Stuffed sticky rice cake' gan nhat='Rice cake' score=0.51
1106264,Bánh cốm,khong khop du nguong,en='Young rice cake' gan nhat='Rice cake' score=0.68
1106265,Bánh cuốn nóng nhân thịt,khong khop du nguong,"en='Stuffed pancake, with pork' gan nhat='Pork, chop, stuffed' score=0.53"
1106266,Bánh dẻo nhân thập cẩm,khong khop du nguong,"en='Sticky rice cake (filled with preserved fruit and meat)' gan nhat='Stuffed pepper, with rice and meat' score=0.31"
1106267,Bánh dẻo nhân trứng,khong khop du nguong,en='Sticky rice cake (filled with egg)' gan nhat='Rice cake' score=0.41
1106268,Bánh đúc nguội,khong khop du nguong,"en='Plain rice flan; rice cake made of rice flour, and lime water' gan nhat='Pastry, Chinese, made with rice flour' score=0.37"
1106269,Bánh đúc nóng,khong khop du nguong,"en='Plain rice flan; rice cake made of rice flour, and lime water, hot' gan nhat='Pastry, Chinese, made with rice flour' score=0.34"
1106270,Bánh gai,khong khop du nguong,en='Stuffed sticky rice cake with ramie leaves' gan nhat='Grape leaves stuffed with rice' score=0.46
1106271,Bánh gio,khong khop du nguong,en='Sticky rice cake with ash water' gan nhat='Rice cake' score=0.41
1106272,Bánh giò,khong khop du nguong,"en='Pyramidal rice dump- ling (filled with meat, onion, mushroom), meat pie' gan nhat='Chiles rellenos, filled with meat and cheese' score=0.26"
1106273,Bánh khoai,khong khop du nguong,"en='Cake made of sweet potato meal (mixed with rice flour' gan nhat='Bread, gluten-free, white, made with potato extract, rice starch, and rice flour' score=0.42"
1106274,Bánh khoái,khong khop du nguong,"en='Plain rice flan' gan nhat='Cereal, rice crispy, plain' score=0.53"
1106275,Bánh khoai sọ chiên,khong khop du nguong,"en='Taro cake, fried' gan nhat='Pickles, fried' score=0.36"
1106276,Bánh khúc,khong khop du nguong,"en='Cake made of glutinous rice mixed with everlasting gnaphalium leaves (filled with green bean paste and sprinkled with grains of cooked glutinous rice)' gan nhat='Pastry, made with bean paste and salted egg yolk filling, baked' score=0.22"
1106277,Bánh mè,khong khop du nguong,"en='Bread with egg and sesame seed, fried' gan nhat='Bread, egg' score=0.40"
1106278,Bánh mì xíu mại,khong khop du nguong,"en='Bread with egg and beef' gan nhat='Bread, egg' score=0.65"
1106279,Bánh mỳ patê,khong khop du nguong,"en='Bread with pate' gan nhat='Bread, wheat' score=0.49"
1106280,Bánh nếp,khong khop du nguong,en='Sticky rice cake' gan nhat='Rice cake' score=0.68
1106281,Bánh nướng nhân thập cẩm,khong khop du nguong,"en='Pie filled with various fruit and meat' gan nhat='Pie, fried pies, fruit' score=0.39"
1106282,Bánh nướng nhân trứng đỗ xanh,khong khop du nguong,"en='Pie filled with egg and mungbean' gan nhat='Turnover, filled with egg, meat and cheese, frozen' score=0.42"
1106283,"Bánh phu thê (su sê, xu xuê)",khong khop du nguong,"en='Yellow-coloured wedding pastry' gan nhat='Yellow rice, cooked, NS as to fat' score=0.28"
1106284,Bánh rán bọc đường,khong khop du nguong,"en='Rice cake, fried with sugar' gan nhat='Rice, fried, NFS' score=0.52"
1106285,Bánh tẻ,khong khop du nguong,"en='Rice cake,, filled with meat' gan nhat='Rice cake' score=0.50"
1106286,Bánh tôm,khong khop du nguong,"en='Crisp shrimp pastry' gan nhat='Shrimp, NFS' score=0.38"
1106287,Bánh trôi,khong khop du nguong,"en='Stuffed sticky rice balls' gan nhat='Stuffed tomato, with rice, meatless' score=0.46"
1106288,Bún bò Nam bộ,khong khop du nguong,"en='Vermicelli noodles with beef, southern style' gan nhat='Beef and noodles with gravy' score=0.46"
1106289,Bún chả,khong khop du nguong,"en='Vermicelli noodles with grilled pork' gan nhat='Pork chow mein or chop suey, no noodles' score=0.36"
1106290,Bún cua,khong khop du nguong,"en='Vermicelli noodles with fresh water crab' gan nhat='Rice noodles, cooked' score=0.27"
1106291,Bún đậu,khong khop du nguong,"en='Vermicelli noodles with tofu, dried' gan nhat='Tofu, dried-frozen (koyadofu)' score=0.40"
1106292,Bún dọc mùng,khong khop du nguong,en='Vermicelli noodles with giant elephant ear stem' gan nhat='Macaroni or noodles with cheese' score=0.21
1106293,Bún nem,khong khop du nguong,"en='Vermicelli noodles with pork rolls' gan nhat='Egg rolls, pork, refrigerated, heated' score=0.38"
1106294,Bún ốc,khong khop du nguong,"en='Vermicelli noodles with snail' gan nhat='Rice noodles, cooked' score=0.34"
1106295,Caramen,khong khop du nguong,"en='Caramel cake' gan nhat='Crab, cake' score=0.49"
1106296,Cháo lòng,khong khop du nguong,"en='Pig’s tripes soup' gan nhat='Soup, NFS' score=0.33"
1106297,Cháo sườn,khong khop du nguong,"en='Rice soup with pork rips' gan nhat='Soup, rice' score=0.48"
1106298,Cháo trai,khong khop du nguong,"en='Rice soup with clams' gan nhat='Soup, rice' score=0.63"
1106299,Chè bưởi,khong khop du nguong,"en='Sweets gruel with pomelo flavor' gan nhat='Pate, truffle flavor' score=0.26"
1106300,Chè chuối,khong khop du nguong,"en='Sweets gruel with banana' gan nhat='Banana, raw' score=0.34"
1106301,Chè cốm,khong khop du nguong,en='Sweets gruel with young rice' gan nhat='Gumbo with rice' score=0.29
1106302,Chè đỗ đen,khong khop du nguong,"en='Sweets gruel with black bean' gan nhat='Black beans, NFS' score=0.27"
1106303,Chè đỗ đỏ,khong khop du nguong,"en='Sweets gruel with red bean' gan nhat='Pears, raw, red anjou' score=0.27"
1106304,Chè đỗ xanh,khong khop du nguong,"en='Sweets gruel with mungbean' gan nhat='Pillsbury Golden Layer Buttermilk Biscuits, Artificial Flavor, refrigerated dough' score=0.00"
1106305,Chè hạt sen,khong khop du nguong,"en='Sweets gruel with lotus seed' gan nhat='Seeds, lotus seeds, raw' score=0.30"
1106306,Chè khoai sọ,khong khop du nguong,"en='Sweets gruel with taro' gan nhat='Taro, raw' score=0.32"
1106307,Chè ngô cốm,khong khop du nguong,"en='Sweets gruel with corn and young rice seeds' gan nhat='Cowpeas, young pods with seeds, raw' score=0.32"
1106308,Chè sắn,khong khop du nguong,"en='Sweets gruel with Kudzu root' gan nhat='Soft drink, root beer' score=0.25"
1106309,Chè Thái,khong khop du nguong,"en='Sweets gruel, Thailand style' gan nhat='Pillsbury Golden Layer Buttermilk Biscuits, Artificial Flavor, refrigerated dough' score=0.00"
1106311,Gà tần,khong khop du nguong,"en='Stewed chicken with medicinal herbs' gan nhat='Chicken wing, stewed' score=0.46"
1106312,Miến lươn,khong khop du nguong,"en='Vermicelli made of cassava, with eels' gan nhat='Vermicelli, made from soy' score=0.46"
1106313,Miến ngan,khong khop du nguong,"en='Vermicelli made of cassava, with goose meat' gan nhat='Vermicelli, made from soybeans' score=0.40"
1106315,Mỳ xào,khong khop du nguong,"en='Instant noodle, fried with vegetable and meat' gan nhat='Chicken, fried, with potatoes, vegetable, dessert, frozen meal, large meat portion' score=0.44"
1106316,Nem lụi,khong khop du nguong,"en='Roll pork meat, grilled' gan nhat='Pork, roll' score=0.50"
1106317,Nem rán,khong khop du nguong,"en='Spring roll, fried' gan nhat='Roll with meat and/or shrimp, vegetables and rice paper, not fried' score=0.40"
1106318,Nộm tai lợn,khong khop du nguong,en='Pork ear salad' gan nhat='Ham or pork salad' score=0.60
1106319,Phở bò chín,khong khop du nguong,"en='Rice noodle with beef, cooked' gan nhat='Beef and rice with gravy' score=0.54"
1106320,Phở bò tái,khong khop du nguong,"en='Rice noodle with beef, rare' gan nhat='Rice, fried, with beef' score=0.50"
1106321,Phở gà,khong khop du nguong,"en='Rice noodle with chicken' gan nhat='Rice, fried, with chicken' score=0.63"
1106322,Thịt xiên nướng,khong khop du nguong,"en='Pork meat, grilled' gan nhat='Frankfurter, meat and poultry, cooked, grilled' score=0.53"
1106323,Xôi đỗ xanh,khong khop du nguong,"en='Sticky rice with mungbean, cooked' gan nhat='Rice, cooked, NFS' score=0.36"
1106324,Xôi gấc,khong khop du nguong,"en='Sticky rice with Gac fruit, cooked' gan nhat='Baby Toddler cereal, rice with fruit, dry' score=0.41"
1106325,Xôi lạc,khong khop du nguong,"en='Sticky rice with peanut, cooked' gan nhat='Cookie, peanut butter with rice cereal, no bake' score=0.46"
1106326,Xôi ngô,khong khop du nguong,"en='Sticky rice with corn, cooked' gan nhat='Rice, white, with corn, NS as to fat' score=0.53"
1106327,Xôi xéo,khong khop du nguong,"en='Sticky rice with mungbean paste, cooked' gan nhat='Bean paste, sweetened' score=0.26"
